vin,price,mileage,year,horsepower,engine_displacement,daysonmarket,body_type,make_name,model_name,city,engine_type,fuel_type,transmission,wheel_system,franchise_dealer,is_new,back_legroom_in,front_legroom_in,height_in,width_in,wheelbase_in
SAMPLE00000000,35599.71,59045.0,2018,154.4,2500,36,Sedan,Honda,Camry,Los Angeles,I4,Hybrid,A,RWD,False,True,40.3,39.8,59.6,72.9,116.4
SAMPLE00000001,67289.29,71015.0,2015,136.1,1500,459,Sedan,Ford,3 Series,Los Angeles,I4,Diesel,M,AWD,True,True,40.0,38.5,73.5,74.1,114.3
SAMPLE00000002,55259.67,128182.0,2013,143.1,2000,216,Sedan,Toyota,Altima,Los Angeles,I4,Gasoline,A,RWD,False,False,40.7,42.4,60.6,70.9,119.3
SAMPLE00000003,47926.22,51001.0,2016,298.3,2500,224,SUV / Crossover,BMW,Civic,Los Angeles,I6,Diesel,M,FWD,False,False,41.0,39.9,55.7,81.7,113.7
SAMPLE00000004,23581.03,130447.0,2022,298.4,3500,486,Coupe,Ford,Civic,Phoenix,I4,Gasoline,A,FWD,False,True,40.4,38.2,67.0,70.9,113.8
SAMPLE00000005,23579.7,13220.0,2022,354.4,2500,215,Coupe,BMW,Altima,Phoenix,I4,Diesel,M,AWD,True,False,40.7,38.9,71.4,76.8,118.0
SAMPLE00000006,18194.6,116520.0,2014,325.5,3000,138,Sedan,Toyota,3 Series,New York,I4,Hybrid,A,RWD,True,False,37.5,44.6,59.5,76.0,106.0
SAMPLE00000007,62639.69,127132.0,2020,234.9,2000,105,Truck,Ford,F-150,Phoenix,I6,Gasoline,M,FWD,True,True,39.4,44.1,56.6,83.6,100.0
SAMPLE00000008,48061.33,27273.0,2017,283.9,3500,98,SUV / Crossover,Chevrolet,Silverado,Los Angeles,I6,Diesel,M,AWD,True,False,36.0,43.8,67.7,84.8,114.3
SAMPLE00000009,53943.99,64552.0,2012,306.5,2000,167,Truck,Honda,Camry,Los Angeles,V6,Diesel,M,AWD,False,False,40.8,40.4,58.4,83.4,103.1
SAMPLE00000010,16132.15,24825.0,2014,253.8,2000,448,Truck,Ford,Altima,Phoenix,I4,Diesel,A,AWD,False,True,40.7,43.0,59.2,80.5,105.7
SAMPLE00000011,68345.04,105991.0,2015,242.7,1500,263,Sedan,Ford,Altima,Houston,V6,Gasoline,M,RWD,False,True,33.6,44.7,71.2,75.3,116.5
SAMPLE00000012,60784.35,80302.0,2020,293.5,2500,86,Hatchback,Toyota,3 Series,New York,I6,Diesel,A,AWD,False,True,36.1,42.0,69.1,70.2,115.6
SAMPLE00000013,26678.65,95299.0,2022,267.2,2000,83,Sedan,Chevrolet,3 Series,Chicago,V6,Gasoline,M,RWD,False,False,34.5,40.3,76.8,82.8,109.5
SAMPLE00000014,25000.37,29473.0,2017,293.2,2000,223,Hatchback,Ford,F-150,New York,I6,Gasoline,A,AWD,True,False,34.2,43.6,62.4,80.2,102.1
SAMPLE00000015,25087.25,31762.0,2015,283.9,3000,10,SUV / Crossover,Chevrolet,Camry,New York,V6,Hybrid,A,RWD,False,True,36.7,41.0,59.9,70.2,106.0
SAMPLE00000016,31733.32,6225.0,2012,315.8,3000,326,Hatchback,BMW,3 Series,New York,I4,Hybrid,M,FWD,True,False,38.6,42.0,70.1,69.5,109.5
SAMPLE00000017,43861.6,48310.0,2019,292.8,3000,185,Sedan,Ford,F-150,Phoenix,I6,Diesel,A,RWD,True,False,36.1,41.8,77.4,79.5,115.4
SAMPLE00000018,38756.98,83962.0,2022,255.9,2000,349,Sedan,Chevrolet,Altima,New York,I6,Gasoline,A,FWD,True,False,35.8,39.5,67.7,83.4,119.7
SAMPLE00000019,31017.6,128690.0,2013,304.5,3500,378,Truck,Honda,Silverado,Los Angeles,I6,Diesel,M,FWD,True,False,33.9,38.0,61.8,71.6,112.5
SAMPLE00000020,48651.91,100039.0,2022,234.8,2500,431,Sedan,Toyota,Civic,New York,I4,Gasoline,A,AWD,True,False,36.4,45.0,75.9,75.0,101.1
SAMPLE00000021,22672.16,65309.0,2022,172.5,2000,230,Sedan,Nissan,Silverado,Los Angeles,I4,Gasoline,A,FWD,True,False,37.2,40.9,69.0,84.4,104.4
SAMPLE00000022,31067.96,142968.0,2019,100.4,1500,140,Coupe,Chevrolet,Silverado,Phoenix,I6,Diesel,A,RWD,False,True,36.6,40.0,59.9,84.1,105.2
SAMPLE00000023,35149.9,107887.0,2017,268.0,3500,105,Coupe,Toyota,Silverado,Phoenix,I6,Gasoline,M,FWD,False,True,39.1,43.4,76.8,79.9,112.7
SAMPLE00000024,40083.85,139525.0,2019,277.2,3500,252,Truck,Nissan,Silverado,New York,I4,Diesel,A,RWD,False,True,35.6,42.1,61.3,76.1,100.4
SAMPLE00000025,58184.68,79138.0,2017,391.6,2500,443,Hatchback,Ford,Civic,Los Angeles,I4,Gasoline,M,RWD,False,False,39.4,44.2,75.7,74.3,110.1
SAMPLE00000026,25982.06,38836.0,2016,208.4,3500,48,Hatchback,Ford,Altima,Los Angeles,I4,Diesel,M,RWD,True,False,40.9,43.5,69.1,74.6,119.9
SAMPLE00000027,43282.89,7924.0,2016,218.2,2500,450,Coupe,BMW,Camry,Los Angeles,I4,Diesel,M,AWD,False,True,38.3,40.0,66.6,76.6,115.4
SAMPLE00000028,47582.8,108913.0,2021,160.5,3500,262,SUV / Crossover,Toyota,Camry,Los Angeles,I4,Hybrid,M,RWD,True,False,36.5,42.1,62.6,79.7,115.4
SAMPLE00000029,17554.77,18195.0,2021,121.2,2500,490,Coupe,Honda,Altima,Chicago,I4,Hybrid,A,AWD,True,False,34.6,41.5,57.7,76.7,114.9
SAMPLE00000030,48414.97,45416.0,2022,331.8,3000,204,SUV / Crossover,Honda,F-150,Phoenix,V6,Gasoline,A,FWD,False,False,41.4,44.7,60.6,71.9,113.7
SAMPLE00000031,24378.83,79871.0,2019,174.9,3000,356,Hatchback,Chevrolet,F-150,Los Angeles,I4,Diesel,A,FWD,True,False,39.8,39.7,62.6,80.8,106.0
SAMPLE00000032,18577.84,84662.0,2018,282.7,3500,408,Coupe,Honda,3 Series,Chicago,I4,Diesel,A,AWD,False,True,35.2,40.0,61.6,75.7,115.7
SAMPLE00000033,67188.7,90087.0,2019,306.3,3500,406,Sedan,Nissan,Silverado,Chicago,I6,Diesel,A,FWD,False,False,34.4,44.4,56.7,77.7,112.9
SAMPLE00000034,68109.76,24938.0,2019,241.4,2500,50,SUV / Crossover,Toyota,Silverado,Phoenix,I6,Diesel,M,FWD,False,False,33.4,41.2,68.3,81.2,104.6
SAMPLE00000035,59461.85,56961.0,2018,362.9,2500,174,SUV / Crossover,Ford,Civic,Houston,V6,Diesel,M,FWD,False,False,34.7,41.2,65.9,74.5,119.6
SAMPLE00000036,31753.76,92579.0,2013,233.1,2000,224,SUV / Crossover,Toyota,Silverado,New York,I4,Gasoline,M,FWD,False,False,39.6,44.1,57.4,83.8,119.7
SAMPLE00000037,20371.97,145473.0,2022,185.5,3000,260,Hatchback,Toyota,Civic,Phoenix,I6,Hybrid,A,RWD,False,False,38.7,40.1,65.7,76.7,107.5
SAMPLE00000038,52632.82,109145.0,2020,368.8,2000,479,Truck,Ford,3 Series,Houston,I6,Diesel,M,FWD,False,True,41.7,42.9,56.8,80.0,115.1
SAMPLE00000039,39208.39,138391.0,2018,358.5,2000,221,Sedan,Nissan,F-150,New York,V6,Diesel,A,RWD,False,False,35.9,43.1,76.4,80.8,113.6
SAMPLE00000040,21712.1,114332.0,2022,149.2,1500,222,Coupe,Toyota,F-150,New York,I4,Diesel,A,FWD,True,True,40.1,41.1,61.0,74.2,111.7
SAMPLE00000041,42234.73,88758.0,2017,107.8,2500,268,SUV / Crossover,Honda,3 Series,New York,I6,Gasoline,A,AWD,False,True,34.1,40.3,71.7,72.4,103.6
SAMPLE00000042,16891.37,28804.0,2020,127.0,1500,297,Hatchback,Chevrolet,3 Series,Chicago,I4,Hybrid,M,AWD,True,False,38.1,43.2,60.8,83.7,109.4
SAMPLE00000043,65012.62,100003.0,2012,186.0,1500,380,SUV / Crossover,Chevrolet,Altima,Los Angeles,V6,Hybrid,M,RWD,True,False,37.2,39.8,65.9,73.3,114.6
SAMPLE00000044,29232.9,93507.0,2022,391.7,2000,388,Coupe,Toyota,Silverado,New York,V6,Diesel,M,AWD,False,False,40.5,43.7,76.5,69.9,119.8
SAMPLE00000045,51438.73,90370.0,2013,267.6,1500,406,Sedan,Nissan,F-150,Los Angeles,I4,Gasoline,M,RWD,False,True,39.3,40.9,75.0,76.4,112.3
SAMPLE00000046,32144.11,73468.0,2012,212.0,2500,317,SUV / Crossover,Ford,Camry,New York,V6,Hybrid,M,FWD,False,False,34.7,38.1,72.9,82.0,115.0
SAMPLE00000047,43603.74,79298.0,2021,366.6,2000,384,Hatchback,BMW,3 Series,Chicago,I6,Hybrid,A,AWD,False,True,41.9,42.0,73.2,72.8,118.3
SAMPLE00000048,45069.07,50166.0,2014,235.9,2500,73,Hatchback,Nissan,F-150,New York,V6,Gasoline,M,RWD,False,True,40.4,39.4,73.9,76.4,112.3
SAMPLE00000049,25167.0,77897.0,2022,194.6,3500,113,Truck,Toyota,F-150,Phoenix,V6,Hybrid,M,RWD,True,False,36.2,41.3,72.1,74.1,115.3
SAMPLE00000050,68327.15,29633.0,2016,382.4,1500,218,Hatchback,Toyota,Civic,Houston,I4,Gasoline,M,FWD,False,False,40.4,43.7,75.6,68.4,109.2
SAMPLE00000051,57632.31,120776.0,2012,354.9,2000,53,Truck,BMW,F-150,New York,I6,Hybrid,A,FWD,False,False,41.6,39.3,63.1,70.3,105.8
SAMPLE00000052,66672.44,27867.0,2015,353.1,3000,199,Sedan,Chevrolet,3 Series,Houston,I4,Gasoline,M,AWD,True,False,41.0,39.5,67.1,81.5,109.9
SAMPLE00000053,64215.5,12745.0,2019,253.7,2500,371,Coupe,Nissan,Silverado,Houston,I4,Diesel,M,RWD,True,True,38.0,41.3,69.9,83.9,101.8
SAMPLE00000054,47884.5,65437.0,2017,336.8,1500,130,Truck,Chevrolet,F-150,Chicago,I4,Hybrid,A,FWD,True,True,38.2,41.3,59.5,68.1,118.6
SAMPLE00000055,65703.08,98746.0,2012,153.8,2500,338,SUV / Crossover,BMW,Camry,Houston,V6,Hybrid,M,AWD,True,True,34.0,41.2,66.6,82.6,106.2
SAMPLE00000056,19867.09,65658.0,2012,272.0,2500,191,SUV / Crossover,Ford,3 Series,Chicago,V6,Hybrid,A,RWD,True,True,34.5,42.9,57.9,80.3,109.2
SAMPLE00000057,25779.06,41513.0,2014,395.2,3500,178,Coupe,Toyota,Silverado,New York,I4,Gasoline,A,FWD,False,True,41.8,39.9,69.1,79.6,113.1
SAMPLE00000058,17487.5,83726.0,2021,187.3,2500,385,Hatchback,Honda,Altima,Los Angeles,V6,Hybrid,M,AWD,False,False,39.9,39.8,57.2,75.3,110.1
SAMPLE00000059,32893.17,52050.0,2019,338.3,3500,304,SUV / Crossover,Chevrolet,Silverado,Chicago,V6,Hybrid,M,AWD,True,True,33.2,38.2,66.6,73.6,105.7
SAMPLE00000060,36377.25,139930.0,2022,247.1,3500,286,Truck,Chevrolet,3 Series,Houston,I4,Gasoline,M,FWD,True,False,37.9,40.7,65.6,75.0,119.7
SAMPLE00000061,29924.2,138397.0,2022,111.9,3500,239,Coupe,Nissan,Altima,Houston,I6,Hybrid,A,FWD,False,True,36.1,39.4,57.6,78.2,117.0
SAMPLE00000062,60580.56,75356.0,2019,328.9,1500,244,SUV / Crossover,Chevrolet,Silverado,New York,I6,Hybrid,M,RWD,True,True,35.8,42.1,65.1,84.1,102.1
SAMPLE00000063,34621.43,49183.0,2014,150.6,2500,329,Hatchback,Ford,Camry,Chicago,V6,Gasoline,A,RWD,True,True,38.0,39.3,70.6,71.5,107.3
SAMPLE00000064,30451.4,110570.0,2018,289.4,2500,116,Hatchback,BMW,F-150,New York,I6,Gasoline,A,FWD,True,False,35.9,44.3,68.7,84.6,103.9
SAMPLE00000065,44848.28,5507.0,2014,125.7,3500,207,SUV / Crossover,Ford,3 Series,Chicago,I6,Gasoline,M,AWD,True,True,35.3,43.9,65.5,72.0,109.6
SAMPLE00000066,22750.83,71215.0,2015,384.1,2500,484,Coupe,Chevrolet,F-150,Los Angeles,V6,Hybrid,M,FWD,False,True,41.4,43.4,63.4,82.4,104.2
SAMPLE00000067,59120.83,50449.0,2020,187.5,2500,211,Sedan,Nissan,F-150,Phoenix,I6,Diesel,A,RWD,True,True,33.4,43.7,56.3,79.2,106.2
SAMPLE00000068,19100.29,138080.0,2015,167.9,3500,258,SUV / Crossover,Toyota,Silverado,New York,V6,Gasoline,M,RWD,True,True,36.9,44.7,77.0,80.7,110.4
SAMPLE00000069,69278.78,1800.0,2014,138.7,3000,379,Hatchback,Chevrolet,3 Series,Houston,I4,Hybrid,A,FWD,True,True,37.6,40.2,64.3,82.1,102.9
SAMPLE00000070,57473.46,82922.0,2016,383.8,3000,162,Sedan,Toyota,F-150,New York,I6,Diesel,M,RWD,True,True,37.0,44.9,64.6,68.2,117.2
SAMPLE00000071,25929.36,111100.0,2018,313.6,3500,225,Coupe,Nissan,Civic,Chicago,I4,Diesel,M,AWD,True,True,38.9,44.2,58.0,80.3,107.3
SAMPLE00000072,15303.72,72753.0,2016,322.5,1500,340,Hatchback,Toyota,Camry,New York,I4,Gasoline,M,RWD,False,True,33.2,40.5,67.3,84.9,118.3
SAMPLE00000073,59850.38,12810.0,2015,249.8,2500,419,Coupe,Chevrolet,Altima,Los Angeles,V6,Gasoline,M,AWD,False,True,41.0,44.0,77.5,76.4,100.6
SAMPLE00000074,53877.15,145869.0,2019,242.4,2500,63,SUV / Crossover,Chevrolet,Silverado,Chicago,I6,Gasoline,A,RWD,False,True,37.5,44.3,60.8,77.2,115.4
SAMPLE00000075,55095.39,77702.0,2015,133.0,3000,415,Coupe,Toyota,3 Series,Houston,I6,Gasoline,A,AWD,False,False,38.0,38.3,62.2,69.8,117.3
SAMPLE00000076,57419.87,92128.0,2013,268.0,3500,245,Hatchback,Ford,3 Series,Houston,I6,Gasoline,A,FWD,False,True,37.2,44.1,60.4,73.8,119.7
SAMPLE00000077,19072.46,35491.0,2021,174.1,1500,17,SUV / Crossover,Ford,Silverado,Chicago,I6,Hybrid,A,AWD,True,True,37.0,41.0,74.9,78.4,102.6
SAMPLE00000078,34715.62,72525.0,2017,393.1,3500,33,Hatchback,Nissan,F-150,Los Angeles,V6,Hybrid,A,FWD,True,False,34.7,43.7,65.9,70.0,108.7
SAMPLE00000079,21372.8,64372.0,2013,339.0,3000,311,Hatchback,Ford,Silverado,New York,I4,Gasoline,A,RWD,False,True,37.5,38.8,73.9,73.7,115.2
SAMPLE00000080,62470.69,11234.0,2014,223.9,3000,485,Sedan,Honda,3 Series,Phoenix,I6,Hybrid,M,AWD,False,True,36.8,39.2,74.6,73.9,110.3
SAMPLE00000081,49281.4,15924.0,2012,145.4,2500,322,Truck,Toyota,Civic,Houston,I6,Gasoline,M,AWD,True,False,37.2,44.9,72.2,81.8,116.4
SAMPLE00000082,33199.39,125621.0,2016,335.6,2000,180,Coupe,Honda,F-150,Los Angeles,V6,Gasoline,A,RWD,False,False,33.1,40.9,61.0,77.1,119.7
SAMPLE00000083,18495.71,35973.0,2020,136.6,1500,450,Coupe,Honda,Altima,Los Angeles,I6,Diesel,A,RWD,False,False,34.2,43.6,55.8,77.4,115.1
SAMPLE00000084,32104.03,29244.0,2013,156.8,1500,346,Sedan,Toyota,Silverado,Los Angeles,I6,Gasoline,A,AWD,False,False,39.9,43.3,58.3,72.8,114.8
SAMPLE00000085,32885.08,75737.0,2018,163.5,2000,193,Coupe,Honda,3 Series,New York,I4,Diesel,A,FWD,False,False,36.8,43.5,71.0,73.3,111.4
SAMPLE00000086,55128.34,115312.0,2016,267.1,3000,191,Sedan,Nissan,Altima,Los Angeles,I6,Hybrid,A,RWD,True,True,39.7,43.4,72.0,75.7,109.3
SAMPLE00000087,50065.66,9292.0,2013,336.1,3500,66,Coupe,Nissan,3 Series,Los Angeles,I6,Gasoline,A,AWD,False,True,34.5,44.4,72.6,81.9,116.7
SAMPLE00000088,63796.7,86521.0,2019,194.3,1500,208,Coupe,Toyota,3 Series,Chicago,I4,Diesel,M,RWD,False,True,39.3,42.1,60.6,73.4,104.7
SAMPLE00000089,40971.82,17882.0,2022,125.4,2000,365,Hatchback,BMW,Civic,Chicago,I6,Diesel,M,RWD,False,True,35.6,41.0,58.5,73.5,117.2
SAMPLE00000090,21577.68,5469.0,2017,239.4,2500,166,Sedan,BMW,F-150,Los Angeles,I4,Hybrid,A,FWD,False,True,39.3,44.5,76.2,77.7,116.7
SAMPLE00000091,54228.46,7912.0,2015,324.4,2500,245,Coupe,Toyota,Silverado,Los Angeles,V6,Diesel,A,FWD,True,False,33.8,40.5,70.3,82.3,114.7
SAMPLE00000092,56843.18,125125.0,2015,166.5,3000,244,Truck,Toyota,F-150,Chicago,I4,Gasoline,M,FWD,True,True,36.0,42.4,72.1,76.6,113.9
SAMPLE00000093,45870.25,17696.0,2013,166.0,1500,165,Sedan,Toyota,3 Series,New York,I4,Gasoline,M,AWD,True,True,34.1,44.0,57.2,70.2,100.2
SAMPLE00000094,57403.19,6773.0,2014,384.2,3500,295,Sedan,Ford,Civic,Chicago,I6,Diesel,M,RWD,True,False,38.7,44.4,64.5,83.6,119.8
SAMPLE00000095,42158.76,65685.0,2018,386.2,1500,402,Sedan,Toyota,Altima,Chicago,I6,Gasoline,M,FWD,False,True,36.5,44.6,56.5,76.0,107.8
SAMPLE00000096,43750.31,126599.0,2014,397.1,2500,210,Hatchback,Nissan,Civic,Chicago,I6,Gasoline,M,AWD,True,False,33.7,42.6,70.1,81.2,107.6
SAMPLE00000097,38514.76,39361.0,2016,342.3,1500,491,Sedan,Nissan,3 Series,Chicago,I6,Diesel,A,FWD,False,True,37.7,43.0,66.3,68.7,119.8
SAMPLE00000098,16398.05,63257.0,2021,156.5,2500,132,Hatchback,Chevrolet,F-150,Phoenix,I4,Hybrid,M,FWD,True,True,33.2,41.5,65.4,82.2,104.8
SAMPLE00000099,20934.03,5988.0,2017,163.6,2000,196,Truck,BMW,Altima,Houston,V6,Hybrid,M,RWD,True,False,40.4,40.0,75.8,69.0,119.1
SAMPLE00000100,16728.61,67362.0,2017,202.1,2000,397,SUV / Crossover,BMW,F-150,New York,I6,Gasoline,M,AWD,False,False,41.4,38.1,72.0,84.4,107.7
SAMPLE00000101,50002.57,86642.0,2015,195.4,2500,346,Hatchback,Toyota,Civic,New York,I4,Diesel,M,RWD,False,False,40.3,39.6,77.2,83.1,102.0
SAMPLE00000102,32289.58,85636.0,2017,387.0,3500,48,Coupe,BMW,Altima,Los Angeles,V6,Gasoline,M,FWD,True,True,41.6,44.9,56.1,72.5,110.5
SAMPLE00000103,42971.39,49864.0,2014,336.7,3500,63,Sedan,Toyota,Camry,Phoenix,V6,Gasoline,M,RWD,True,True,41.1,43.6,69.2,71.8,114.1
SAMPLE00000104,64916.16,47330.0,2018,317.2,1500,111,SUV / Crossover,Toyota,Civic,Los Angeles,V6,Diesel,M,AWD,False,False,41.1,41.4,69.5,81.3,112.2
SAMPLE00000105,28711.07,15994.0,2018,155.8,2500,355,Hatchback,BMW,Altima,New York,I4,Hybrid,M,FWD,False,False,35.2,40.4,55.6,70.6,119.0
SAMPLE00000106,37571.06,55020.0,2015,372.9,3000,184,Coupe,BMW,Civic,New York,I6,Gasoline,M,FWD,False,False,35.1,38.5,73.1,82.8,107.7
SAMPLE00000107,56555.31,14924.0,2013,348.4,3500,103,SUV / Crossover,Chevrolet,Silverado,Los Angeles,I4,Hybrid,M,FWD,False,True,40.3,38.1,58.5,68.5,108.8
SAMPLE00000108,27583.9,114989.0,2022,149.1,3500,418,Truck,Honda,Civic,Houston,I6,Gasoline,M,FWD,False,True,37.4,43.3,71.1,79.1,104.9
SAMPLE00000109,19233.9,144941.0,2018,361.4,2000,212,Hatchback,Chevrolet,Camry,Los Angeles,V6,Diesel,A,AWD,False,False,41.5,44.9,55.9,72.4,111.6
SAMPLE00000110,30936.33,145511.0,2014,181.7,3500,4,Hatchback,Chevrolet,Altima,Houston,V6,Diesel,M,RWD,False,True,41.1,39.8,69.1,82.3,118.8
SAMPLE00000111,23867.17,129761.0,2012,124.3,3500,118,Truck,BMW,Altima,Houston,I4,Hybrid,M,AWD,False,True,41.0,39.9,67.0,74.4,106.9
SAMPLE00000112,66133.37,90119.0,2013,297.0,3500,343,Hatchback,Nissan,Civic,Chicago,V6,Gasoline,A,FWD,True,False,35.9,44.5,66.1,75.4,102.3
SAMPLE00000113,59446.62,105130.0,2021,296.1,2500,248,Sedan,Chevrolet,F-150,New York,I4,Diesel,M,AWD,False,True,34.2,42.2,63.4,70.5,107.3
SAMPLE00000114,49837.21,42781.0,2020,128.5,2500,166,Hatchback,Nissan,Silverado,Chicago,I6,Gasoline,M,FWD,False,False,39.1,39.2,64.7,78.6,117.7
SAMPLE00000115,62930.33,94616.0,2019,195.7,2000,382,Sedan,BMW,Silverado,New York,V6,Gasoline,M,FWD,True,False,37.0,38.3,66.0,76.0,118.0
SAMPLE00000116,59201.96,68347.0,2017,397.8,1500,241,Hatchback,Ford,Civic,Chicago,I6,Hybrid,A,RWD,False,False,41.4,41.9,61.8,68.1,102.4
SAMPLE00000117,25261.35,72303.0,2017,303.5,3500,279,Coupe,Toyota,Silverado,Houston,V6,Gasoline,A,FWD,False,False,40.7,41.2,76.5,80.4,115.3
SAMPLE00000118,64090.74,113666.0,2012,319.0,1500,423,Coupe,Honda,Silverado,Chicago,I6,Gasoline,A,AWD,False,True,41.4,41.0,77.2,70.2,102.8
SAMPLE00000119,44663.82,42288.0,2013,163.9,2500,362,SUV / Crossover,Nissan,Civic,Phoenix,V6,Hybrid,M,AWD,True,True,38.1,44.8,61.9,76.9,117.7
SAMPLE00000120,59409.21,47706.0,2015,123.6,3500,237,Coupe,Ford,Camry,Chicago,I6,Diesel,A,RWD,False,True,37.7,39.8,72.9,77.2,109.5
SAMPLE00000121,64285.02,138696.0,2014,183.1,1500,305,Truck,Nissan,Altima,Chicago,V6,Gasoline,M,RWD,True,False,40.6,41.4,72.3,73.1,118.0
SAMPLE00000122,32490.19,8434.0,2012,174.7,1500,204,SUV / Crossover,Toyota,Civic,Chicago,I4,Gasoline,A,FWD,False,False,37.6,39.5,75.1,71.9,101.5
SAMPLE00000123,21052.86,72845.0,2019,170.4,3000,485,Coupe,Toyota,F-150,Phoenix,I6,Diesel,M,FWD,True,True,41.1,40.3,55.1,73.3,101.5
SAMPLE00000124,27536.43,136920.0,2018,157.8,2500,492,Sedan,Honda,3 Series,New York,I6,Hybrid,A,FWD,True,False,33.3,43.4,62.8,74.8,118.7
SAMPLE00000125,38490.93,91554.0,2015,272.4,2000,313,Hatchback,Chevrolet,Camry,Chicago,I4,Diesel,A,FWD,False,False,36.2,39.4,58.3,83.9,115.4
SAMPLE00000126,59990.81,81961.0,2020,198.4,2000,0,Coupe,Toyota,Civic,New York,I4,Gasoline,M,AWD,True,False,40.5,42.7,64.0,79.4,102.9
SAMPLE00000127,62340.18,37462.0,2022,346.1,3000,170,Sedan,Honda,Camry,Los Angeles,I4,Gasoline,M,FWD,True,False,34.9,38.9,68.2,84.4,117.8
SAMPLE00000128,15382.37,51491.0,2015,155.2,1500,166,SUV / Crossover,Nissan,3 Series,Houston,V6,Hybrid,M,RWD,True,True,36.6,39.3,75.9,69.4,117.1
SAMPLE00000129,43091.1,127807.0,2012,239.4,3000,393,Hatchback,Nissan,Silverado,Los Angeles,I4,Hybrid,M,AWD,True,False,33.1,38.2,74.3,68.8,110.8
SAMPLE00000130,37957.61,83883.0,2021,104.1,3000,257,Coupe,Nissan,Silverado,Phoenix,V6,Diesel,M,AWD,True,False,35.7,42.4,66.5,69.0,103.3
SAMPLE00000131,27215.93,77211.0,2012,244.5,2500,62,SUV / Crossover,Nissan,3 Series,Phoenix,V6,Hybrid,A,FWD,False,False,35.9,44.9,55.5,82.6,108.4
SAMPLE00000132,21592.6,14937.0,2012,116.8,3500,271,Coupe,Nissan,Silverado,New York,I4,Diesel,M,FWD,False,False,39.6,42.6,61.9,82.2,111.0
SAMPLE00000133,33568.83,2404.0,2012,393.3,1500,36,SUV / Crossover,BMW,Camry,New York,I4,Diesel,M,AWD,False,False,39.1,44.5,57.5,75.4,104.2
SAMPLE00000134,66860.03,144553.0,2015,337.2,2000,15,Coupe,Toyota,Silverado,Chicago,V6,Gasoline,M,RWD,True,False,37.0,41.7,70.0,75.4,117.2
SAMPLE00000135,32776.16,56548.0,2012,247.0,2000,253,Sedan,Toyota,3 Series,Los Angeles,I6,Diesel,A,FWD,False,False,39.6,42.8,71.0,75.3,116.7
SAMPLE00000136,43533.48,90482.0,2013,126.0,3000,342,Truck,Chevrolet,3 Series,New York,I6,Diesel,M,AWD,True,True,36.9,44.5,69.9,84.1,100.5
SAMPLE00000137,53666.04,11957.0,2015,277.7,3000,345,Sedan,Chevrolet,Altima,New York,I4,Hybrid,A,AWD,True,False,36.9,38.6,61.3,72.5,100.4
SAMPLE00000138,34999.63,102467.0,2018,327.6,3000,335,Hatchback,BMW,3 Series,New York,I6,Hybrid,M,FWD,True,False,38.8,42.2,76.1,80.2,108.7
SAMPLE00000139,68448.01,139885.0,2013,157.2,1500,26,Coupe,Toyota,F-150,Houston,V6,Gasoline,M,RWD,True,True,39.5,42.0,68.5,69.9,118.5
SAMPLE00000140,67934.6,86350.0,2019,270.5,3000,446,Truck,Chevrolet,Camry,New York,I6,Gasoline,M,AWD,True,False,40.6,38.2,68.7,72.4,115.4
SAMPLE00000141,28848.03,18917.0,2018,344.3,3000,110,Truck,Honda,3 Series,Houston,V6,Gasoline,A,AWD,True,False,39.8,39.1,73.8,78.2,119.2
SAMPLE00000142,42348.67,87258.0,2020,330.5,3500,232,Hatchback,Nissan,Altima,Phoenix,I4,Diesel,M,AWD,False,False,39.0,41.9,56.6,78.2,105.7
SAMPLE00000143,31548.31,114952.0,2017,340.9,1500,477,Hatchback,Nissan,Camry,Chicago,I4,Hybrid,M,FWD,True,True,38.1,41.5,59.8,77.4,119.4
SAMPLE00000144,30666.23,60962.0,2015,363.8,2500,63,Truck,Toyota,Altima,Los Angeles,I6,Diesel,A,AWD,False,True,35.8,40.4,68.6,70.1,110.6
SAMPLE00000145,17028.78,131976.0,2017,381.3,2500,96,Hatchback,Nissan,F-150,New York,I4,Gasoline,M,AWD,False,False,35.3,42.9,69.0,80.8,112.2
SAMPLE00000146,48526.04,97302.0,2015,221.7,3500,415,Hatchback,Nissan,Camry,Houston,I4,Hybrid,A,FWD,True,False,40.6,40.5,65.7,80.1,104.6
SAMPLE00000147,42647.35,134887.0,2018,270.6,2000,392,Coupe,Honda,Civic,New York,V6,Diesel,M,RWD,True,True,39.5,43.4,72.9,79.6,109.2
SAMPLE00000148,17831.33,93526.0,2020,337.2,2500,266,Sedan,Ford,F-150,New York,V6,Hybrid,M,AWD,True,False,39.0,43.7,62.9,70.2,115.1
SAMPLE00000149,30325.56,19693.0,2014,309.1,1500,484,SUV / Crossover,BMW,F-150,Houston,V6,Diesel,A,FWD,False,False,35.3,42.5,55.3,71.8,107.0
SAMPLE00000150,64954.62,46454.0,2014,398.7,2000,325,Truck,Chevrolet,Silverado,New York,V6,Gasoline,M,RWD,True,False,41.7,40.0,62.8,83.5,101.4
SAMPLE00000151,28175.9,30269.0,2013,104.1,3000,413,SUV / Crossover,Ford,3 Series,Los Angeles,I4,Diesel,M,FWD,True,True,33.7,43.6,77.2,76.2,116.8
SAMPLE00000152,22969.22,136324.0,2012,206.5,1500,231,Truck,Chevrolet,F-150,Phoenix,V6,Diesel,M,RWD,False,True,40.5,39.8,72.9,75.1,100.7
SAMPLE00000153,41919.9,114060.0,2012,184.3,2000,398,Truck,Ford,Camry,Chicago,V6,Gasoline,A,FWD,False,False,34.9,40.1,62.3,82.8,101.9
SAMPLE00000154,69210.77,101460.0,2014,178.7,2500,442,Sedan,Nissan,Civic,New York,V6,Gasoline,M,RWD,True,False,36.5,42.3,60.1,73.0,112.7
SAMPLE00000155,28313.04,45145.0,2018,166.8,3000,47,Truck,Chevrolet,Camry,Houston,I6,Diesel,M,RWD,True,True,36.9,42.8,73.6,82.0,113.4
SAMPLE00000156,51967.46,27607.0,2022,312.7,3000,349,Truck,BMW,Camry,Los Angeles,V6,Diesel,A,FWD,False,False,39.0,40.6,59.6,75.5,111.0
SAMPLE00000157,56889.08,113468.0,2020,125.4,1500,209,Sedan,Toyota,Civic,New York,I4,Diesel,M,AWD,True,False,37.9,42.1,68.3,78.6,101.6
SAMPLE00000158,28070.06,71124.0,2013,322.5,3000,75,Hatchback,Honda,Altima,Phoenix,I4,Gasoline,M,RWD,False,True,34.7,39.7,66.7,74.2,115.5
SAMPLE00000159,55051.9,33868.0,2018,308.0,2000,246,SUV / Crossover,Ford,Silverado,Phoenix,V6,Gasoline,M,FWD,True,True,33.3,43.6,64.7,83.6,112.0
SAMPLE00000160,35228.07,92493.0,2012,175.2,3500,315,Truck,Honda,3 Series,Houston,I6,Gasoline,A,AWD,False,False,39.5,44.9,64.8,69.8,113.4
SAMPLE00000161,49776.82,6050.0,2013,175.9,2500,67,Sedan,Honda,F-150,New York,I6,Hybrid,M,AWD,True,False,37.5,42.9,71.2,71.7,100.1
SAMPLE00000162,49844.13,48926.0,2017,288.7,1500,312,Truck,Chevrolet,3 Series,New York,I6,Hybrid,M,FWD,False,False,36.3,40.2,57.4,71.4,101.8
SAMPLE00000163,44467.61,70284.0,2022,328.7,3500,63,Sedan,Toyota,Silverado,New York,I6,Gasoline,A,FWD,True,False,35.6,40.4,64.1,72.4,114.4
SAMPLE00000164,19965.94,22194.0,2016,362.9,3500,181,SUV / Crossover,Chevrolet,Altima,Phoenix,V6,Hybrid,A,RWD,False,True,40.4,38.2,77.3,75.7,113.6
SAMPLE00000165,60941.64,147698.0,2019,355.6,1500,79,Coupe,Honda,Civic,New York,V6,Hybrid,A,FWD,False,False,40.2,42.5,72.9,70.0,104.0
SAMPLE00000166,32642.9,31365.0,2022,389.5,2000,342,Hatchback,Nissan,3 Series,New York,I4,Diesel,M,AWD,True,False,40.4,42.2,55.5,68.7,110.1
SAMPLE00000167,25258.52,19553.0,2013,274.4,2500,202,Coupe,BMW,Camry,New York,I4,Diesel,A,FWD,False,False,35.0,44.7,65.3,77.6,106.2
SAMPLE00000168,17242.63,30530.0,2012,372.6,1500,181,Sedan,Toyota,F-150,New York,I6,Diesel,M,AWD,True,False,40.7,40.8,57.7,76.5,112.5
SAMPLE00000169,47499.11,115359.0,2018,342.6,3500,442,Truck,Toyota,F-150,Houston,I6,Hybrid,M,AWD,False,True,41.9,44.5,66.1,73.8,115.9
SAMPLE00000170,52266.04,63826.0,2017,368.4,3500,471,Hatchback,Nissan,Altima,Phoenix,I4,Hybrid,A,FWD,False,False,38.4,43.3,57.4,70.9,103.8
SAMPLE00000171,15912.33,84812.0,2019,103.5,1500,213,SUV / Crossover,Honda,Silverado,Chicago,I4,Diesel,M,AWD,True,False,33.4,40.0,64.0,70.0,113.0
SAMPLE00000172,43165.12,3151.0,2022,389.8,3500,422,Hatchback,Chevrolet,Silverado,Houston,I6,Diesel,A,AWD,False,True,39.3,38.1,67.5,83.1,108.7
SAMPLE00000173,27457.27,5165.0,2019,242.1,1500,119,Truck,Nissan,Civic,New York,I4,Gasoline,A,RWD,True,True,37.8,43.1,63.4,75.4,103.9
SAMPLE00000174,50484.5,66874.0,2013,339.5,1500,398,Coupe,BMW,Silverado,Chicago,I6,Hybrid,A,AWD,True,False,39.4,41.5,68.3,84.2,107.9
SAMPLE00000175,24590.15,122498.0,2019,138.2,2500,240,Sedan,Ford,3 Series,Los Angeles,V6,Diesel,A,RWD,True,True,34.7,44.7,77.7,73.5,102.1
SAMPLE00000176,53001.58,132786.0,2017,218.8,1500,334,Coupe,Chevrolet,F-150,Chicago,I6,Diesel,M,RWD,True,True,38.5,38.2,60.7,78.4,113.2
SAMPLE00000177,36270.44,13006.0,2020,181.4,3500,201,Hatchback,Toyota,Civic,Houston,V6,Diesel,M,RWD,False,True,37.9,41.7,68.0,77.6,120.0
SAMPLE00000178,66520.15,80754.0,2018,187.5,3000,411,Truck,Nissan,Silverado,Phoenix,V6,Hybrid,M,RWD,True,True,38.4,43.5,65.8,70.8,114.7
SAMPLE00000179,22563.65,136984.0,2013,137.0,2500,291,Sedan,Chevrolet,Camry,Houston,V6,Diesel,A,AWD,False,False,39.5,43.5,73.6,76.4,117.0
SAMPLE00000180,33758.65,58196.0,2019,341.7,3500,53,Truck,Ford,F-150,Phoenix,I4,Diesel,A,AWD,False,True,37.9,42.7,62.2,76.2,104.5
SAMPLE00000181,21241.04,124435.0,2020,102.8,3500,144,Truck,BMW,Civic,Phoenix,I4,Diesel,M,FWD,False,True,35.9,40.8,69.7,76.6,102.1
SAMPLE00000182,65858.15,20054.0,2018,193.8,2500,355,Hatchback,Nissan,F-150,Phoenix,I6,Diesel,A,RWD,False,False,35.8,38.5,70.9,73.1,100.0
SAMPLE00000183,63253.66,140309.0,2015,152.3,2500,85,Coupe,BMW,3 Series,Los Angeles,V6,Diesel,M,AWD,True,True,39.3,40.1,77.4,72.1,114.6
SAMPLE00000184,29186.79,112713.0,2020,276.7,3500,470,Truck,Ford,Altima,Chicago,I6,Gasoline,A,RWD,True,False,39.0,42.6,58.5,75.0,116.5
SAMPLE00000185,51299.12,141200.0,2015,176.3,3000,476,Truck,Ford,Silverado,Houston,V6,Diesel,A,RWD,True,True,36.8,43.4,78.0,83.7,103.8
SAMPLE00000186,59947.22,101493.0,2015,177.7,2000,21,Truck,Honda,Altima,Houston,V6,Gasoline,M,FWD,True,False,36.2,43.7,71.6,77.7,109.6
SAMPLE00000187,45536.04,54511.0,2020,246.5,3500,330,Sedan,Toyota,Silverado,Phoenix,I6,Hybrid,M,RWD,False,True,38.6,43.4,65.5,76.0,111.7
SAMPLE00000188,44130.78,140727.0,2019,295.8,2500,291,Truck,Honda,Silverado,Los Angeles,I6,Hybrid,M,AWD,False,False,35.8,40.3,61.1,71.3,119.2
SAMPLE00000189,28301.88,41335.0,2015,136.4,1500,235,Truck,Chevrolet,Camry,Los Angeles,I6,Hybrid,A,AWD,True,True,41.7,42.9,69.5,83.7,118.3
SAMPLE00000190,20120.65,49826.0,2019,152.7,1500,28,Hatchback,Ford,3 Series,New York,I6,Hybrid,M,AWD,False,False,38.4,44.8,58.3,79.2,100.3
SAMPLE00000191,64346.87,105121.0,2019,174.2,2500,182,Truck,Honda,Camry,Los Angeles,I4,Hybrid,M,AWD,True,False,38.3,39.0,76.8,84.8,101.0
SAMPLE00000192,64522.99,114797.0,2018,392.1,2500,425,Truck,Toyota,3 Series,Phoenix,V6,Diesel,A,RWD,False,True,34.2,43.1,59.2,70.9,119.2
SAMPLE00000193,49820.58,139411.0,2021,219.1,2000,159,Hatchback,Toyota,3 Series,Phoenix,V6,Diesel,A,AWD,True,False,38.5,40.9,72.8,74.6,101.2
SAMPLE00000194,33646.64,30720.0,2017,279.7,2500,397,Sedan,Ford,3 Series,Chicago,I4,Hybrid,A,FWD,False,False,35.7,39.6,62.9,73.7,111.6
SAMPLE00000195,34206.53,119700.0,2019,172.5,1500,17,Coupe,Nissan,Silverado,Phoenix,V6,Diesel,A,RWD,True,True,37.1,40.2,60.0,73.6,101.6
SAMPLE00000196,54927.56,110782.0,2018,247.1,3000,37,Hatchback,Honda,Silverado,Chicago,I4,Gasoline,A,AWD,True,False,37.8,39.2,73.6,68.6,113.3
SAMPLE00000197,64341.06,9569.0,2016,122.2,2500,100,Sedan,BMW,Silverado,Los Angeles,V6,Gasoline,M,AWD,False,True,37.3,43.7,75.4,77.1,103.7
SAMPLE00000198,63789.75,58083.0,2015,110.4,2000,289,Coupe,Ford,Camry,New York,I4,Diesel,A,FWD,False,False,40.3,40.7,55.1,78.3,100.7
SAMPLE00000199,57893.16,42415.0,2013,240.6,3000,376,Truck,Chevrolet,Civic,Houston,I4,Hybrid,M,RWD,False,True,33.9,44.6,77.4,68.8,105.6
SAMPLE00000200,50311.74,45674.0,2022,219.6,2000,172,Hatchback,Honda,Altima,Phoenix,V6,Hybrid,A,FWD,False,True,34.5,44.8,64.7,83.0,110.6
SAMPLE00000201,19627.7,147442.0,2019,141.1,3000,342,Truck,Honda,3 Series,Los Angeles,V6,Gasoline,A,FWD,False,False,34.4,44.8,57.2,71.4,110.7
SAMPLE00000202,23889.58,96417.0,2020,306.3,2500,415,Hatchback,Ford,Camry,Phoenix,V6,Diesel,A,AWD,True,True,40.4,39.1,65.4,70.5,115.3
SAMPLE00000203,64420.48,107651.0,2015,397.9,1500,365,Coupe,Nissan,Silverado,Chicago,I6,Gasoline,A,AWD,False,True,34.1,40.4,57.7,71.1,101.2
SAMPLE00000204,48353.6,146493.0,2015,218.7,3000,66,Sedan,Honda,Altima,Los Angeles,V6,Diesel,M,FWD,True,False,41.7,40.2,61.0,75.2,100.2
SAMPLE00000205,15505.84,56580.0,2016,287.4,3500,190,Hatchback,Honda,Silverado,Houston,V6,Hybrid,M,RWD,False,False,41.7,44.5,67.8,69.4,114.3
SAMPLE00000206,20580.93,120276.0,2013,388.9,2000,438,Sedan,Chevrolet,Civic,Chicago,V6,Gasoline,M,RWD,True,True,41.9,38.6,63.3,82.0,119.1
SAMPLE00000207,51492.6,65180.0,2018,349.5,3000,42,Truck,Nissan,Silverado,Los Angeles,I6,Diesel,A,RWD,False,True,41.8,42.1,60.2,79.6,103.9
SAMPLE00000208,15278.39,130430.0,2016,239.1,2000,122,Truck,Chevrolet,3 Series,Houston,V6,Hybrid,M,FWD,False,False,34.3,41.4,59.5,76.0,103.0
SAMPLE00000209,23844.44,27099.0,2017,321.2,1500,277,Coupe,BMW,F-150,Chicago,I4,Diesel,M,RWD,True,False,38.9,44.8,69.6,76.5,106.9
SAMPLE00000210,45180.36,142153.0,2015,138.4,2000,342,Coupe,Chevrolet,Altima,Houston,I4,Hybrid,M,AWD,False,False,36.6,44.7,75.9,74.9,114.0
SAMPLE00000211,53054.24,32816.0,2019,253.6,2000,195,SUV / Crossover,BMW,Silverado,Los Angeles,I6,Diesel,M,FWD,False,True,39.6,41.0,56.3,80.2,115.2
SAMPLE00000212,50857.87,48933.0,2019,183.7,3500,332,SUV / Crossover,Chevrolet,Civic,Chicago,I6,Gasoline,M,FWD,True,True,36.7,41.1,60.6,84.2,118.7
SAMPLE00000213,27334.81,113429.0,2016,148.3,2000,124,Coupe,BMW,Altima,New York,I6,Diesel,A,FWD,True,False,36.4,40.7,70.3,77.4,116.0
SAMPLE00000214,54169.86,59063.0,2017,227.9,3000,95,Truck,Nissan,F-150,Phoenix,I6,Gasoline,A,RWD,True,False,41.1,43.5,77.7,77.6,100.6
SAMPLE00000215,28048.7,91232.0,2014,139.3,2000,377,Sedan,Chevrolet,Altima,New York,I6,Gasoline,A,RWD,True,True,37.5,38.7,70.7,76.9,104.1
SAMPLE00000216,32896.98,66686.0,2012,309.7,2500,156,Coupe,Chevrolet,3 Series,Houston,V6,Gasoline,A,AWD,True,False,39.7,38.8,56.2,83.5,107.1
SAMPLE00000217,56057.03,111355.0,2020,236.9,2000,39,Sedan,Ford,3 Series,Los Angeles,I4,Hybrid,M,RWD,True,False,38.8,42.9,59.1,78.8,118.9
SAMPLE00000218,50729.81,34250.0,2020,259.3,2500,359,SUV / Crossover,Chevrolet,3 Series,Phoenix,I4,Gasoline,M,RWD,True,True,38.9,38.1,63.0,82.9,112.1
SAMPLE00000219,61707.29,8769.0,2014,143.9,2000,172,Sedan,BMW,Civic,Los Angeles,V6,Gasoline,M,RWD,True,True,36.1,42.7,58.6,77.9,119.9
SAMPLE00000220,51168.71,44989.0,2015,141.9,2000,374,Coupe,Ford,F-150,Houston,I6,Gasoline,M,RWD,False,False,35.3,38.9,59.2,79.9,106.4
SAMPLE00000221,46256.97,71146.0,2018,275.0,3000,393,Truck,BMW,3 Series,Los Angeles,V6,Hybrid,A,AWD,True,False,41.0,43.5,61.3,79.1,118.4
SAMPLE00000222,20152.11,25203.0,2013,395.5,2500,460,Coupe,Chevrolet,Silverado,Chicago,I6,Diesel,M,AWD,False,False,33.2,43.2,63.6,75.5,114.0
SAMPLE00000223,35224.37,53220.0,2014,128.9,2500,172,Hatchback,Chevrolet,F-150,Chicago,I4,Hybrid,M,AWD,False,True,34.6,39.3,64.0,70.3,117.7
SAMPLE00000224,29586.13,59997.0,2017,185.7,3500,119,Hatchback,BMW,3 Series,Houston,I4,Hybrid,M,RWD,True,False,34.2,43.3,66.5,75.2,118.5
SAMPLE00000225,28419.43,8609.0,2022,360.8,2000,272,Hatchback,Nissan,F-150,Los Angeles,I6,Diesel,M,RWD,False,True,41.5,43.5,76.3,82.8,109.1
SAMPLE00000226,68515.58,87496.0,2019,121.7,2000,357,Truck,Nissan,Altima,Houston,V6,Diesel,A,FWD,False,True,33.0,44.5,77.8,79.1,117.4
SAMPLE00000227,36620.37,132652.0,2012,362.8,3000,385,Coupe,Nissan,Silverado,Phoenix,I6,Gasoline,M,FWD,False,False,33.1,43.1,55.5,84.0,119.7
SAMPLE00000228,64062.56,22761.0,2015,257.3,3500,400,Hatchback,Honda,Camry,Los Angeles,I6,Gasoline,A,RWD,False,True,35.0,44.1,66.4,72.7,113.3
SAMPLE00000229,49712.62,89671.0,2012,222.5,3500,363,Coupe,Ford,3 Series,Chicago,I4,Diesel,A,FWD,False,False,35.5,42.5,72.3,76.0,105.2
SAMPLE00000230,58714.62,99711.0,2013,192.9,3000,345,SUV / Crossover,Ford,Silverado,New York,I6,Diesel,M,AWD,False,False,38.0,42.4,56.7,80.6,105.4
SAMPLE00000231,42645.04,62900.0,2019,189.1,2500,374,Hatchback,Nissan,Civic,Chicago,V6,Hybrid,A,AWD,True,False,41.7,42.7,76.6,70.3,115.0
SAMPLE00000232,46729.71,105165.0,2017,191.7,1500,421,Hatchback,Chevrolet,Altima,Los Angeles,I6,Hybrid,A,AWD,False,False,37.2,40.8,76.6,69.7,106.6
SAMPLE00000233,42088.47,61610.0,2020,365.4,3000,420,Truck,Ford,3 Series,Los Angeles,I4,Hybrid,M,FWD,False,False,35.6,39.6,59.8,80.8,108.2
SAMPLE00000234,25738.36,75696.0,2013,317.1,2500,318,Coupe,BMW,Camry,Los Angeles,V6,Diesel,M,AWD,False,True,40.4,40.9,73.1,79.3,110.5
SAMPLE00000235,54734.87,1103.0,2014,300.9,3500,260,Truck,Chevrolet,Altima,Los Angeles,V6,Gasoline,A,AWD,True,True,36.5,42.2,68.4,76.2,118.2
SAMPLE00000236,30442.48,103758.0,2020,339.6,3000,280,Truck,Ford,Silverado,Phoenix,I4,Hybrid,M,AWD,False,False,34.3,42.8,55.8,69.1,114.2
SAMPLE00000237,16337.38,99201.0,2020,177.1,1500,328,Coupe,Toyota,Altima,New York,I4,Hybrid,M,RWD,True,True,40.2,41.2,61.8,78.7,105.8
SAMPLE00000238,50500.98,5760.0,2017,285.4,2000,123,SUV / Crossover,Ford,Silverado,Chicago,I6,Diesel,A,RWD,True,True,33.0,40.3,61.1,79.4,102.7
SAMPLE00000239,24741.09,55238.0,2014,238.0,3000,475,Coupe,Nissan,F-150,Phoenix,I4,Hybrid,A,AWD,False,True,34.8,39.7,75.2,73.1,105.8
SAMPLE00000240,66725.22,146855.0,2016,334.7,1500,277,SUV / Crossover,BMW,3 Series,Houston,I4,Diesel,A,AWD,False,True,38.7,39.3,75.6,69.5,106.7
SAMPLE00000241,67466.07,63110.0,2013,192.8,1500,92,Truck,Ford,Camry,Los Angeles,I4,Gasoline,M,RWD,True,False,33.9,41.3,55.8,76.6,114.7
SAMPLE00000242,65317.54,75292.0,2018,293.0,3000,446,SUV / Crossover,Honda,Civic,Chicago,I4,Hybrid,A,RWD,True,True,35.3,42.9,72.1,76.3,108.5
SAMPLE00000243,35358.73,136490.0,2021,364.7,2500,34,SUV / Crossover,Nissan,F-150,Houston,V6,Hybrid,M,FWD,False,False,36.5,43.8,57.8,73.0,120.0
SAMPLE00000244,15850.11,107589.0,2022,220.6,3000,310,SUV / Crossover,Honda,3 Series,New York,V6,Hybrid,A,RWD,True,False,36.6,40.4,73.2,77.6,100.7
SAMPLE00000245,66057.52,87311.0,2019,120.0,3500,127,Hatchback,Chevrolet,Camry,Chicago,V6,Diesel,A,AWD,True,False,41.8,42.3,74.4,78.3,107.1
SAMPLE00000246,38550.13,119671.0,2017,254.8,1500,19,Hatchback,Honda,F-150,Phoenix,I4,Diesel,A,RWD,True,True,39.1,41.3,56.4,83.7,101.7
SAMPLE00000247,68166.02,129655.0,2019,203.8,1500,260,Truck,BMW,Camry,Houston,I6,Gasoline,A,AWD,False,True,33.3,44.8,62.5,81.2,107.1
SAMPLE00000248,67999.1,68533.0,2013,301.7,2000,166,Coupe,Toyota,Altima,Chicago,I6,Diesel,M,FWD,False,True,35.0,44.2,63.7,81.8,108.7
SAMPLE00000249,61915.52,71266.0,2014,385.3,1500,318,SUV / Crossover,Toyota,Camry,Phoenix,I6,Hybrid,A,RWD,False,True,38.5,44.2,77.0,71.2,117.8
SAMPLE00000250,31194.69,57908.0,2018,245.7,2000,235,Hatchback,Chevrolet,F-150,Los Angeles,I6,Hybrid,M,FWD,False,True,39.4,42.1,63.5,75.8,108.5
SAMPLE00000251,36180.38,145006.0,2021,239.9,1500,31,Coupe,Chevrolet,F-150,Chicago,V6,Diesel,M,AWD,False,True,36.4,41.1,60.9,71.5,100.5
SAMPLE00000252,61812.52,104575.0,2012,296.4,1500,230,SUV / Crossover,Honda,3 Series,Los Angeles,I6,Gasoline,M,AWD,True,False,40.7,42.6,69.3,71.2,119.1
SAMPLE00000253,32430.71,12483.0,2018,131.0,3000,190,Coupe,BMW,F-150,Houston,V6,Diesel,A,AWD,False,True,41.5,39.1,58.7,76.6,102.9
SAMPLE00000254,24322.1,129444.0,2017,176.1,3000,329,Sedan,Honda,Altima,Houston,I6,Diesel,M,AWD,True,True,38.5,44.2,69.4,72.8,115.5
SAMPLE00000255,45624.07,72084.0,2019,375.7,3500,423,SUV / Crossover,BMW,3 Series,Houston,I6,Hybrid,M,FWD,False,True,38.1,39.9,65.5,71.6,104.0
SAMPLE00000256,66488.51,10313.0,2018,301.0,2500,144,Coupe,BMW,Camry,Los Angeles,V6,Hybrid,A,RWD,True,False,39.8,43.8,71.8,80.3,118.5
SAMPLE00000257,53281.64,82458.0,2015,104.0,3500,100,SUV / Crossover,Toyota,F-150,Los Angeles,V6,Hybrid,A,RWD,True,False,40.0,40.1,68.3,68.6,104.5
SAMPLE00000258,46353.36,62575.0,2014,161.4,1500,78,SUV / Crossover,BMW,3 Series,Phoenix,I6,Diesel,A,AWD,False,False,34.9,41.7,59.1,80.8,117.1
SAMPLE00000259,20344.71,131662.0,2014,304.9,3500,456,Sedan,Ford,3 Series,Chicago,I4,Diesel,A,AWD,False,True,37.4,43.4,76.6,83.3,108.3
SAMPLE00000260,48825.4,30599.0,2015,329.3,3000,159,Coupe,BMW,Civic,Phoenix,I6,Gasoline,M,FWD,True,True,37.0,40.8,65.3,80.0,108.9
SAMPLE00000261,69452.96,123970.0,2020,352.0,1500,254,Truck,Toyota,3 Series,Los Angeles,I6,Hybrid,A,FWD,False,False,41.5,40.5,72.1,71.3,112.6
SAMPLE00000262,22704.62,83653.0,2020,187.7,1500,278,Hatchback,Nissan,3 Series,Chicago,I6,Gasoline,A,AWD,True,False,34.0,44.2,67.2,80.5,109.7
SAMPLE00000263,43508.13,8192.0,2013,379.3,3500,458,SUV / Crossover,Honda,Civic,Houston,V6,Hybrid,A,AWD,True,False,41.5,38.5,74.9,76.5,106.7
SAMPLE00000264,63255.52,145777.0,2016,265.9,2000,187,SUV / Crossover,BMW,Silverado,Phoenix,I6,Gasoline,A,RWD,True,False,38.2,43.9,62.8,78.8,104.9
SAMPLE00000265,55742.27,76892.0,2012,309.0,2500,460,SUV / Crossover,Ford,Altima,Phoenix,I4,Hybrid,A,RWD,False,False,35.6,44.5,69.7,74.7,105.3
SAMPLE00000266,53335.87,43632.0,2015,279.0,3500,209,SUV / Crossover,Chevrolet,F-150,Phoenix,I6,Diesel,M,RWD,True,True,40.8,41.9,56.8,71.2,114.1
SAMPLE00000267,53636.62,70411.0,2013,136.8,3500,240,Hatchback,Honda,Civic,Los Angeles,I4,Hybrid,M,AWD,True,True,33.5,42.9,56.8,68.4,102.2
SAMPLE00000268,34772.01,128679.0,2019,388.9,2500,55,Truck,Chevrolet,3 Series,Chicago,I4,Gasoline,A,FWD,False,True,35.9,44.0,74.4,80.6,111.2
SAMPLE00000269,31147.55,45735.0,2015,136.9,1500,136,Sedan,Ford,3 Series,Houston,I4,Gasoline,A,FWD,True,True,39.8,41.0,73.8,75.3,107.6
SAMPLE00000270,59514.86,28901.0,2016,176.5,1500,105,Truck,Toyota,F-150,Los Angeles,I6,Hybrid,M,FWD,True,False,40.4,44.2,63.3,72.1,107.1
SAMPLE00000271,59556.24,19361.0,2022,344.1,2000,68,Hatchback,Nissan,Altima,Houston,V6,Diesel,A,AWD,True,True,34.5,40.6,70.5,78.6,114.3
SAMPLE00000272,62688.98,44679.0,2015,285.6,3500,189,Coupe,Toyota,Camry,New York,V6,Hybrid,M,AWD,False,False,41.5,40.1,74.1,81.5,110.1
SAMPLE00000273,65228.23,117007.0,2016,351.4,2500,191,Sedan,Nissan,Civic,New York,I6,Diesel,M,FWD,False,False,33.5,44.9,58.3,77.0,101.5
SAMPLE00000274,43123.83,70744.0,2016,254.7,3500,490,Sedan,Honda,Silverado,Houston,I6,Hybrid,M,FWD,False,False,36.9,38.2,77.6,80.9,118.2
SAMPLE00000275,42583.4,34122.0,2016,213.1,3000,277,Coupe,BMW,F-150,New York,I4,Diesel,M,FWD,True,True,33.9,40.2,75.4,73.8,118.0
SAMPLE00000276,58906.23,24928.0,2022,376.6,3500,31,SUV / Crossover,BMW,F-150,Chicago,I6,Hybrid,A,AWD,False,True,33.9,41.2,70.9,79.1,108.5
SAMPLE00000277,50748.02,49909.0,2014,110.9,3500,174,Hatchback,Chevrolet,Civic,Chicago,V6,Hybrid,A,RWD,False,False,41.2,40.2,67.5,78.5,100.3
SAMPLE00000278,53608.18,140989.0,2018,356.8,3000,257,Coupe,Toyota,3 Series,Los Angeles,I6,Diesel,A,RWD,False,True,41.1,40.0,75.6,70.9,101.2
SAMPLE00000279,58768.6,51454.0,2014,169.2,3000,122,Truck,BMW,3 Series,Houston,I6,Diesel,A,AWD,False,True,38.5,40.6,72.0,80.6,109.8
SAMPLE00000280,63950.29,148219.0,2013,354.6,2500,84,Truck,Nissan,Silverado,Los Angeles,I6,Hybrid,A,RWD,True,False,41.7,40.8,68.4,80.9,101.6
SAMPLE00000281,33589.73,72785.0,2014,141.8,1500,475,Coupe,BMW,Civic,Chicago,I4,Gasoline,M,FWD,False,True,37.4,38.5,75.5,79.2,108.9
SAMPLE00000282,35657.06,26875.0,2022,274.1,2000,435,Hatchback,Toyota,F-150,Chicago,I6,Diesel,M,RWD,True,True,40.0,43.4,59.8,74.5,103.8
SAMPLE00000283,20169.01,133671.0,2014,366.4,3000,215,Sedan,Toyota,Civic,Chicago,I6,Gasoline,A,FWD,True,True,33.9,39.2,60.6,77.3,116.0
SAMPLE00000284,46805.41,69053.0,2019,242.1,1500,215,Sedan,Ford,Camry,Phoenix,I6,Gasoline,M,AWD,False,False,36.6,38.3,76.4,75.4,107.4
SAMPLE00000285,16976.83,106451.0,2015,324.0,2500,13,SUV / Crossover,Chevrolet,F-150,New York,V6,Gasoline,M,AWD,False,True,37.6,42.1,56.5,68.1,107.6
SAMPLE00000286,40607.89,147557.0,2014,341.4,3500,36,Hatchback,Toyota,Silverado,Los Angeles,I4,Gasoline,M,FWD,False,True,40.0,42.7,56.1,68.2,100.5
SAMPLE00000287,44845.45,7526.0,2021,320.9,2500,26,Truck,Ford,Silverado,Los Angeles,I4,Hybrid,M,FWD,True,True,36.0,43.3,73.2,71.3,113.1
SAMPLE00000288,30759.77,14504.0,2016,377.6,2500,151,Truck,Toyota,F-150,Chicago,V6,Diesel,A,RWD,True,True,41.8,38.6,64.5,83.5,115.5
SAMPLE00000289,47495.83,108069.0,2015,234.1,3000,63,SUV / Crossover,Honda,3 Series,Phoenix,I4,Hybrid,A,FWD,True,False,39.6,39.2,76.1,78.7,105.3
SAMPLE00000290,16677.51,42274.0,2020,151.9,2000,69,Truck,Nissan,F-150,Los Angeles,V6,Hybrid,M,AWD,False,False,37.8,39.3,61.9,74.6,112.3
SAMPLE00000291,17054.15,27645.0,2019,114.3,3000,153,SUV / Crossover,Nissan,F-150,Los Angeles,I4,Hybrid,M,AWD,False,True,36.0,42.2,61.6,78.3,112.9
SAMPLE00000292,60243.03,5904.0,2022,173.9,3500,437,SUV / Crossover,Honda,Camry,Phoenix,I4,Hybrid,A,RWD,True,False,38.8,44.2,77.0,69.1,112.6
SAMPLE00000293,34810.49,3277.0,2018,143.0,3000,252,Coupe,Honda,F-150,Chicago,I4,Hybrid,A,FWD,True,True,39.1,42.9,67.7,69.8,114.0
SAMPLE00000294,21988.33,116173.0,2019,267.4,3500,270,Sedan,Toyota,Altima,Phoenix,I6,Diesel,A,FWD,False,False,39.1,40.2,69.1,69.4,115.7
SAMPLE00000295,43723.38,20165.0,2016,155.5,3000,28,Hatchback,BMW,Altima,New York,I4,Hybrid,A,RWD,False,True,38.3,44.0,75.7,81.9,115.2
SAMPLE00000296,57349.65,70158.0,2015,111.7,2000,483,Hatchback,BMW,Civic,Los Angeles,I6,Hybrid,M,AWD,True,False,36.6,42.7,63.8,85.0,111.5
SAMPLE00000297,26870.16,90885.0,2018,110.8,1500,73,Sedan,Honda,Civic,New York,I6,Hybrid,M,FWD,True,True,40.3,42.8,60.7,71.8,118.8
SAMPLE00000298,49258.98,64253.0,2012,349.5,2000,283,Hatchback,Chevrolet,Silverado,Los Angeles,I6,Gasoline,M,RWD,True,True,35.3,44.7,68.1,76.2,115.6
SAMPLE00000299,19694.11,4066.0,2017,277.4,3000,58,Truck,Nissan,3 Series,New York,V6,Hybrid,A,RWD,False,True,38.6,44.7,64.4,70.3,117.8
SAMPLE00000300,17842.49,117525.0,2019,207.4,2500,242,Truck,Ford,Silverado,Los Angeles,I4,Diesel,M,RWD,False,False,37.2,40.7,58.8,83.0,110.2
SAMPLE00000301,44224.5,1577.0,2018,368.3,1500,328,Hatchback,Honda,Camry,Chicago,I4,Diesel,A,RWD,True,False,41.0,42.5,57.7,70.6,114.0
SAMPLE00000302,44734.93,114283.0,2013,121.1,2500,148,Coupe,Nissan,F-150,Houston,I4,Diesel,M,FWD,False,True,38.3,39.4,71.7,76.9,117.3
SAMPLE00000303,50058.64,133996.0,2018,394.1,2000,9,Hatchback,Ford,Silverado,Phoenix,I6,Gasoline,M,RWD,True,True,40.7,40.9,55.8,77.9,110.8
SAMPLE00000304,54935.02,64926.0,2017,284.9,1500,131,SUV / Crossover,Ford,F-150,Los Angeles,I4,Diesel,A,FWD,True,True,41.6,39.9,67.1,76.2,117.5
SAMPLE00000305,68671.86,80331.0,2016,155.0,3000,61,SUV / Crossover,Honda,Silverado,Phoenix,I6,Gasoline,A,AWD,True,False,34.1,40.6,62.6,69.0,114.5
SAMPLE00000306,43396.52,71548.0,2015,303.7,2500,387,Sedan,BMW,F-150,Los Angeles,I6,Diesel,M,RWD,True,True,38.0,42.7,58.5,79.7,115.1
SAMPLE00000307,32762.61,58381.0,2012,329.0,3000,382,Truck,Chevrolet,Silverado,Houston,I6,Gasoline,M,RWD,True,False,41.0,39.5,75.5,83.1,118.5
SAMPLE00000308,58735.24,133114.0,2013,228.8,3500,261,Coupe,Nissan,Altima,Chicago,I6,Diesel,M,AWD,True,False,40.8,39.3,72.0,69.5,106.6
SAMPLE00000309,29895.77,134090.0,2018,358.5,1500,217,Hatchback,Honda,Altima,Chicago,I4,Hybrid,A,RWD,True,True,34.8,40.7,72.8,80.4,111.9
SAMPLE00000310,39143.43,50372.0,2021,145.2,2500,231,SUV / Crossover,Ford,Altima,Phoenix,I6,Diesel,A,FWD,False,True,37.3,38.7,65.0,82.0,105.5
SAMPLE00000311,19315.1,92260.0,2014,183.7,2000,335,Truck,Nissan,Civic,Houston,V6,Diesel,A,AWD,True,True,35.0,43.7,69.9,70.8,110.6
SAMPLE00000312,16394.29,139036.0,2016,128.0,2000,71,Truck,Toyota,Camry,Phoenix,V6,Diesel,A,AWD,False,False,41.1,44.7,57.1,84.9,108.9
SAMPLE00000313,67945.66,144309.0,2019,163.3,2000,475,Coupe,Toyota,Silverado,Chicago,V6,Hybrid,M,FWD,True,True,33.0,43.6,58.2,73.1,109.1
SAMPLE00000314,60978.91,76344.0,2019,171.6,2000,15,Coupe,Nissan,Civic,New York,I6,Gasoline,A,FWD,True,True,35.0,41.7,62.4,73.3,104.2
SAMPLE00000315,53278.58,67924.0,2017,375.3,2500,37,Coupe,Nissan,3 Series,Phoenix,I4,Gasoline,M,AWD,True,False,36.7,42.7,65.5,77.6,112.5
SAMPLE00000316,37492.41,41804.0,2016,123.4,3500,176,Coupe,Ford,Silverado,Los Angeles,I4,Hybrid,A,RWD,True,False,35.0,43.6,57.2,81.9,115.9
SAMPLE00000317,24531.19,143831.0,2013,228.2,2000,444,SUV / Crossover,Honda,F-150,Chicago,I6,Hybrid,M,FWD,True,True,41.8,38.5,68.0,75.8,105.4
SAMPLE00000318,23604.04,21422.0,2020,259.7,2000,320,Coupe,BMW,Camry,Los Angeles,I6,Gasoline,A,FWD,True,True,35.2,40.9,60.5,77.3,102.5
SAMPLE00000319,28763.36,86974.0,2012,369.6,2000,381,Truck,Honda,Civic,Houston,I6,Gasoline,M,FWD,False,False,36.3,39.0,72.8,78.5,105.1
SAMPLE00000320,45207.47,42383.0,2022,399.3,3500,82,Truck,Chevrolet,Civic,Chicago,V6,Gasoline,A,AWD,True,False,34.6,38.6,55.0,81.5,115.1
SAMPLE00000321,54302.78,41851.0,2013,326.0,1500,433,Hatchback,Nissan,Camry,Chicago,I6,Gasoline,M,RWD,True,True,41.3,43.3,74.9,79.0,101.3
SAMPLE00000322,51310.86,60745.0,2012,391.2,2000,16,Truck,Toyota,Silverado,Phoenix,I6,Gasoline,A,FWD,False,False,36.7,44.0,71.8,70.9,112.4
SAMPLE00000323,30396.36,149819.0,2015,336.1,2000,368,Truck,Ford,F-150,Phoenix,I4,Hybrid,M,AWD,False,False,35.4,38.6,67.6,78.2,116.4
SAMPLE00000324,67517.59,8245.0,2015,389.0,2000,155,SUV / Crossover,BMW,3 Series,Los Angeles,I4,Gasoline,A,AWD,False,True,35.2,39.3,72.0,71.6,116.0
SAMPLE00000325,55584.33,86781.0,2016,312.2,1500,171,Truck,Honda,Silverado,Phoenix,V6,Gasoline,A,RWD,True,True,38.3,39.5,63.4,75.4,119.8
SAMPLE00000326,45489.47,12386.0,2016,123.9,2000,395,Sedan,Chevrolet,Camry,New York,V6,Diesel,M,AWD,True,False,41.8,44.0,58.7,82.7,115.8
SAMPLE00000327,48644.64,23178.0,2019,220.6,1500,69,Truck,Honda,Silverado,Chicago,V6,Hybrid,M,AWD,False,True,41.8,44.4,55.2,70.1,102.7
SAMPLE00000328,38078.0,65934.0,2022,294.0,1500,70,Hatchback,Chevrolet,Silverado,Houston,V6,Hybrid,A,FWD,False,False,41.8,43.4,67.6,74.2,106.9
SAMPLE00000329,28625.2,76569.0,2022,205.2,3000,254,Hatchback,Honda,Camry,Chicago,I6,Gasoline,A,FWD,True,False,36.5,43.6,61.7,77.5,104.3
SAMPLE00000330,34578.5,38819.0,2014,182.0,3000,455,Coupe,BMW,Camry,Los Angeles,I6,Diesel,A,FWD,False,False,41.2,40.4,59.9,82.8,107.5
SAMPLE00000331,56681.54,47469.0,2017,273.2,2000,130,SUV / Crossover,BMW,3 Series,Phoenix,V6,Diesel,A,AWD,True,False,37.0,40.9,74.9,81.2,112.7
SAMPLE00000332,15791.64,13045.0,2014,380.1,2500,48,Hatchback,Ford,Camry,Chicago,V6,Gasoline,A,RWD,False,False,37.6,40.0,71.7,75.2,105.8
SAMPLE00000333,21384.0,45483.0,2013,110.5,3000,20,Sedan,BMW,Camry,Phoenix,I4,Diesel,A,RWD,True,True,37.7,44.7,77.8,76.5,102.6
SAMPLE00000334,17530.15,144984.0,2019,330.8,3000,391,Sedan,Chevrolet,Camry,Los Angeles,I4,Gasoline,A,RWD,True,True,33.6,43.1,70.2,82.4,114.3
SAMPLE00000335,17240.08,141706.0,2012,316.8,2500,319,Coupe,Ford,Civic,Phoenix,I4,Hybrid,M,AWD,False,False,34.6,40.4,75.6,82.9,102.3
SAMPLE00000336,62050.33,50232.0,2020,389.2,3500,219,SUV / Crossover,BMW,Camry,Houston,V6,Diesel,M,FWD,True,False,41.0,38.9,57.7,77.0,119.0
SAMPLE00000337,53701.18,85628.0,2022,379.2,2000,186,SUV / Crossover,Toyota,Camry,Los Angeles,I4,Gasoline,M,AWD,False,True,41.1,39.4,71.6,71.4,112.4
SAMPLE00000338,41079.56,136439.0,2018,328.7,3500,413,Truck,Chevrolet,Camry,Chicago,V6,Gasoline,M,FWD,True,True,34.8,39.4,57.0,76.5,115.3
SAMPLE00000339,20380.88,928.0,2021,256.1,3500,31,Sedan,Ford,3 Series,Chicago,I6,Gasoline,A,AWD,False,True,35.7,42.3,57.2,83.8,116.5
SAMPLE00000340,42038.87,121603.0,2022,161.3,1500,202,Sedan,Chevrolet,Silverado,Houston,V6,Hybrid,A,AWD,False,True,40.5,44.3,74.7,78.4,112.9
SAMPLE00000341,41040.95,142255.0,2015,263.6,1500,275,Sedan,Ford,Camry,New York,I6,Diesel,A,RWD,False,False,34.8,44.1,63.3,81.1,114.0
SAMPLE00000342,24526.1,13699.0,2014,329.6,2000,241,Sedan,Chevrolet,Camry,Phoenix,I6,Hybrid,A,AWD,False,False,40.9,38.5,62.3,68.3,115.8
SAMPLE00000343,38861.84,24217.0,2017,368.7,2500,15,Hatchback,Toyota,3 Series,Chicago,V6,Hybrid,A,RWD,False,True,40.4,43.0,59.2,78.8,109.1
SAMPLE00000344,36917.76,144112.0,2020,336.9,1500,408,SUV / Crossover,BMW,Silverado,Houston,I4,Diesel,A,AWD,True,False,40.3,39.2,66.2,78.2,100.1
SAMPLE00000345,48871.76,80631.0,2020,158.6,3000,315,Truck,Honda,3 Series,Phoenix,V6,Hybrid,M,RWD,False,False,41.0,40.2,59.7,76.0,119.3
SAMPLE00000346,49930.15,2129.0,2015,279.9,2000,172,Hatchback,Honda,Altima,Los Angeles,I4,Gasoline,A,AWD,True,True,41.0,41.8,67.4,79.5,104.9
SAMPLE00000347,17491.72,38645.0,2021,199.7,3500,136,SUV / Crossover,Honda,F-150,Houston,I6,Diesel,A,AWD,True,False,41.3,43.9,70.2,82.7,103.0
SAMPLE00000348,35603.69,67492.0,2016,102.8,2000,178,Coupe,Ford,F-150,Los Angeles,I6,Hybrid,A,FWD,False,False,40.9,39.7,70.1,83.8,118.4
SAMPLE00000349,49422.3,103936.0,2022,160.1,1500,358,Sedan,BMW,F-150,Los Angeles,I6,Diesel,A,FWD,True,False,38.5,44.1,63.4,72.4,110.8
SAMPLE00000350,42672.49,109974.0,2020,134.0,2500,60,Truck,Nissan,Camry,Los Angeles,I6,Hybrid,A,FWD,True,True,34.4,43.1,71.2,76.6,105.5
SAMPLE00000351,62106.94,149313.0,2013,352.8,3500,496,SUV / Crossover,Ford,3 Series,Phoenix,V6,Gasoline,A,AWD,True,True,38.5,42.7,61.1,73.1,118.6
SAMPLE00000352,51228.15,43127.0,2013,177.6,2500,423,Coupe,Ford,Camry,New York,I6,Hybrid,A,FWD,False,False,41.5,38.9,73.6,75.1,117.1
SAMPLE00000353,23961.39,80733.0,2016,185.4,2000,103,Sedan,Ford,F-150,Los Angeles,I4,Diesel,M,FWD,True,True,41.7,41.3,55.0,76.5,109.1
SAMPLE00000354,18881.28,79999.0,2012,388.0,2500,316,Coupe,Nissan,Silverado,Chicago,I4,Hybrid,M,AWD,True,True,39.6,39.9,77.2,81.3,119.1
SAMPLE00000355,50333.06,60847.0,2019,213.7,2500,194,Coupe,Ford,Silverado,Phoenix,I6,Gasoline,M,AWD,True,False,39.2,42.1,65.0,83.6,101.9
SAMPLE00000356,16458.12,25374.0,2016,102.9,2000,255,Hatchback,BMW,Altima,Phoenix,V6,Gasoline,M,FWD,False,True,41.4,42.7,62.7,78.0,118.8
SAMPLE00000357,47217.66,146618.0,2021,185.2,3500,463,Coupe,Honda,3 Series,Los Angeles,I6,Gasoline,A,FWD,False,True,35.6,38.5,69.4,84.9,109.2
SAMPLE00000358,66712.66,127998.0,2013,135.8,2500,75,Hatchback,Chevrolet,Altima,Chicago,I6,Hybrid,M,AWD,False,False,34.4,42.5,75.2,77.6,109.2
SAMPLE00000359,46651.08,74750.0,2020,130.8,2500,270,Hatchback,Ford,Silverado,Houston,I4,Diesel,M,AWD,False,False,35.6,41.5,63.1,81.7,109.1
SAMPLE00000360,36349.35,90487.0,2013,123.2,2000,180,Coupe,BMW,F-150,Phoenix,V6,Hybrid,A,RWD,False,True,41.5,43.9,56.6,70.4,108.6
SAMPLE00000361,50380.85,34089.0,2018,278.0,3000,131,SUV / Crossover,Toyota,Altima,Los Angeles,V6,Hybrid,M,RWD,False,True,34.9,43.6,63.1,68.1,110.7
SAMPLE00000362,40203.91,81568.0,2019,156.8,2500,150,Coupe,Chevrolet,Altima,Los Angeles,I4,Hybrid,A,AWD,False,False,35.0,40.9,55.1,68.5,119.9
SAMPLE00000363,45008.92,104246.0,2017,208.4,1500,154,Coupe,Ford,Altima,New York,I4,Diesel,M,AWD,False,False,34.7,44.8,59.3,83.2,100.3
SAMPLE00000364,66780.56,77275.0,2022,358.6,3500,358,SUV / Crossover,Ford,3 Series,New York,I4,Gasoline,M,FWD,False,False,37.4,42.1,56.2,69.3,110.0
SAMPLE00000365,36235.65,148543.0,2018,227.3,2500,234,Sedan,Chevrolet,3 Series,Houston,V6,Gasoline,M,RWD,False,True,40.2,44.7,63.9,78.4,105.7
SAMPLE00000366,67865.48,91701.0,2022,374.7,2000,247,Truck,Chevrolet,F-150,Houston,I4,Gasoline,A,FWD,True,True,36.4,43.0,56.4,77.8,103.4
SAMPLE00000367,64794.29,55646.0,2012,249.4,1500,164,Sedan,Ford,F-150,Houston,I4,Diesel,A,RWD,False,False,33.9,40.9,77.6,81.3,118.5
SAMPLE00000368,25768.51,115823.0,2015,219.7,2000,204,Coupe,BMW,F-150,Houston,I4,Hybrid,M,FWD,True,False,39.7,39.6,73.0,73.3,107.7
SAMPLE00000369,18814.87,25569.0,2018,325.1,2500,426,Sedan,Toyota,Altima,Los Angeles,I6,Hybrid,M,RWD,True,True,38.5,41.3,64.6,74.0,110.9
SAMPLE00000370,20542.79,57677.0,2012,122.0,1500,164,Truck,BMW,F-150,Los Angeles,V6,Hybrid,A,AWD,True,True,37.3,44.6,73.2,74.0,118.6
SAMPLE00000371,16002.2,52044.0,2012,126.8,3500,487,Sedan,Nissan,3 Series,Los Angeles,V6,Diesel,A,AWD,True,False,41.7,38.9,64.6,70.9,109.6
SAMPLE00000372,20194.36,64771.0,2022,295.6,3500,212,Truck,Honda,Silverado,Chicago,I6,Hybrid,M,AWD,True,True,37.2,41.2,69.9,71.5,105.8
SAMPLE00000373,52565.37,117267.0,2017,246.1,3500,412,Sedan,Honda,F-150,Houston,V6,Diesel,M,FWD,True,True,39.6,40.4,73.9,71.4,101.9
SAMPLE00000374,18915.38,72626.0,2015,337.1,3000,253,Hatchback,Honda,Civic,Chicago,I4,Gasoline,M,RWD,False,True,34.4,44.1,70.7,70.5,112.0
SAMPLE00000375,32543.66,119102.0,2014,374.9,2000,156,Coupe,Ford,3 Series,Phoenix,I6,Gasoline,M,FWD,True,False,36.7,43.6,56.9,81.1,118.2
SAMPLE00000376,61468.14,86473.0,2016,216.5,2500,176,Truck,Toyota,Camry,Phoenix,I4,Diesel,A,AWD,True,False,34.9,41.9,56.0,78.4,101.6
SAMPLE00000377,16279.96,51310.0,2020,278.9,1500,74,Coupe,Toyota,Silverado,Los Angeles,I4,Gasoline,M,RWD,False,True,36.1,40.9,68.1,77.7,108.9
SAMPLE00000378,59795.77,121497.0,2021,250.2,2000,434,Hatchback,Nissan,3 Series,Phoenix,I4,Diesel,A,RWD,True,False,37.3,42.8,59.5,79.5,113.3
SAMPLE00000379,30502.01,35743.0,2021,394.5,2500,177,Sedan,Ford,F-150,Los Angeles,I4,Hybrid,A,FWD,True,False,34.6,44.7,77.6,73.9,102.0
SAMPLE00000380,21499.07,33657.0,2022,349.3,3000,283,Coupe,Ford,Altima,Houston,V6,Gasoline,A,AWD,False,False,40.2,38.7,55.4,80.4,101.6
SAMPLE00000381,53320.54,75675.0,2021,373.5,2500,329,Sedan,Ford,Civic,Chicago,I6,Gasoline,A,FWD,True,True,36.4,44.3,72.2,72.6,104.1
SAMPLE00000382,49591.86,39127.0,2014,176.3,2000,132,Sedan,Toyota,Camry,Los Angeles,I6,Hybrid,A,FWD,False,False,41.1,40.1,56.0,81.9,102.6
SAMPLE00000383,63260.96,1363.0,2016,331.8,2500,124,Coupe,Ford,Silverado,New York,I4,Hybrid,A,AWD,False,False,39.1,38.0,69.1,78.5,107.6
SAMPLE00000384,55428.91,97245.0,2021,179.6,1500,311,Truck,Chevrolet,F-150,New York,I6,Diesel,A,AWD,True,True,34.6,43.2,64.7,82.0,108.2
SAMPLE00000385,59191.45,76664.0,2016,162.6,3000,319,Truck,Chevrolet,3 Series,Houston,I6,Gasoline,A,FWD,True,True,38.8,43.5,69.6,68.9,109.1
SAMPLE00000386,30511.9,66828.0,2020,383.3,1500,126,Coupe,Chevrolet,3 Series,Chicago,I4,Hybrid,A,RWD,True,False,33.2,40.1,72.5,82.3,109.8
SAMPLE00000387,24759.17,145045.0,2022,105.8,3000,376,Truck,Ford,Silverado,Los Angeles,I4,Gasoline,M,AWD,True,False,40.3,43.4,55.8,69.7,101.2
SAMPLE00000388,56283.81,85680.0,2021,389.6,3000,344,SUV / Crossover,Chevrolet,Civic,Houston,V6,Gasoline,A,AWD,False,False,41.8,43.6,67.0,79.4,113.3
SAMPLE00000389,59375.91,129515.0,2022,144.8,2500,224,Sedan,Nissan,Altima,Chicago,V6,Gasoline,M,AWD,False,True,39.1,42.7,76.7,71.9,114.7
SAMPLE00000390,69477.78,20918.0,2015,345.8,1500,16,Coupe,Ford,F-150,New York,I4,Gasoline,A,AWD,False,False,41.3,38.3,60.0,68.8,102.7
SAMPLE00000391,37693.97,85381.0,2012,182.8,3000,496,Hatchback,Nissan,Silverado,Los Angeles,V6,Diesel,A,RWD,True,True,35.7,42.7,56.8,72.4,104.5
SAMPLE00000392,35460.99,130197.0,2021,205.2,3000,480,Coupe,Chevrolet,Silverado,Chicago,V6,Hybrid,M,RWD,True,True,36.8,44.5,72.7,74.9,105.6
SAMPLE00000393,57702.71,87466.0,2016,165.0,2500,472,Coupe,Ford,3 Series,Phoenix,I6,Gasoline,A,FWD,True,True,36.8,42.3,72.1,70.4,108.3
SAMPLE00000394,33744.19,107702.0,2012,275.7,2000,352,Sedan,BMW,Silverado,Los Angeles,I4,Hybrid,A,FWD,True,False,34.0,40.6,64.0,69.7,108.0
SAMPLE00000395,66191.65,55807.0,2017,204.4,2000,310,Hatchback,Honda,Camry,Phoenix,I6,Hybrid,M,AWD,True,False,40.2,41.9,74.1,84.9,104.1
SAMPLE00000396,62212.7,13867.0,2021,297.2,3500,245,Sedan,BMW,Camry,Houston,I6,Diesel,M,FWD,False,False,37.5,45.0,67.5,69.3,101.5
SAMPLE00000397,38594.67,68685.0,2021,104.7,3500,136,Truck,Honda,F-150,Chicago,I4,Diesel,A,RWD,False,True,37.4,41.3,65.9,71.2,105.8
SAMPLE00000398,56297.91,59172.0,2018,119.3,3000,474,Coupe,Honda,Silverado,Chicago,I6,Gasoline,A,AWD,False,True,39.0,43.9,73.9,72.3,115.6
SAMPLE00000399,56499.86,130059.0,2012,129.9,2000,216,Sedan,Chevrolet,3 Series,Chicago,V6,Gasoline,M,AWD,False,False,34.5,39.0,57.3,73.4,101.2
SAMPLE00000400,20671.81,36599.0,2021,225.7,3000,195,SUV / Crossover,Honda,Altima,Chicago,V6,Diesel,A,AWD,False,False,40.3,38.4,60.1,70.2,107.3
SAMPLE00000401,64640.41,145010.0,2015,344.4,1500,200,Coupe,Honda,F-150,Los Angeles,V6,Hybrid,A,FWD,True,True,36.3,40.7,65.2,82.3,103.9
SAMPLE00000402,42788.88,143721.0,2020,366.5,2000,365,Truck,BMW,Civic,Phoenix,V6,Hybrid,A,AWD,False,False,33.7,39.0,57.0,83.7,114.3
SAMPLE00000403,60455.16,37145.0,2012,173.4,2000,206,Sedan,Honda,3 Series,Phoenix,V6,Diesel,M,AWD,False,False,34.7,40.3,77.9,77.3,106.6
SAMPLE00000404,32602.73,52208.0,2020,272.3,2000,15,Sedan,Ford,Civic,Houston,I6,Gasoline,A,RWD,False,True,35.3,43.0,62.2,77.6,107.9
SAMPLE00000405,64253.78,134333.0,2019,330.5,3500,399,SUV / Crossover,Nissan,F-150,Houston,I4,Gasoline,M,AWD,True,True,34.6,41.1,76.8,84.9,118.3
SAMPLE00000406,36406.09,144993.0,2016,186.6,2500,12,Truck,Nissan,Camry,Chicago,I6,Gasoline,A,FWD,True,False,35.2,40.2,65.9,83.0,112.2
SAMPLE00000407,15596.07,66516.0,2017,222.7,2500,77,SUV / Crossover,Ford,3 Series,New York,I6,Diesel,A,AWD,False,True,42.0,44.2,76.3,74.9,116.5
SAMPLE00000408,64796.01,48150.0,2018,257.2,3500,213,Coupe,Chevrolet,Altima,New York,V6,Diesel,A,FWD,True,True,37.8,38.1,65.1,80.9,113.7
SAMPLE00000409,20020.77,78914.0,2015,140.5,3500,340,Hatchback,BMW,3 Series,Chicago,V6,Hybrid,M,RWD,True,False,38.4,43.7,73.7,72.5,119.2
SAMPLE00000410,32562.25,103165.0,2017,107.8,3500,328,Sedan,Toyota,F-150,Phoenix,I6,Diesel,M,RWD,False,True,34.5,42.3,72.3,68.9,111.4
SAMPLE00000411,67253.41,41021.0,2018,145.8,2500,446,SUV / Crossover,Nissan,3 Series,Houston,I6,Gasoline,M,AWD,True,False,33.4,38.3,76.8,68.4,105.0
SAMPLE00000412,67283.39,110471.0,2022,288.1,3000,118,Sedan,BMW,3 Series,Los Angeles,I4,Hybrid,A,RWD,True,True,35.8,38.2,69.7,77.2,113.9
SAMPLE00000413,46539.08,7749.0,2017,122.1,3500,424,Sedan,Nissan,F-150,New York,I4,Gasoline,A,AWD,True,False,39.9,39.2,60.2,76.5,116.4
SAMPLE00000414,49751.05,7394.0,2022,156.9,3000,180,SUV / Crossover,Toyota,Silverado,Houston,I4,Gasoline,M,RWD,False,True,38.0,44.8,67.5,70.6,119.4
SAMPLE00000415,39664.5,57943.0,2017,201.4,3000,323,Sedan,Honda,F-150,New York,I4,Hybrid,M,RWD,False,True,33.1,38.6,58.4,82.5,112.4
SAMPLE00000416,31126.59,53021.0,2013,123.4,1500,329,Truck,Toyota,3 Series,Phoenix,I4,Gasoline,M,FWD,False,True,40.1,43.2,62.7,77.9,116.4
SAMPLE00000417,33076.55,47345.0,2016,157.5,2500,354,Truck,Honda,Altima,Phoenix,V6,Hybrid,A,FWD,True,False,33.9,40.8,73.2,74.5,114.2
SAMPLE00000418,51988.52,73653.0,2014,373.4,3000,372,Hatchback,Nissan,Altima,Chicago,I4,Gasoline,A,AWD,False,True,37.0,39.7,55.3,76.6,115.5
SAMPLE00000419,56380.6,48110.0,2018,105.8,2500,136,Truck,BMW,F-150,Chicago,I6,Gasoline,M,AWD,True,True,42.0,42.0,69.3,69.7,112.0
SAMPLE00000420,58536.85,28839.0,2015,296.0,2500,178,SUV / Crossover,BMW,3 Series,New York,V6,Hybrid,A,FWD,True,True,34.1,40.6,70.9,83.3,105.8
SAMPLE00000421,58429.0,46420.0,2012,215.3,1500,431,Truck,Chevrolet,Civic,New York,I6,Gasoline,A,RWD,False,True,40.3,40.2,75.7,72.9,101.8
SAMPLE00000422,20016.34,146236.0,2017,301.8,2500,207,Hatchback,Nissan,Civic,Houston,V6,Gasoline,M,AWD,False,False,40.2,39.7,72.4,71.0,114.4
SAMPLE00000423,42193.12,61667.0,2017,276.6,3000,432,Coupe,Chevrolet,Camry,Chicago,V6,Hybrid,A,RWD,True,True,37.0,41.2,64.3,75.2,116.6
SAMPLE00000424,18165.73,66707.0,2018,167.0,2000,401,Coupe,Nissan,F-150,Phoenix,I4,Hybrid,M,FWD,True,True,41.9,39.2,72.6,72.8,115.4
SAMPLE00000425,45224.09,86482.0,2022,354.2,3000,393,SUV / Crossover,Honda,F-150,Houston,I6,Hybrid,M,RWD,False,True,35.8,44.0,69.4,73.2,100.8
SAMPLE00000426,39284.18,147501.0,2019,247.6,3000,468,Hatchback,Nissan,Civic,Houston,I4,Diesel,M,RWD,False,True,35.8,42.1,68.5,82.0,101.1
SAMPLE00000427,63823.73,36240.0,2014,346.8,2500,370,Truck,Nissan,Civic,Los Angeles,I6,Gasoline,M,AWD,True,False,34.4,38.4,56.7,77.3,102.1
SAMPLE00000428,34300.33,102192.0,2017,221.8,3000,53,Hatchback,Honda,Civic,Phoenix,I6,Hybrid,M,RWD,True,True,36.3,41.2,67.4,83.8,116.5
SAMPLE00000429,21438.69,107398.0,2021,395.4,2000,78,Sedan,Ford,Altima,Houston,I4,Gasoline,A,FWD,False,False,35.7,42.4,74.9,84.2,112.2
SAMPLE00000430,22864.54,91099.0,2013,331.1,2500,270,Hatchback,Ford,Altima,Los Angeles,I4,Hybrid,M,RWD,True,False,38.4,44.0,65.0,84.9,111.8
SAMPLE00000431,56883.08,13287.0,2020,389.8,3500,394,Truck,Nissan,Camry,Chicago,V6,Gasoline,M,FWD,True,False,33.4,38.2,71.2,70.2,104.3
SAMPLE00000432,49001.99,101531.0,2013,254.3,3000,423,SUV / Crossover,Ford,Camry,Phoenix,V6,Gasoline,A,FWD,True,True,35.8,41.2,75.8,83.2,101.5
SAMPLE00000433,20561.75,9614.0,2014,242.1,3000,117,Sedan,BMW,Silverado,Chicago,V6,Hybrid,A,AWD,True,False,33.0,42.9,67.3,73.0,115.9
SAMPLE00000434,19625.87,89421.0,2021,326.6,1500,367,Hatchback,Nissan,Altima,Los Angeles,I6,Hybrid,M,FWD,False,True,33.1,39.4,57.0,78.7,116.6
SAMPLE00000435,53553.3,110937.0,2013,364.1,3500,105,Coupe,Toyota,F-150,Phoenix,I4,Diesel,M,FWD,False,False,40.4,39.5,56.2,82.9,105.0
SAMPLE00000436,19001.97,31645.0,2020,389.2,3500,104,Truck,Honda,Camry,New York,V6,Hybrid,M,AWD,False,True,39.7,41.4,73.3,69.6,116.5
SAMPLE00000437,60202.3,126243.0,2012,197.4,2000,302,SUV / Crossover,Chevrolet,3 Series,New York,I4,Hybrid,M,AWD,True,True,39.7,44.2,55.8,70.6,106.3
SAMPLE00000438,53843.32,4553.0,2016,339.6,3500,117,Truck,Honda,F-150,New York,V6,Hybrid,A,AWD,True,True,36.2,40.8,78.0,80.5,116.2
SAMPLE00000439,19474.18,126572.0,2012,163.2,1500,381,Hatchback,Nissan,Silverado,Houston,V6,Diesel,M,FWD,False,False,39.3,41.4,57.9,73.9,101.4
SAMPLE00000440,19666.07,69049.0,2016,263.7,2000,228,SUV / Crossover,Toyota,Civic,New York,I4,Gasoline,M,AWD,True,True,35.3,42.5,72.8,79.1,106.9
SAMPLE00000441,69265.18,32638.0,2019,154.0,3500,147,Coupe,Honda,Silverado,Houston,V6,Diesel,M,FWD,True,False,35.8,40.2,75.0,69.9,115.4
SAMPLE00000442,35584.89,20067.0,2019,204.2,2000,353,Sedan,Chevrolet,F-150,Houston,I4,Gasoline,M,FWD,True,True,38.1,44.1,62.0,84.5,105.8
SAMPLE00000443,35385.32,142996.0,2022,379.4,3500,149,Hatchback,Chevrolet,Civic,Los Angeles,V6,Hybrid,A,FWD,False,True,39.3,44.7,67.5,76.5,100.8
SAMPLE00000444,59703.98,10900.0,2019,143.8,3500,303,SUV / Crossover,Toyota,Silverado,New York,I4,Hybrid,A,AWD,True,True,35.4,42.6,76.9,82.8,103.0
SAMPLE00000445,67098.67,29864.0,2013,289.7,3500,255,Sedan,Chevrolet,Silverado,Phoenix,V6,Hybrid,M,FWD,True,False,39.1,42.5,77.0,79.5,119.2
SAMPLE00000446,69230.06,52173.0,2019,277.9,3000,81,SUV / Crossover,BMW,F-150,Houston,V6,Diesel,M,FWD,False,False,41.7,42.7,76.4,84.2,112.0
SAMPLE00000447,56435.8,93035.0,2016,136.2,3500,15,Hatchback,Chevrolet,Camry,Los Angeles,I6,Diesel,M,AWD,False,True,37.4,39.4,61.3,77.7,103.5
SAMPLE00000448,35694.28,81720.0,2012,197.8,3000,388,SUV / Crossover,Toyota,3 Series,Houston,I4,Hybrid,A,AWD,False,True,36.7,43.1,56.4,73.2,113.0
SAMPLE00000449,19592.54,18847.0,2018,268.9,2500,192,Coupe,Toyota,Silverado,Phoenix,V6,Diesel,M,FWD,True,True,35.1,40.4,57.4,78.4,112.5
SAMPLE00000450,57743.08,43459.0,2017,156.2,1500,210,SUV / Crossover,Honda,3 Series,Phoenix,I6,Hybrid,A,FWD,False,True,36.2,45.0,58.3,84.9,108.2
SAMPLE00000451,45712.23,35813.0,2016,340.2,2000,73,Hatchback,Chevrolet,Altima,New York,I4,Diesel,A,FWD,True,True,37.8,43.3,70.4,81.9,113.3
SAMPLE00000452,38332.21,32031.0,2012,391.6,2000,276,SUV / Crossover,Chevrolet,Altima,Houston,V6,Hybrid,M,AWD,False,True,41.5,42.1,73.5,75.7,102.2
SAMPLE00000453,64849.49,61672.0,2012,164.4,2500,60,Sedan,Nissan,F-150,Phoenix,V6,Diesel,A,AWD,False,False,35.3,44.4,56.2,81.9,106.4
SAMPLE00000454,21115.86,105605.0,2017,156.1,3500,460,Sedan,Nissan,F-150,Chicago,V6,Gasoline,A,RWD,False,True,35.1,44.8,75.5,79.9,100.8
SAMPLE00000455,42094.38,32618.0,2021,236.5,1500,438,Truck,Toyota,Camry,Phoenix,I4,Hybrid,M,AWD,False,False,41.6,43.7,72.2,84.0,118.3
SAMPLE00000456,15624.45,55002.0,2018,324.3,2500,23,Truck,Nissan,Civic,Phoenix,I6,Diesel,M,FWD,True,False,38.5,43.3,67.2,74.2,117.9
SAMPLE00000457,40776.34,58638.0,2021,184.5,2500,22,Coupe,Honda,3 Series,Houston,V6,Diesel,A,AWD,True,True,39.6,38.4,77.8,68.7,104.1
SAMPLE00000458,18096.68,146468.0,2021,106.0,2000,342,Sedan,Honda,Silverado,Phoenix,I6,Hybrid,A,AWD,True,True,40.5,42.9,61.1,69.5,114.2
SAMPLE00000459,21534.99,143200.0,2012,262.4,3000,394,Truck,BMW,Civic,Los Angeles,I4,Diesel,A,RWD,False,False,33.7,40.4,60.0,81.0,116.3
SAMPLE00000460,21463.94,120021.0,2020,387.0,3000,430,SUV / Crossover,BMW,Altima,Phoenix,I4,Gasoline,M,RWD,True,False,37.4,44.5,62.7,79.8,108.1
SAMPLE00000461,50706.57,36249.0,2015,217.4,3500,257,Coupe,Toyota,Altima,Chicago,V6,Gasoline,A,FWD,False,False,34.3,42.3,67.1,80.5,116.3
SAMPLE00000462,56032.47,10206.0,2016,226.0,3500,197,Hatchback,Honda,3 Series,Phoenix,V6,Diesel,M,RWD,False,True,38.6,40.6,63.9,79.4,109.8
SAMPLE00000463,47085.28,47536.0,2013,390.7,2500,52,Truck,Honda,3 Series,New York,V6,Hybrid,A,FWD,True,True,41.6,40.4,74.1,75.8,115.9
SAMPLE00000464,67919.49,40019.0,2021,308.4,3500,138,Truck,BMW,Civic,Houston,I6,Diesel,M,FWD,False,False,33.5,41.9,75.6,69.2,115.1
SAMPLE00000465,35617.88,75889.0,2019,315.8,3000,270,Sedan,Nissan,Civic,Chicago,I6,Diesel,A,FWD,False,False,35.5,41.4,77.2,82.2,111.2
SAMPLE00000466,30714.16,116659.0,2013,268.8,1500,200,Coupe,BMW,Camry,Los Angeles,V6,Gasoline,A,FWD,False,True,42.0,40.7,73.8,71.1,110.1
SAMPLE00000467,62772.95,128748.0,2014,392.4,2000,395,Sedan,Toyota,Silverado,Phoenix,I4,Diesel,M,RWD,False,False,33.0,39.5,69.0,84.8,105.9
SAMPLE00000468,27297.77,126730.0,2020,306.7,3000,377,Sedan,Honda,Silverado,Phoenix,I4,Hybrid,M,FWD,False,True,34.3,43.6,69.1,71.5,108.2
SAMPLE00000469,67977.24,53951.0,2013,368.5,3500,378,Coupe,Toyota,Silverado,Los Angeles,V6,Gasoline,A,FWD,True,True,33.7,41.0,59.3,69.4,107.8
SAMPLE00000470,15668.5,103085.0,2017,309.8,2000,163,SUV / Crossover,BMW,Altima,Phoenix,I6,Diesel,A,AWD,True,False,39.9,38.7,61.1,74.4,102.1
SAMPLE00000471,68343.34,46925.0,2015,320.5,2000,91,Truck,Chevrolet,Altima,New York,I4,Hybrid,A,FWD,False,True,39.8,38.6,77.9,73.5,110.5
SAMPLE00000472,17373.8,9136.0,2018,187.1,2500,22,Sedan,BMW,Civic,Chicago,I6,Gasoline,A,AWD,False,True,40.0,39.7,61.0,84.6,111.6
SAMPLE00000473,64012.87,105235.0,2017,191.0,3500,410,Truck,Honda,Camry,Phoenix,V6,Hybrid,M,RWD,True,False,40.0,41.9,65.7,74.7,119.4
SAMPLE00000474,44023.56,1474.0,2021,334.9,2500,87,Coupe,Toyota,F-150,Los Angeles,I6,Hybrid,A,AWD,False,True,40.5,39.0,63.9,68.8,105.7
SAMPLE00000475,69613.06,61377.0,2020,189.0,2000,397,SUV / Crossover,Nissan,Camry,Los Angeles,I6,Hybrid,M,RWD,True,True,40.0,39.5,70.8,84.8,108.0
SAMPLE00000476,19058.81,49407.0,2020,268.8,2500,181,Hatchback,Nissan,Altima,Chicago,I6,Diesel,M,RWD,True,False,37.4,41.5,62.7,81.4,111.0
SAMPLE00000477,45461.99,104007.0,2021,174.8,3500,354,SUV / Crossover,Honda,Civic,New York,I4,Gasoline,M,AWD,False,True,39.7,39.5,70.7,85.0,117.1
SAMPLE00000478,68311.64,114937.0,2015,345.1,3000,282,Coupe,BMW,Camry,Chicago,I6,Diesel,M,RWD,False,True,38.4,44.0,77.1,73.4,105.2
SAMPLE00000479,43770.38,45614.0,2012,133.2,1500,20,SUV / Crossover,BMW,Civic,Phoenix,I6,Gasoline,M,RWD,False,True,36.3,42.1,60.8,70.0,104.7
SAMPLE00000480,49616.93,121744.0,2013,348.8,3000,48,Hatchback,Ford,3 Series,New York,I6,Hybrid,M,RWD,True,False,40.5,38.6,63.5,74.8,110.6
SAMPLE00000481,53266.18,44088.0,2019,280.8,2000,189,Sedan,BMW,3 Series,New York,V6,Hybrid,A,AWD,True,True,40.1,39.0,62.9,70.4,102.6
SAMPLE00000482,39999.76,66949.0,2021,156.1,3000,204,SUV / Crossover,Honda,F-150,Los Angeles,I6,Diesel,A,RWD,False,False,34.6,39.4,61.9,70.5,113.9
SAMPLE00000483,49515.69,109053.0,2019,262.6,2500,455,Coupe,Toyota,Altima,New York,I6,Hybrid,M,FWD,False,True,33.2,42.4,61.2,83.3,117.2
SAMPLE00000484,47137.29,103938.0,2013,184.7,3500,43,SUV / Crossover,Toyota,3 Series,Phoenix,I4,Hybrid,A,AWD,True,False,35.8,38.7,69.5,84.9,100.6
SAMPLE00000485,64563.69,148105.0,2015,197.0,3000,491,Hatchback,Ford,F-150,Phoenix,V6,Hybrid,M,FWD,True,False,36.6,38.3,67.6,84.9,103.9
SAMPLE00000486,17499.55,33774.0,2012,205.5,3000,299,Coupe,Nissan,Silverado,Phoenix,I6,Gasoline,M,AWD,True,True,34.6,43.1,66.7,75.5,111.6
SAMPLE00000487,30452.98,99348.0,2018,119.0,3500,127,SUV / Crossover,Honda,Civic,Houston,I4,Gasoline,M,FWD,True,False,40.7,41.3,73.4,72.1,116.6
SAMPLE00000488,67272.63,91452.0,2015,395.8,2500,481,Coupe,BMW,Silverado,New York,I4,Diesel,A,RWD,False,True,33.3,43.9,58.4,70.9,109.8
SAMPLE00000489,63964.51,137265.0,2022,109.5,1500,188,Hatchback,Chevrolet,Silverado,New York,I6,Gasoline,A,FWD,True,True,37.4,43.6,58.9,74.5,115.7
SAMPLE00000490,40061.12,23454.0,2019,298.7,3000,169,Sedan,Toyota,F-150,Phoenix,I4,Hybrid,A,FWD,False,False,33.5,39.9,66.8,78.2,108.4
SAMPLE00000491,49107.29,112770.0,2020,211.4,2000,278,Hatchback,Honda,Civic,Los Angeles,I4,Hybrid,M,FWD,True,True,37.8,39.3,63.1,80.6,107.8
SAMPLE00000492,30255.97,85240.0,2020,293.8,2500,200,Sedan,Ford,F-150,New York,I4,Hybrid,A,AWD,True,False,37.2,41.6,59.0,76.8,103.6
SAMPLE00000493,25346.66,41200.0,2014,206.9,2500,384,Truck,Chevrolet,Camry,Houston,I4,Diesel,M,RWD,True,True,40.0,38.6,70.9,82.3,103.0
SAMPLE00000494,40503.41,71165.0,2016,302.1,3000,124,Hatchback,Nissan,Silverado,New York,I6,Hybrid,M,RWD,True,False,39.2,42.4,66.4,83.6,114.9
SAMPLE00000495,34434.37,50066.0,2017,318.8,3500,291,Sedan,Honda,Civic,Chicago,I6,Hybrid,A,FWD,False,False,40.6,38.1,59.7,83.1,103.4
SAMPLE00000496,47101.09,86897.0,2017,307.2,3000,310,Truck,BMW,Silverado,Houston,I4,Diesel,M,FWD,False,True,37.9,43.6,61.1,74.3,108.2
SAMPLE00000497,19275.41,133350.0,2021,134.2,3000,365,Truck,Nissan,Camry,Los Angeles,I6,Gasoline,M,AWD,False,True,40.4,44.2,71.6,84.2,110.9
SAMPLE00000498,68591.71,85396.0,2019,297.1,3500,15,Truck,Toyota,Altima,Houston,I6,Gasoline,M,FWD,True,True,39.5,45.0,62.5,83.7,105.3
SAMPLE00000499,69241.59,94758.0,2017,184.0,2000,344,Coupe,BMW,Camry,Houston,I4,Gasoline,M,FWD,False,True,40.0,40.4,59.7,75.0,116.6
SAMPLE00000500,53398.89,77812.0,2017,108.6,3500,273,Hatchback,Ford,Altima,New York,I4,Diesel,M,FWD,False,False,38.4,41.9,77.2,75.2,108.1
SAMPLE00000501,44485.3,7675.0,2015,224.4,3000,481,Hatchback,Toyota,Civic,Houston,I4,Diesel,A,AWD,False,True,39.5,44.0,57.0,69.3,107.5
SAMPLE00000502,32024.02,34929.0,2018,230.1,1500,293,Hatchback,Chevrolet,Civic,Phoenix,I6,Hybrid,M,FWD,False,False,36.6,41.2,58.4,83.9,103.6
SAMPLE00000503,59758.73,73800.0,2019,240.2,3500,450,Hatchback,Toyota,Camry,Houston,I6,Hybrid,M,FWD,True,False,33.8,40.3,71.5,69.5,104.4
SAMPLE00000504,52660.21,46535.0,2014,311.4,2000,19,Coupe,BMW,Silverado,New York,V6,Diesel,A,FWD,True,True,36.7,38.3,64.8,76.3,105.8
SAMPLE00000505,23943.93,27265.0,2018,192.7,3500,18,Hatchback,Nissan,3 Series,Phoenix,V6,Diesel,A,AWD,True,True,34.6,40.8,72.3,80.3,107.0
SAMPLE00000506,65101.0,75620.0,2014,194.6,3500,12,Sedan,Honda,Silverado,Los Angeles,I4,Hybrid,M,AWD,True,False,38.7,38.6,67.7,83.0,114.0
SAMPLE00000507,60239.55,48421.0,2019,118.2,2500,16,Truck,Honda,3 Series,Chicago,V6,Hybrid,A,RWD,False,False,35.4,40.5,55.9,77.7,119.9
SAMPLE00000508,67239.0,38716.0,2012,306.0,2500,205,Coupe,Honda,F-150,Houston,I6,Hybrid,M,AWD,True,True,41.6,40.4,70.7,79.6,110.1
SAMPLE00000509,54914.57,69598.0,2012,270.3,3000,29,Coupe,Ford,Civic,Phoenix,V6,Gasoline,A,RWD,True,True,35.4,42.5,73.5,80.1,114.1
SAMPLE00000510,48737.84,19993.0,2017,204.8,3000,469,Hatchback,Ford,Camry,Phoenix,V6,Gasoline,A,RWD,True,False,33.9,40.6,67.7,68.3,104.9
SAMPLE00000511,38003.37,139162.0,2021,311.6,3500,298,Truck,Honda,F-150,Los Angeles,I4,Hybrid,A,FWD,False,True,40.9,40.7,62.1,84.0,118.9
SAMPLE00000512,66300.07,130155.0,2020,261.2,1500,303,Sedan,Chevrolet,Silverado,Los Angeles,I6,Diesel,M,RWD,True,False,36.7,40.0,55.4,74.1,116.2
SAMPLE00000513,62633.51,106143.0,2015,240.8,3000,42,Truck,BMW,3 Series,Chicago,I6,Gasoline,A,FWD,True,False,36.2,42.3,75.9,71.0,113.7
SAMPLE00000514,17487.03,15932.0,2017,253.4,3500,92,SUV / Crossover,Chevrolet,Altima,Chicago,I6,Hybrid,A,AWD,True,False,41.0,40.7,71.3,76.0,106.3
SAMPLE00000515,16450.18,116382.0,2016,290.9,3500,369,Truck,Honda,Civic,New York,I6,Gasoline,A,AWD,True,True,38.9,44.6,56.0,80.5,101.6
SAMPLE00000516,35705.49,121194.0,2012,298.0,3500,65,Sedan,BMW,3 Series,Chicago,V6,Diesel,M,RWD,False,False,37.8,44.2,74.3,82.1,119.4
SAMPLE00000517,59580.43,115165.0,2017,186.7,3500,118,Sedan,Ford,Silverado,Chicago,I4,Diesel,A,FWD,False,True,35.9,39.7,56.2,80.2,114.5
SAMPLE00000518,69300.19,17095.0,2020,142.2,3500,308,Sedan,Toyota,Silverado,Phoenix,V6,Diesel,A,RWD,False,True,35.6,40.8,71.4,74.8,102.7
SAMPLE00000519,23272.93,96586.0,2014,147.0,2500,71,Coupe,Toyota,Camry,Houston,I6,Hybrid,A,RWD,True,False,38.2,42.4,71.0,79.6,111.0
SAMPLE00000520,47677.19,125149.0,2022,291.8,2000,333,Coupe,BMW,F-150,Houston,I4,Hybrid,A,AWD,True,False,37.5,38.1,76.1,75.3,112.2
SAMPLE00000521,35949.0,86603.0,2014,361.9,2000,161,SUV / Crossover,Chevrolet,Civic,Chicago,I4,Gasoline,A,RWD,False,True,35.5,39.6,58.8,84.8,108.9
SAMPLE00000522,68345.29,96961.0,2013,222.8,3500,460,Truck,BMW,Camry,New York,I6,Hybrid,A,FWD,True,True,34.7,40.0,68.0,84.9,109.4
SAMPLE00000523,61316.54,68755.0,2015,150.9,3000,329,Hatchback,Chevrolet,3 Series,New York,I6,Hybrid,A,AWD,False,True,40.4,40.8,67.5,72.2,110.9
SAMPLE00000524,61108.08,79306.0,2021,327.0,1500,327,SUV / Crossover,Nissan,F-150,Houston,I4,Hybrid,M,AWD,False,True,39.2,44.2,55.8,76.2,116.0
SAMPLE00000525,40778.12,5157.0,2014,349.7,3500,454,Hatchback,Chevrolet,Civic,Los Angeles,I6,Gasoline,M,RWD,True,False,41.9,38.7,69.7,77.8,116.2
SAMPLE00000526,37815.07,95844.0,2013,364.2,1500,268,Hatchback,Toyota,3 Series,Phoenix,I6,Hybrid,A,RWD,False,True,37.6,38.5,60.8,78.8,119.2
SAMPLE00000527,30037.39,12217.0,2012,282.0,2500,217,SUV / Crossover,Ford,Civic,Chicago,I6,Diesel,M,RWD,False,True,41.9,42.7,62.6,75.4,103.4
SAMPLE00000528,18100.65,65252.0,2014,358.2,2000,253,Truck,Honda,Civic,Phoenix,I6,Hybrid,A,FWD,True,True,37.1,40.6,60.6,76.9,102.2
SAMPLE00000529,62559.73,43898.0,2021,104.6,2500,439,Hatchback,Ford,Altima,Chicago,I4,Hybrid,A,RWD,True,False,37.8,39.2,56.3,77.4,112.2
SAMPLE00000530,59709.56,81814.0,2017,132.2,3000,58,Coupe,Honda,Altima,Chicago,I4,Diesel,A,FWD,True,True,34.9,42.9,58.8,74.6,114.1
SAMPLE00000531,69984.47,20012.0,2020,127.8,3000,31,Coupe,Nissan,F-150,Houston,V6,Gasoline,M,RWD,False,True,34.3,39.7,59.8,73.4,106.8
SAMPLE00000532,69815.03,103747.0,2022,313.8,3500,338,SUV / Crossover,Toyota,Altima,Phoenix,V6,Hybrid,M,RWD,True,True,41.5,42.0,68.3,78.8,119.7
SAMPLE00000533,45548.74,119252.0,2016,120.9,3000,119,Hatchback,Honda,3 Series,Phoenix,I4,Hybrid,M,AWD,True,True,41.8,40.9,58.1,75.5,116.8
SAMPLE00000534,57294.31,24503.0,2014,248.9,3000,462,SUV / Crossover,Nissan,Altima,Los Angeles,V6,Hybrid,A,AWD,True,True,37.9,40.5,76.2,84.5,109.9
SAMPLE00000535,66962.12,15647.0,2016,241.8,2500,309,Coupe,Chevrolet,Camry,Los Angeles,I6,Hybrid,M,FWD,True,False,35.5,43.0,60.3,74.4,114.5
SAMPLE00000536,61730.61,21827.0,2016,193.2,1500,1,SUV / Crossover,BMW,Camry,Phoenix,I6,Diesel,M,RWD,True,True,41.6,42.3,70.0,71.3,109.1
SAMPLE00000537,28604.15,131569.0,2016,361.1,2000,117,Hatchback,Honda,Camry,Los Angeles,I4,Hybrid,A,FWD,True,False,40.2,41.6,58.6,75.3,104.0
SAMPLE00000538,39779.93,79228.0,2018,151.1,3000,36,Hatchback,Ford,Civic,Los Angeles,V6,Gasoline,A,AWD,True,False,34.6,38.9,73.3,79.2,103.2
SAMPLE00000539,22103.77,70089.0,2016,205.7,3000,466,Coupe,Toyota,Silverado,Chicago,I6,Diesel,A,AWD,True,True,35.7,42.1,56.6,75.5,105.8
SAMPLE00000540,67472.81,16007.0,2018,332.3,2500,96,Sedan,Toyota,F-150,Houston,V6,Diesel,A,AWD,True,True,33.0,42.8,72.0,72.9,117.9
SAMPLE00000541,48339.6,97433.0,2020,109.1,2000,358,Sedan,Nissan,Camry,Chicago,I4,Gasoline,A,AWD,True,False,38.2,43.7,64.0,76.4,107.5
SAMPLE00000542,27575.35,130200.0,2016,301.9,2500,369,Truck,BMW,F-150,Los Angeles,I4,Hybrid,A,FWD,False,False,37.7,40.1,65.7,75.6,118.1
SAMPLE00000543,51943.54,124228.0,2013,344.9,1500,416,Coupe,Chevrolet,Altima,Chicago,V6,Hybrid,A,RWD,False,False,34.5,39.9,63.4,84.1,116.0
SAMPLE00000544,48997.05,93908.0,2016,379.7,2500,256,Truck,Chevrolet,Civic,Chicago,I4,Hybrid,A,FWD,False,False,36.1,43.2,64.2,68.3,112.1
SAMPLE00000545,34698.95,11292.0,2019,362.9,2000,127,Coupe,Toyota,F-150,New York,I6,Gasoline,M,RWD,False,False,41.5,41.3,55.1,74.7,117.9
SAMPLE00000546,21245.67,16860.0,2015,195.8,2000,358,Hatchback,Chevrolet,Camry,Chicago,I6,Diesel,M,AWD,True,True,38.8,40.8,55.6,73.8,103.8
SAMPLE00000547,51936.53,7396.0,2013,275.9,3000,155,Coupe,Nissan,Camry,Chicago,V6,Hybrid,A,FWD,True,True,40.8,39.1,73.3,71.8,101.5
SAMPLE00000548,43616.92,38622.0,2021,123.2,1500,144,SUV / Crossover,BMW,Civic,Houston,V6,Gasoline,M,RWD,False,True,40.5,41.0,59.9,77.3,115.0
SAMPLE00000549,57477.51,20349.0,2014,177.4,3500,56,Truck,Toyota,Civic,Phoenix,I4,Gasoline,A,RWD,True,False,41.3,43.1,69.0,78.4,118.1
SAMPLE00000550,43608.99,39007.0,2020,128.3,3000,69,Coupe,Chevrolet,3 Series,New York,I4,Hybrid,M,AWD,True,True,33.4,41.2,70.0,68.2,107.7
SAMPLE00000551,61869.98,57759.0,2020,194.6,2500,435,Truck,Honda,Civic,New York,V6,Gasoline,M,RWD,True,True,35.4,44.1,71.1,79.5,100.1
SAMPLE00000552,45354.88,141447.0,2019,362.6,2500,43,Coupe,Honda,Silverado,New York,I4,Hybrid,M,RWD,True,False,36.7,38.0,68.7,74.5,115.3
SAMPLE00000553,45851.59,91556.0,2019,204.2,2000,211,Sedan,Nissan,Silverado,New York,V6,Hybrid,A,FWD,True,True,38.8,39.3,69.5,83.7,107.3
SAMPLE00000554,63215.95,125246.0,2019,268.6,2000,174,Truck,Chevrolet,Camry,Houston,V6,Hybrid,A,AWD,False,False,38.5,42.3,68.4,80.6,111.7
SAMPLE00000555,37191.56,106553.0,2019,230.0,2000,140,Hatchback,Honda,Altima,Phoenix,I6,Diesel,A,AWD,False,False,35.2,42.7,76.3,76.7,104.2
SAMPLE00000556,22370.84,16875.0,2019,237.7,3500,75,Hatchback,BMW,Civic,Houston,I4,Gasoline,A,RWD,False,False,34.7,39.9,70.3,84.2,113.6
SAMPLE00000557,16583.05,110388.0,2012,390.9,3500,157,Coupe,Ford,Silverado,New York,V6,Diesel,A,RWD,False,True,36.9,44.6,63.1,79.7,110.6
SAMPLE00000558,56532.55,41265.0,2017,188.8,3000,84,Hatchback,BMW,Silverado,Phoenix,I6,Hybrid,A,AWD,False,False,35.3,40.3,63.2,81.7,100.6
SAMPLE00000559,49117.03,95866.0,2020,288.2,3500,321,Hatchback,Nissan,3 Series,Houston,V6,Gasoline,M,AWD,False,True,41.7,40.9,56.8,84.3,100.1
SAMPLE00000560,53724.39,51144.0,2019,226.0,2000,308,Truck,BMW,Altima,Phoenix,I4,Hybrid,M,AWD,False,False,41.7,44.8,77.8,83.1,108.8
SAMPLE00000561,26713.03,149651.0,2014,118.3,3000,17,Coupe,Chevrolet,Altima,Houston,I6,Gasoline,A,RWD,False,True,34.0,41.4,75.5,69.2,103.3
SAMPLE00000562,22500.43,39533.0,2022,246.8,3000,283,Truck,BMW,Civic,Phoenix,I4,Hybrid,A,RWD,False,False,39.3,42.3,56.0,71.6,118.1
SAMPLE00000563,15799.96,41870.0,2012,344.0,1500,387,Coupe,Chevrolet,3 Series,Houston,I6,Gasoline,M,AWD,True,True,35.1,41.8,74.8,78.7,102.1
SAMPLE00000564,34282.32,139601.0,2013,129.6,3500,41,Hatchback,Toyota,Altima,New York,I4,Hybrid,M,AWD,True,False,39.5,39.2,58.2,70.7,114.3
SAMPLE00000565,47445.47,3697.0,2022,120.9,2500,490,Coupe,Chevrolet,Altima,New York,V6,Hybrid,M,RWD,True,True,39.9,44.9,60.5,75.9,107.0
SAMPLE00000566,36573.42,104503.0,2013,146.1,2500,381,Coupe,Nissan,F-150,New York,V6,Diesel,A,RWD,False,True,33.4,38.4,70.7,76.2,118.7
SAMPLE00000567,39061.12,108799.0,2018,329.3,1500,372,SUV / Crossover,Chevrolet,3 Series,Houston,V6,Diesel,A,RWD,False,True,39.3,44.9,71.8,75.9,102.7
SAMPLE00000568,64728.73,125457.0,2017,317.2,2000,133,Coupe,Toyota,Altima,Phoenix,I4,Gasoline,M,FWD,False,False,41.1,41.3,66.6,82.0,115.6
SAMPLE00000569,34154.05,146166.0,2022,269.5,1500,101,SUV / Crossover,Ford,F-150,Phoenix,I6,Gasoline,M,AWD,False,False,34.9,39.3,77.3,76.3,119.2
SAMPLE00000570,43269.42,146340.0,2013,240.5,2000,136,Truck,Nissan,F-150,Los Angeles,I4,Diesel,M,FWD,False,True,34.0,39.2,66.3,82.8,119.1
SAMPLE00000571,58100.92,9792.0,2019,366.5,3500,403,SUV / Crossover,Toyota,Altima,Chicago,V6,Hybrid,M,FWD,False,True,38.1,42.6,60.9,81.2,105.1
SAMPLE00000572,36809.85,123276.0,2020,330.0,3500,492,Truck,Chevrolet,Civic,New York,I4,Hybrid,M,RWD,False,True,37.7,43.0,55.2,78.9,105.9
SAMPLE00000573,49214.77,96946.0,2018,343.6,3000,221,Coupe,Nissan,F-150,New York,I6,Gasoline,M,AWD,True,False,41.0,44.3,74.9,77.8,103.0
SAMPLE00000574,62430.0,97101.0,2015,344.0,3000,228,Truck,Honda,F-150,New York,V6,Gasoline,M,RWD,True,True,37.1,39.7,64.1,71.9,107.5
SAMPLE00000575,67223.63,19252.0,2012,292.8,3000,293,Hatchback,Chevrolet,3 Series,Los Angeles,I4,Hybrid,A,RWD,False,False,36.7,41.0,73.0,81.1,113.6
SAMPLE00000576,23089.04,97528.0,2015,237.4,3000,451,Coupe,Toyota,Civic,Los Angeles,V6,Diesel,A,RWD,False,True,39.4,44.8,72.8,81.7,100.2
SAMPLE00000577,65962.32,147372.0,2015,359.4,2500,485,SUV / Crossover,Chevrolet,Civic,Los Angeles,I4,Gasoline,M,RWD,True,False,33.7,41.0,56.0,76.3,113.0
SAMPLE00000578,42066.4,136773.0,2019,377.8,3000,305,Sedan,Toyota,F-150,New York,I4,Hybrid,M,AWD,False,True,33.5,41.2,73.9,71.7,100.4
SAMPLE00000579,29203.44,65870.0,2015,107.1,3000,315,Coupe,BMW,3 Series,Phoenix,V6,Gasoline,M,AWD,True,False,37.5,40.0,61.7,80.9,113.3
SAMPLE00000580,40252.47,5992.0,2015,115.5,3000,396,Hatchback,Ford,3 Series,New York,I6,Diesel,M,RWD,False,False,33.8,44.1,74.3,81.6,116.8
SAMPLE00000581,68901.79,54344.0,2013,387.6,2000,118,Truck,Ford,3 Series,Los Angeles,V6,Gasoline,M,FWD,True,True,41.5,40.6,66.3,77.6,107.2
SAMPLE00000582,42094.0,123959.0,2021,183.1,3000,98,SUV / Crossover,Nissan,3 Series,Los Angeles,I6,Hybrid,A,RWD,True,True,38.9,42.4,68.6,79.9,108.1
SAMPLE00000583,33081.34,105225.0,2018,362.0,1500,349,SUV / Crossover,Toyota,Camry,Chicago,V6,Diesel,M,FWD,False,True,39.8,39.3,57.3,81.2,114.6
SAMPLE00000584,49837.05,68902.0,2015,216.6,3000,425,Hatchback,Ford,Altima,Houston,V6,Hybrid,M,FWD,False,True,35.1,42.3,63.7,73.0,116.2
SAMPLE00000585,28208.01,8265.0,2022,135.7,3000,323,Hatchback,Honda,F-150,Chicago,V6,Diesel,M,RWD,False,True,37.4,44.5,77.3,72.8,120.0
SAMPLE00000586,19172.48,64034.0,2017,124.1,2500,408,Coupe,Nissan,F-150,Chicago,I4,Hybrid,M,AWD,False,False,34.2,43.4,76.3,80.0,110.8
SAMPLE00000587,22088.38,70354.0,2014,147.0,3000,158,Sedan,Honda,F-150,New York,I4,Gasoline,A,RWD,True,False,34.8,38.5,77.9,76.7,117.1
SAMPLE00000588,22042.52,139283.0,2018,175.0,2000,238,Sedan,Ford,Civic,Houston,I6,Diesel,A,AWD,True,False,38.1,42.4,66.7,76.7,101.1
SAMPLE00000589,23354.65,96163.0,2017,246.6,3500,395,Truck,Toyota,Civic,Houston,V6,Diesel,A,FWD,True,True,35.5,41.9,73.8,84.3,102.1
SAMPLE00000590,22635.49,46748.0,2014,310.4,3000,319,SUV / Crossover,Nissan,3 Series,New York,I4,Diesel,A,AWD,False,False,41.3,40.4,65.5,81.6,117.4
SAMPLE00000591,50248.11,78798.0,2015,395.9,3000,334,Coupe,Honda,Altima,Phoenix,I4,Gasoline,A,AWD,True,True,42.0,43.9,76.7,72.4,107.6
SAMPLE00000592,25003.4,9908.0,2021,232.5,3000,188,SUV / Crossover,Ford,Civic,New York,V6,Diesel,A,AWD,True,False,33.0,43.5,77.7,74.9,104.5
SAMPLE00000593,34011.7,145885.0,2016,255.5,2500,308,Coupe,Chevrolet,Silverado,Phoenix,V6,Gasoline,A,RWD,False,False,39.8,42.5,75.2,82.1,108.1
SAMPLE00000594,64323.36,54009.0,2020,256.5,3500,248,Hatchback,Honda,F-150,Phoenix,V6,Gasoline,M,FWD,False,True,34.0,43.2,69.3,69.2,110.5
SAMPLE00000595,41067.89,71680.0,2017,261.8,2500,25,Truck,BMW,F-150,Houston,I6,Diesel,A,FWD,True,True,38.2,39.4,77.7,73.5,106.5
SAMPLE00000596,51715.68,53293.0,2015,255.3,2500,188,Hatchback,Nissan,Camry,New York,V6,Hybrid,A,AWD,True,True,35.1,44.4,77.6,73.8,104.0
SAMPLE00000597,24477.59,102377.0,2022,102.6,2500,393,SUV / Crossover,Honda,Camry,New York,I4,Diesel,A,FWD,True,False,41.7,42.7,65.9,74.6,100.7
SAMPLE00000598,25575.9,99335.0,2022,100.5,2000,139,Truck,Nissan,Silverado,Houston,I4,Hybrid,A,AWD,False,False,40.9,41.3,62.0,72.4,115.4
SAMPLE00000599,17247.77,107298.0,2018,129.3,3500,405,Coupe,Ford,Camry,Chicago,V6,Hybrid,A,AWD,True,False,38.4,39.4,59.3,78.9,118.1
SAMPLE00000600,24291.43,40221.0,2013,130.5,2000,487,Coupe,Ford,Altima,New York,I6,Diesel,A,AWD,False,True,34.6,42.8,70.6,74.7,100.3
SAMPLE00000601,30322.47,47350.0,2015,311.5,2000,180,Truck,Nissan,3 Series,Los Angeles,I6,Diesel,M,AWD,False,False,40.0,38.7,55.8,77.2,107.0
SAMPLE00000602,24735.58,18788.0,2016,161.5,3500,20,Hatchback,Ford,3 Series,Los Angeles,I4,Hybrid,M,RWD,False,False,37.7,40.2,72.6,72.6,117.9
SAMPLE00000603,19878.64,98326.0,2015,368.4,2000,162,Truck,Toyota,F-150,New York,I6,Diesel,M,AWD,True,False,38.5,42.0,56.2,82.6,100.4
SAMPLE00000604,21634.97,5970.0,2015,378.6,3500,70,Hatchback,Nissan,3 Series,Phoenix,V6,Diesel,M,FWD,False,True,39.5,42.5,61.1,71.5,114.6
SAMPLE00000605,40342.83,89652.0,2022,392.8,3000,81,Truck,Toyota,Camry,Houston,I6,Gasoline,M,RWD,True,False,36.7,38.1,66.5,82.9,104.9
SAMPLE00000606,26348.35,130454.0,2020,381.7,2500,154,Hatchback,Nissan,Silverado,Phoenix,I6,Hybrid,A,FWD,False,False,33.1,38.1,57.2,71.0,115.5
SAMPLE00000607,35034.84,133625.0,2022,181.6,2000,315,Sedan,Chevrolet,Altima,Los Angeles,I4,Gasoline,M,RWD,True,False,36.3,38.8,55.8,74.3,113.6
SAMPLE00000608,42687.95,67356.0,2013,252.9,3500,354,Truck,Chevrolet,3 Series,Los Angeles,I4,Diesel,A,AWD,True,False,36.7,43.4,66.0,81.2,118.8
SAMPLE00000609,52971.72,68896.0,2017,152.6,1500,46,Hatchback,Honda,F-150,Houston,I4,Diesel,M,RWD,True,True,36.3,42.0,75.4,76.4,106.1
SAMPLE00000610,17162.17,11545.0,2019,341.9,2000,193,SUV / Crossover,Ford,F-150,Los Angeles,I6,Gasoline,M,FWD,True,False,40.5,42.3,64.4,72.0,103.0
SAMPLE00000611,58967.57,100615.0,2019,366.5,2000,223,SUV / Crossover,Chevrolet,Altima,Chicago,I4,Gasoline,M,RWD,False,True,36.0,42.2,59.6,79.3,109.9
SAMPLE00000612,49534.52,123189.0,2022,355.4,3500,398,Truck,Ford,Camry,Los Angeles,I4,Diesel,M,RWD,True,False,36.7,38.3,64.4,70.2,119.7
SAMPLE00000613,19496.75,36698.0,2018,230.0,1500,236,Truck,Honda,3 Series,Phoenix,I6,Hybrid,M,AWD,False,True,33.6,39.2,71.6,71.7,100.8
SAMPLE00000614,63046.82,63195.0,2021,327.6,1500,279,Coupe,Toyota,Camry,Phoenix,I6,Gasoline,M,AWD,False,False,39.5,43.1,56.0,72.4,103.6
SAMPLE00000615,65647.98,125826.0,2022,129.3,3000,467,Hatchback,Chevrolet,F-150,Chicago,I6,Hybrid,A,RWD,False,True,34.9,42.5,55.7,77.9,117.1
SAMPLE00000616,18359.29,131568.0,2015,112.1,2000,9,Truck,BMW,Silverado,Phoenix,V6,Diesel,M,AWD,False,False,35.1,41.1,65.6,77.4,113.7
SAMPLE00000617,30228.27,36477.0,2018,326.0,2500,375,SUV / Crossover,BMW,3 Series,Phoenix,V6,Hybrid,M,AWD,False,False,38.3,38.1,70.6,76.8,108.5
SAMPLE00000618,59341.07,82586.0,2021,227.6,2000,471,SUV / Crossover,BMW,Silverado,Phoenix,I6,Hybrid,M,RWD,True,False,41.9,40.9,69.1,69.7,109.9
SAMPLE00000619,56154.28,28874.0,2017,398.7,2500,151,SUV / Crossover,BMW,Altima,New York,I4,Diesel,M,FWD,False,False,36.7,39.7,69.7,81.3,105.1
SAMPLE00000620,25148.66,15282.0,2022,129.2,2500,343,Hatchback,BMW,3 Series,Chicago,I6,Diesel,A,AWD,True,True,35.9,42.9,58.8,70.2,119.2
SAMPLE00000621,26514.21,136668.0,2017,356.7,3500,103,Sedan,BMW,F-150,Chicago,V6,Diesel,A,RWD,True,True,33.3,43.8,67.4,84.0,106.9
SAMPLE00000622,35375.97,123076.0,2013,244.0,2000,495,Truck,BMW,3 Series,Los Angeles,I4,Hybrid,M,RWD,True,True,40.1,41.5,63.7,69.1,107.6
SAMPLE00000623,41648.76,114005.0,2019,348.1,3500,123,Sedan,Chevrolet,F-150,Chicago,V6,Gasoline,M,RWD,True,False,35.4,40.8,57.5,83.0,109.4
SAMPLE00000624,49004.01,7315.0,2019,345.1,3000,184,Hatchback,BMW,Civic,Houston,V6,Diesel,A,FWD,False,True,39.9,39.9,57.9,73.1,104.3
SAMPLE00000625,35290.25,126559.0,2022,374.8,2500,495,Truck,Nissan,F-150,Chicago,V6,Diesel,M,FWD,False,False,35.5,38.6,69.8,79.9,103.9
SAMPLE00000626,40439.41,65707.0,2018,189.4,1500,289,Coupe,Nissan,F-150,Houston,V6,Gasoline,M,FWD,False,True,33.3,40.6,77.0,73.7,112.0
SAMPLE00000627,56110.9,51359.0,2022,384.9,2500,40,Truck,BMW,Altima,Phoenix,I4,Diesel,M,AWD,True,False,37.5,42.7,57.4,80.2,115.5
SAMPLE00000628,17017.58,81971.0,2020,145.5,3000,423,Truck,Honda,3 Series,Houston,I6,Diesel,A,RWD,True,False,41.2,42.7,66.4,76.2,115.0
SAMPLE00000629,28884.03,13703.0,2019,124.6,2500,10,Truck,Chevrolet,Silverado,New York,I4,Gasoline,A,RWD,False,False,34.9,40.9,60.7,77.0,111.3
SAMPLE00000630,54234.23,113497.0,2020,229.5,3500,217,Truck,Nissan,F-150,Phoenix,I6,Hybrid,A,FWD,False,False,34.4,44.8,61.5,80.2,112.8
SAMPLE00000631,64236.38,87365.0,2020,348.5,2000,0,Truck,Honda,3 Series,Houston,I6,Hybrid,A,AWD,True,False,34.7,44.6,60.2,70.3,111.3
SAMPLE00000632,43142.26,27989.0,2017,242.0,1500,413,Hatchback,Ford,F-150,Phoenix,I4,Hybrid,M,AWD,False,True,39.2,44.1,67.6,72.5,117.5
SAMPLE00000633,44266.24,28235.0,2013,348.8,3500,170,Truck,BMW,Camry,New York,I6,Diesel,A,RWD,True,False,36.3,41.1,56.3,82.3,107.7
SAMPLE00000634,20894.46,27637.0,2018,318.9,2000,337,Hatchback,Toyota,Camry,Phoenix,I4,Gasoline,M,FWD,True,True,35.3,43.2,72.1,81.4,102.5
SAMPLE00000635,39607.68,8550.0,2014,162.8,1500,281,Truck,BMW,Camry,Phoenix,I4,Hybrid,A,RWD,False,True,36.0,44.5,69.0,84.8,108.7
SAMPLE00000636,44293.95,88170.0,2018,384.7,3000,52,Truck,BMW,Camry,Chicago,I6,Gasoline,A,FWD,False,False,35.8,43.2,63.9,68.4,117.4
SAMPLE00000637,28335.88,126052.0,2020,118.2,2500,124,Hatchback,Honda,Silverado,Los Angeles,I6,Hybrid,M,FWD,True,False,37.9,40.2,60.0,70.4,118.0
SAMPLE00000638,29808.38,2625.0,2021,369.5,1500,174,Truck,Ford,Altima,Houston,V6,Hybrid,M,RWD,True,True,34.2,38.5,67.3,73.7,111.8
SAMPLE00000639,35750.63,7351.0,2021,191.3,3000,264,SUV / Crossover,Honda,F-150,Los Angeles,I6,Diesel,A,FWD,False,True,37.6,44.7,77.0,79.8,101.2
SAMPLE00000640,16103.92,85916.0,2013,250.0,2000,264,Truck,Chevrolet,Camry,New York,I6,Hybrid,A,FWD,False,False,35.8,44.9,71.3,73.4,114.4
SAMPLE00000641,32714.35,122924.0,2017,226.7,1500,384,Coupe,Ford,3 Series,New York,I6,Hybrid,M,FWD,False,True,41.4,42.9,61.4,73.9,113.1
SAMPLE00000642,26629.64,49011.0,2017,151.6,3000,198,Hatchback,Nissan,Camry,Phoenix,I4,Gasoline,A,FWD,False,True,36.8,40.2,72.1,71.9,109.0
SAMPLE00000643,33012.35,52442.0,2020,207.4,2000,255,Truck,Ford,Civic,Los Angeles,V6,Diesel,A,AWD,True,True,33.9,44.1,66.6,83.5,103.3
SAMPLE00000644,21586.92,89452.0,2020,157.9,3500,171,Truck,Ford,Civic,Houston,V6,Diesel,A,FWD,True,False,41.4,44.7,56.1,77.3,112.1
SAMPLE00000645,63979.0,41132.0,2016,161.2,2500,58,Hatchback,Honda,Altima,Houston,I4,Hybrid,A,FWD,True,True,41.4,41.5,69.2,70.7,109.6
SAMPLE00000646,47647.58,3991.0,2016,156.1,3000,439,Sedan,BMW,Silverado,Phoenix,I6,Diesel,M,FWD,True,False,34.6,40.2,60.4,77.9,101.2
SAMPLE00000647,52350.63,110284.0,2020,246.7,3500,105,SUV / Crossover,BMW,Civic,Houston,I6,Gasoline,M,RWD,True,True,40.3,40.8,64.4,70.7,108.0
SAMPLE00000648,58404.42,93847.0,2019,339.4,2000,434,SUV / Crossover,BMW,3 Series,Chicago,I4,Diesel,A,AWD,False,True,40.8,38.5,66.0,72.6,118.8
SAMPLE00000649,42414.32,87113.0,2018,270.7,1500,124,Truck,BMW,Camry,Los Angeles,V6,Hybrid,A,FWD,True,False,36.2,42.0,73.4,79.8,108.2
SAMPLE00000650,19780.62,111253.0,2019,368.0,2500,15,Hatchback,BMW,Civic,New York,I4,Diesel,M,FWD,True,False,34.4,40.7,68.3,80.9,108.6
SAMPLE00000651,44540.86,101285.0,2017,291.0,2000,37,Coupe,Chevrolet,Civic,Houston,I4,Diesel,M,RWD,False,False,40.2,44.2,62.8,75.4,111.1
SAMPLE00000652,47276.26,30882.0,2014,306.8,3000,394,Truck,Toyota,Silverado,Houston,I6,Hybrid,A,AWD,True,False,33.3,39.9,70.1,70.8,105.9
SAMPLE00000653,55999.17,52872.0,2018,300.3,2500,242,SUV / Crossover,Nissan,Civic,Houston,I4,Diesel,M,AWD,False,True,38.6,38.1,59.4,71.6,101.5
SAMPLE00000654,38741.28,18917.0,2019,234.8,3500,408,Truck,Ford,Camry,Phoenix,I4,Diesel,A,AWD,False,True,36.1,43.2,73.9,77.2,112.0
SAMPLE00000655,22016.92,19479.0,2019,306.8,2500,476,Hatchback,Toyota,Altima,New York,I4,Hybrid,A,FWD,True,True,38.4,38.1,59.6,78.0,109.9
SAMPLE00000656,30607.67,101429.0,2012,120.9,3500,466,Coupe,Chevrolet,Altima,Los Angeles,I6,Hybrid,M,AWD,True,True,40.1,41.8,67.8,82.8,113.7
SAMPLE00000657,34969.53,128790.0,2018,358.0,2000,209,Sedan,BMW,Altima,Houston,I6,Gasoline,M,RWD,True,True,40.5,39.3,59.7,72.6,109.5
SAMPLE00000658,50525.45,144410.0,2014,333.3,1500,494,Coupe,Chevrolet,F-150,Chicago,V6,Hybrid,A,RWD,True,True,42.0,42.3,62.5,78.4,104.9
SAMPLE00000659,46392.81,94252.0,2013,173.6,2500,314,Truck,Nissan,Camry,Phoenix,V6,Hybrid,A,FWD,False,True,38.8,39.4,64.7,68.0,107.7
SAMPLE00000660,34585.32,27615.0,2013,330.4,1500,284,SUV / Crossover,Nissan,Civic,Los Angeles,V6,Diesel,A,FWD,False,False,35.0,41.5,63.5,76.0,100.3
SAMPLE00000661,69258.34,15848.0,2019,103.8,1500,463,Hatchback,Chevrolet,Civic,Houston,I6,Hybrid,A,FWD,False,True,35.5,40.3,76.5,74.8,103.1
SAMPLE00000662,48317.62,121928.0,2020,165.2,2500,493,Truck,Toyota,Civic,Los Angeles,V6,Diesel,M,FWD,True,False,36.9,39.3,60.1,70.0,115.7
SAMPLE00000663,28047.47,86813.0,2014,119.5,2500,167,Sedan,Ford,Silverado,Phoenix,I4,Hybrid,M,RWD,False,True,40.6,42.2,59.1,83.2,118.6
SAMPLE00000664,20598.04,92743.0,2014,334.1,1500,263,Hatchback,Honda,3 Series,Chicago,V6,Gasoline,M,FWD,True,True,36.3,38.6,66.9,69.8,107.3
SAMPLE00000665,23407.25,117219.0,2017,326.8,3000,97,Hatchback,Honda,Camry,Houston,I4,Gasoline,M,FWD,False,True,39.2,44.6,76.8,72.5,118.5
SAMPLE00000666,28527.68,105492.0,2022,344.1,3000,133,Hatchback,Nissan,Altima,Chicago,V6,Diesel,A,FWD,False,True,33.4,43.4,66.6,80.5,112.7
SAMPLE00000667,23837.48,125169.0,2021,101.3,2500,428,Truck,Ford,Civic,Phoenix,I6,Diesel,A,FWD,True,False,36.9,44.4,77.1,71.1,105.6
SAMPLE00000668,25261.19,8432.0,2012,250.4,1500,364,Sedan,BMW,F-150,Chicago,I4,Diesel,M,RWD,False,True,34.5,38.3,59.4,69.3,112.0
SAMPLE00000669,30680.23,112128.0,2017,311.5,1500,180,Truck,Chevrolet,Silverado,Phoenix,I4,Gasoline,A,AWD,True,True,41.4,38.0,55.2,84.5,116.2
SAMPLE00000670,24535.55,127628.0,2014,146.6,2000,221,Hatchback,BMW,3 Series,Chicago,I6,Gasoline,A,FWD,False,True,40.1,40.5,62.0,73.0,115.7
SAMPLE00000671,64322.1,42920.0,2022,294.9,1500,363,Hatchback,Nissan,Civic,Los Angeles,I4,Hybrid,M,RWD,False,True,34.2,42.3,69.7,69.0,117.7
SAMPLE00000672,19412.86,96067.0,2015,125.2,3000,481,SUV / Crossover,Chevrolet,Altima,Los Angeles,V6,Hybrid,A,AWD,True,True,36.6,39.7,68.6,70.4,115.7
SAMPLE00000673,43848.13,47124.0,2020,154.4,2000,148,Coupe,Honda,Camry,Phoenix,I6,Diesel,A,RWD,False,True,33.7,41.8,60.6,71.8,113.9
SAMPLE00000674,37571.83,143696.0,2014,242.7,3000,243,Truck,Nissan,F-150,Los Angeles,I4,Gasoline,A,AWD,False,False,39.7,42.2,70.2,84.3,107.7
SAMPLE00000675,69030.82,5014.0,2012,296.1,3500,312,Sedan,Nissan,Altima,Chicago,I6,Hybrid,M,RWD,False,False,34.7,39.1,74.1,68.3,103.6
SAMPLE00000676,21162.14,86969.0,2014,143.8,2500,75,Hatchback,Ford,Silverado,Chicago,I4,Gasoline,A,FWD,True,False,40.2,43.4,70.8,81.5,102.3
SAMPLE00000677,36882.06,24976.0,2018,155.6,3500,368,Truck,Toyota,Camry,Houston,I4,Gasoline,M,AWD,True,False,33.7,44.6,71.7,81.3,116.3
SAMPLE00000678,68320.87,106833.0,2018,161.3,2500,261,Coupe,Nissan,Camry,Phoenix,I6,Diesel,M,RWD,True,False,38.2,42.5,62.1,76.5,115.3
SAMPLE00000679,62602.89,26384.0,2022,171.6,3000,230,Truck,Toyota,Silverado,Los Angeles,I4,Gasoline,A,FWD,True,False,38.5,44.6,67.2,83.9,117.9
SAMPLE00000680,59938.96,35307.0,2016,168.0,3000,190,Coupe,Ford,Camry,Phoenix,V6,Diesel,M,FWD,False,False,36.0,39.7,56.0,68.2,101.4
SAMPLE00000681,29184.66,74156.0,2012,218.5,3500,379,Truck,Nissan,F-150,Los Angeles,V6,Hybrid,M,AWD,False,True,34.5,38.3,63.3,76.4,112.7
SAMPLE00000682,24398.82,137225.0,2022,296.1,2500,133,SUV / Crossover,Nissan,F-150,Houston,I4,Gasoline,A,RWD,True,False,35.9,39.7,73.8,72.3,114.4
SAMPLE00000683,51775.38,31757.0,2019,231.4,2500,308,Truck,Honda,Camry,Chicago,I4,Diesel,M,FWD,True,False,37.5,42.5,73.2,81.0,108.3
SAMPLE00000684,66115.68,21636.0,2021,332.8,2000,251,SUV / Crossover,Chevrolet,Civic,Chicago,V6,Gasoline,A,RWD,False,False,41.7,42.2,76.6,70.9,110.6
SAMPLE00000685,45621.96,113847.0,2019,315.8,1500,387,Coupe,Toyota,Camry,New York,I4,Gasoline,M,FWD,True,False,37.0,39.9,77.3,82.9,109.9
SAMPLE00000686,46438.7,75093.0,2021,138.0,2000,244,Hatchback,Honda,Civic,Phoenix,I4,Hybrid,M,FWD,True,True,34.7,40.9,77.4,74.9,108.7
SAMPLE00000687,30398.85,136768.0,2021,114.7,3000,264,Hatchback,Nissan,Camry,Los Angeles,I6,Diesel,A,FWD,True,False,33.2,40.6,58.6,70.3,105.8
SAMPLE00000688,57322.11,21992.0,2021,363.4,3500,324,Truck,Ford,Altima,New York,I6,Gasoline,M,AWD,True,False,33.1,44.7,57.8,68.6,119.8
SAMPLE00000689,25287.41,96889.0,2013,123.9,2500,329,Sedan,BMW,3 Series,Phoenix,V6,Gasoline,A,RWD,False,False,36.8,40.2,75.1,79.7,117.7
SAMPLE00000690,32802.36,34932.0,2021,144.5,2000,366,Truck,Honda,F-150,Los Angeles,V6,Hybrid,A,AWD,False,False,35.7,39.4,63.8,83.8,115.7
SAMPLE00000691,38399.0,23514.0,2014,106.6,3500,455,SUV / Crossover,Honda,Camry,Houston,I6,Gasoline,M,AWD,True,True,34.0,42.0,63.2,84.5,116.8
SAMPLE00000692,42918.57,102514.0,2015,288.5,3500,342,SUV / Crossover,BMW,F-150,Phoenix,I6,Diesel,A,AWD,True,True,34.5,38.9,67.3,82.9,116.7
SAMPLE00000693,28332.54,89053.0,2012,274.7,1500,3,Coupe,Nissan,Silverado,Los Angeles,V6,Diesel,A,AWD,False,False,36.1,41.6,65.4,74.6,101.5
SAMPLE00000694,21316.03,113224.0,2015,396.1,2500,441,Truck,Honda,3 Series,Chicago,V6,Diesel,M,AWD,False,True,39.2,42.8,60.1,83.4,111.5
SAMPLE00000695,48584.1,46419.0,2016,366.1,3500,36,Coupe,Toyota,Civic,Phoenix,V6,Gasoline,M,FWD,True,False,38.5,44.6,74.4,78.9,109.4
SAMPLE00000696,30874.68,67196.0,2014,223.3,2500,70,Sedan,Nissan,Silverado,Los Angeles,I6,Gasoline,A,FWD,False,True,33.7,44.2,75.9,69.1,104.0
SAMPLE00000697,46968.1,60821.0,2022,211.5,2000,261,Hatchback,Toyota,3 Series,Chicago,I6,Diesel,A,FWD,False,True,34.3,43.9,72.2,70.9,105.2
SAMPLE00000698,23489.95,147613.0,2021,189.1,3500,236,Hatchback,Toyota,Silverado,Chicago,I4,Gasoline,A,AWD,False,True,41.2,40.8,56.1,74.5,102.8
SAMPLE00000699,41462.71,43837.0,2013,145.7,3500,306,Truck,Honda,F-150,New York,V6,Hybrid,A,FWD,False,True,33.6,44.3,57.7,73.2,109.5
SAMPLE00000700,44292.42,44223.0,2017,141.4,2000,489,Coupe,Nissan,Altima,Los Angeles,I4,Diesel,A,FWD,False,False,34.8,43.0,63.0,73.7,105.1
SAMPLE00000701,17850.29,53182.0,2019,139.7,2500,462,Coupe,Honda,3 Series,New York,V6,Hybrid,A,FWD,False,True,35.9,41.1,67.8,80.5,104.3
SAMPLE00000702,33513.24,84689.0,2018,134.2,2500,354,Sedan,Honda,Silverado,New York,I6,Hybrid,M,AWD,True,False,35.1,41.9,69.0,69.0,111.0
SAMPLE00000703,22392.81,37848.0,2022,172.2,3500,177,Coupe,Nissan,Civic,Houston,V6,Gasoline,A,RWD,False,False,35.6,41.1,57.3,78.3,104.3
SAMPLE00000704,18485.62,137293.0,2012,192.0,2000,95,SUV / Crossover,Nissan,3 Series,New York,V6,Gasoline,A,RWD,False,True,39.5,39.4,77.1,73.7,111.8
SAMPLE00000705,69447.81,39853.0,2015,388.5,3000,397,SUV / Crossover,Nissan,3 Series,New York,I6,Diesel,M,FWD,True,True,33.9,41.2,67.2,83.0,103.1
SAMPLE00000706,32729.46,134372.0,2014,273.5,2500,226,SUV / Crossover,Nissan,Silverado,Houston,I6,Gasoline,A,AWD,True,True,36.2,43.7,64.9,69.0,114.1
SAMPLE00000707,59543.09,15521.0,2017,396.3,3000,10,Truck,Ford,Altima,Houston,V6,Hybrid,M,RWD,True,False,38.5,39.9,59.4,84.5,106.1
SAMPLE00000708,29005.24,98484.0,2020,211.7,3500,265,SUV / Crossover,Nissan,Camry,Phoenix,V6,Gasoline,M,FWD,True,False,33.4,42.5,76.9,69.4,115.3
SAMPLE00000709,52482.65,136048.0,2020,237.3,3000,188,SUV / Crossover,BMW,Civic,New York,V6,Diesel,A,AWD,True,True,33.4,41.9,65.3,75.4,115.9
SAMPLE00000710,56812.53,25312.0,2018,197.4,3000,208,Hatchback,Nissan,Civic,Chicago,V6,Gasoline,A,RWD,True,False,37.5,44.4,57.7,82.6,119.7
SAMPLE00000711,47760.13,145249.0,2020,154.9,2500,12,Truck,Honda,Silverado,Houston,V6,Hybrid,A,RWD,True,True,41.1,43.2,69.1,73.5,100.3
SAMPLE00000712,40936.69,67933.0,2019,142.9,3500,376,SUV / Crossover,BMW,Altima,Los Angeles,I6,Hybrid,M,AWD,True,True,37.0,40.5,63.1,82.5,116.2
SAMPLE00000713,37651.25,141857.0,2016,383.5,3000,161,Sedan,Chevrolet,F-150,Phoenix,V6,Diesel,M,RWD,True,True,36.7,41.9,73.6,84.4,109.6
SAMPLE00000714,34187.75,101523.0,2020,396.0,2500,59,SUV / Crossover,Toyota,F-150,Phoenix,I6,Diesel,M,FWD,False,True,33.1,44.4,67.5,70.1,102.5
SAMPLE00000715,66124.1,45238.0,2018,113.5,3000,492,Truck,Ford,Camry,New York,I4,Gasoline,A,FWD,True,False,39.6,39.6,57.4,76.1,115.2
SAMPLE00000716,60684.07,28245.0,2016,145.1,2500,434,Coupe,BMW,Camry,Chicago,I4,Gasoline,M,AWD,True,True,34.5,41.3,72.3,71.9,101.3
SAMPLE00000717,68076.48,45560.0,2019,227.1,3500,4,Hatchback,Toyota,Silverado,Houston,V6,Diesel,M,AWD,False,False,39.3,39.6,62.0,81.0,117.4
SAMPLE00000718,21836.35,13953.0,2018,155.9,2000,495,Hatchback,Ford,Altima,Los Angeles,I4,Hybrid,A,FWD,False,False,36.1,40.9,64.4,69.8,112.6
SAMPLE00000719,55197.71,21580.0,2020,209.2,2500,201,Truck,Nissan,F-150,New York,I6,Gasoline,M,AWD,True,False,33.4,38.4,72.8,81.2,103.8
SAMPLE00000720,66608.73,15699.0,2021,138.7,2500,415,SUV / Crossover,Toyota,Civic,Chicago,I4,Diesel,M,RWD,True,True,36.0,44.1,57.4,79.5,113.6
SAMPLE00000721,24967.82,63442.0,2012,237.0,3000,11,Sedan,Honda,Altima,New York,I4,Diesel,M,RWD,False,False,38.9,44.8,77.5,78.7,103.3
SAMPLE00000722,18657.29,119337.0,2020,181.5,3500,435,SUV / Crossover,Honda,F-150,New York,I6,Hybrid,M,RWD,True,True,39.9,42.0,71.1,75.4,111.3
SAMPLE00000723,55761.64,21208.0,2018,205.6,1500,396,SUV / Crossover,Nissan,Altima,Phoenix,V6,Diesel,A,RWD,True,False,38.7,41.9,59.4,76.5,100.1
SAMPLE00000724,46596.02,19548.0,2012,128.3,1500,340,Sedan,Toyota,Silverado,Los Angeles,I6,Gasoline,M,AWD,True,True,39.4,44.7,56.3,69.7,118.7
SAMPLE00000725,61300.58,96514.0,2012,228.4,2000,239,Hatchback,Nissan,F-150,Los Angeles,I6,Gasoline,M,RWD,True,True,35.1,40.8,67.5,72.6,101.3
SAMPLE00000726,22687.48,29577.0,2016,395.0,3500,437,SUV / Crossover,Nissan,3 Series,Los Angeles,V6,Diesel,A,AWD,True,False,41.7,42.3,63.7,83.5,115.0
SAMPLE00000727,58739.7,14642.0,2019,198.6,2500,372,Coupe,Ford,Silverado,Los Angeles,I6,Diesel,M,FWD,True,False,35.0,43.9,55.7,75.5,114.1
SAMPLE00000728,26089.5,25027.0,2020,362.9,1500,377,Coupe,Toyota,3 Series,Houston,V6,Hybrid,A,RWD,True,False,34.5,41.5,69.0,74.8,113.0
SAMPLE00000729,24001.08,138560.0,2017,353.0,2000,224,Truck,Chevrolet,Altima,Houston,I6,Hybrid,A,AWD,True,True,35.2,39.6,62.1,68.8,100.8
SAMPLE00000730,24034.62,123221.0,2021,385.6,3500,181,Truck,Nissan,Silverado,Los Angeles,I4,Diesel,M,FWD,False,True,41.7,43.7,62.4,83.0,113.1
SAMPLE00000731,59801.61,53110.0,2019,337.0,2000,296,Sedan,Ford,Civic,Chicago,V6,Gasoline,M,RWD,False,True,33.6,39.9,58.7,80.8,112.3
SAMPLE00000732,51585.85,98373.0,2017,297.9,1500,303,Sedan,Ford,Silverado,Houston,V6,Hybrid,M,RWD,True,False,40.0,43.9,58.2,69.6,112.7
SAMPLE00000733,43768.6,80591.0,2022,357.0,3000,306,Truck,Toyota,Silverado,Houston,I4,Diesel,A,RWD,True,True,33.9,44.6,58.3,70.6,110.8
SAMPLE00000734,34735.68,101569.0,2017,122.7,3000,430,SUV / Crossover,BMW,Silverado,Chicago,I4,Hybrid,M,AWD,True,True,40.0,41.8,75.4,70.1,106.6
SAMPLE00000735,63246.03,102401.0,2015,238.8,3500,177,Hatchback,Nissan,Silverado,Los Angeles,V6,Hybrid,M,AWD,True,True,35.5,38.3,67.3,79.1,104.7
SAMPLE00000736,36584.48,94310.0,2022,396.8,2000,117,Coupe,Nissan,Camry,New York,I4,Hybrid,A,FWD,True,True,39.5,44.7,65.8,70.7,109.1
SAMPLE00000737,59912.97,39915.0,2016,330.9,2500,351,Sedan,Toyota,3 Series,Houston,I6,Hybrid,M,RWD,True,False,33.4,43.8,71.2,84.9,107.7
SAMPLE00000738,39152.42,5851.0,2013,388.6,1500,75,Truck,BMW,Silverado,New York,I6,Hybrid,A,FWD,False,True,36.0,38.8,62.4,77.8,113.8
SAMPLE00000739,35731.94,68335.0,2014,333.9,3000,45,Coupe,Ford,Silverado,New York,I6,Hybrid,A,AWD,False,False,37.2,42.4,73.9,82.8,105.4
SAMPLE00000740,40447.39,133646.0,2014,362.5,3000,226,Sedan,Honda,Altima,Chicago,I4,Gasoline,A,RWD,False,True,33.2,40.2,59.5,80.4,115.8
SAMPLE00000741,31575.78,85425.0,2022,312.0,2000,355,Sedan,Nissan,Camry,Los Angeles,I4,Hybrid,M,FWD,True,True,34.6,40.3,73.5,68.4,119.6
SAMPLE00000742,56118.52,124859.0,2016,328.2,3000,293,SUV / Crossover,Honda,F-150,New York,I4,Diesel,A,RWD,True,True,34.5,42.1,56.3,75.2,114.0
SAMPLE00000743,42649.62,148744.0,2016,257.0,2000,239,Sedan,Nissan,Altima,Los Angeles,V6,Diesel,M,AWD,True,False,37.3,43.0,58.6,74.1,110.2
SAMPLE00000744,27771.7,24542.0,2017,377.3,1500,347,Hatchback,Toyota,Altima,Phoenix,I6,Hybrid,M,FWD,False,True,34.2,38.1,75.5,84.2,103.4
SAMPLE00000745,64476.6,103767.0,2016,347.5,2000,140,Sedan,Nissan,Camry,Los Angeles,V6,Hybrid,M,RWD,False,False,41.8,39.1,57.5,73.8,119.6
SAMPLE00000746,36114.02,101144.0,2017,353.2,3000,203,Hatchback,BMW,Camry,Chicago,V6,Diesel,A,RWD,False,True,41.0,44.3,60.6,79.7,105.5
SAMPLE00000747,44895.41,146993.0,2019,301.9,2000,149,SUV / Crossover,Nissan,Camry,Chicago,V6,Hybrid,A,RWD,True,False,35.0,41.5,56.0,78.0,111.4
SAMPLE00000748,64855.97,147840.0,2013,191.4,3000,491,Hatchback,Toyota,Altima,Phoenix,I6,Diesel,A,FWD,False,True,35.1,41.4,68.8,80.5,108.9
SAMPLE00000749,49333.09,103002.0,2015,110.7,3500,129,Coupe,Chevrolet,Altima,Chicago,I6,Diesel,A,AWD,False,False,41.5,43.9,62.5,69.0,104.0
SAMPLE00000750,21429.39,36542.0,2017,380.7,3000,348,Sedan,Toyota,Silverado,Los Angeles,I6,Gasoline,M,AWD,False,False,35.7,38.9,69.6,83.8,115.6
SAMPLE00000751,66690.77,119783.0,2016,275.8,3000,332,Truck,Toyota,Camry,Los Angeles,I4,Gasoline,A,FWD,False,True,36.8,43.0,57.0,84.9,102.4
SAMPLE00000752,49523.94,16054.0,2012,189.4,3000,482,Truck,Toyota,Camry,Los Angeles,I6,Diesel,A,RWD,True,True,39.3,41.5,64.1,77.4,108.6
SAMPLE00000753,33419.81,117105.0,2020,144.7,3500,268,Hatchback,Toyota,Altima,Chicago,I4,Hybrid,A,FWD,True,False,36.1,43.2,63.5,70.8,104.2
SAMPLE00000754,22659.96,136529.0,2014,348.9,2500,312,SUV / Crossover,BMW,Altima,Los Angeles,I4,Diesel,A,FWD,True,True,41.1,42.8,67.3,82.8,111.0
SAMPLE00000755,58671.39,57425.0,2013,351.0,3000,417,Hatchback,Nissan,Camry,Houston,I4,Diesel,M,AWD,False,True,38.3,42.7,61.8,79.0,117.2
SAMPLE00000756,49104.0,94595.0,2020,344.4,2500,402,Hatchback,BMW,Silverado,Phoenix,I6,Hybrid,M,FWD,False,True,38.1,44.0,77.6,78.6,117.8
SAMPLE00000757,44340.36,64521.0,2018,293.5,1500,136,Hatchback,BMW,Civic,Houston,I6,Gasoline,A,RWD,False,False,38.0,41.9,62.3,83.0,110.6
SAMPLE00000758,64164.09,65665.0,2016,209.8,2000,115,Coupe,Chevrolet,Civic,Los Angeles,I6,Diesel,M,AWD,True,False,34.0,40.9,71.0,80.4,104.8
SAMPLE00000759,58372.85,46556.0,2017,191.2,2500,350,Coupe,Chevrolet,F-150,Chicago,I6,Gasoline,A,AWD,True,True,40.1,39.4,63.4,83.6,107.7
SAMPLE00000760,23342.12,114319.0,2022,102.6,1500,160,Hatchback,Nissan,Silverado,Phoenix,V6,Hybrid,A,RWD,True,True,38.1,40.4,67.3,84.3,113.8
SAMPLE00000761,32144.71,140426.0,2015,350.1,2000,154,SUV / Crossover,Nissan,Altima,Houston,I6,Gasoline,A,FWD,True,False,33.5,44.1,60.2,73.9,105.8
SAMPLE00000762,28666.9,141113.0,2012,126.2,3000,172,Sedan,Toyota,Camry,Los Angeles,I6,Hybrid,A,AWD,False,True,40.7,40.4,59.0,71.4,103.1
SAMPLE00000763,55917.05,26217.0,2015,289.2,3000,129,Truck,BMW,Camry,Chicago,I6,Hybrid,M,FWD,False,True,39.6,44.9,77.4,74.6,105.6
SAMPLE00000764,16844.28,131212.0,2020,251.2,3000,78,Coupe,Chevrolet,Camry,Los Angeles,I6,Gasoline,A,RWD,True,False,35.6,42.3,67.4,84.4,102.4
SAMPLE00000765,46343.93,110615.0,2012,258.0,3500,466,Sedan,Honda,Civic,Houston,I6,Diesel,A,AWD,False,True,35.6,43.7,65.6,71.3,105.5
SAMPLE00000766,56935.23,37926.0,2021,378.0,3500,56,Coupe,Toyota,Altima,Houston,V6,Diesel,M,RWD,True,False,37.5,41.5,69.8,78.0,100.9
SAMPLE00000767,63222.11,10093.0,2014,109.5,3500,350,Coupe,Ford,Camry,Phoenix,V6,Hybrid,A,AWD,True,True,33.1,42.6,60.1,69.4,101.2
SAMPLE00000768,33814.5,40200.0,2016,332.0,3500,56,Coupe,BMW,Camry,Chicago,I4,Gasoline,A,RWD,True,False,40.3,44.9,73.9,82.2,117.2
SAMPLE00000769,60169.15,136831.0,2018,115.6,1500,399,Hatchback,Toyota,Civic,New York,I4,Gasoline,M,FWD,True,False,41.5,41.5,60.7,79.4,103.6
SAMPLE00000770,21084.75,94977.0,2020,111.4,1500,362,Hatchback,Nissan,Camry,Los Angeles,I6,Gasoline,M,RWD,True,True,37.0,39.8,67.5,76.9,116.9
SAMPLE00000771,61554.88,108158.0,2017,228.9,3000,334,Coupe,Toyota,F-150,Chicago,I4,Gasoline,M,RWD,True,False,37.8,42.5,57.9,78.7,119.9
SAMPLE00000772,22011.88,38573.0,2014,118.9,2000,133,Coupe,Ford,Altima,New York,V6,Hybrid,M,RWD,False,True,40.3,44.4,68.2,70.0,107.8
SAMPLE00000773,36850.8,107908.0,2018,336.7,3500,13,Truck,Nissan,3 Series,Chicago,I6,Gasoline,A,RWD,True,False,35.5,38.1,66.1,82.6,109.0
SAMPLE00000774,58851.25,4218.0,2015,258.9,2000,282,Sedan,Honda,F-150,Los Angeles,I4,Gasoline,A,RWD,False,False,37.4,44.9,61.5,73.8,105.7
SAMPLE00000775,23245.46,56298.0,2014,108.7,1500,293,Sedan,Chevrolet,Silverado,Los Angeles,I4,Diesel,A,FWD,True,True,34.0,41.8,62.1,70.9,102.4
SAMPLE00000776,27608.83,94013.0,2018,112.2,3500,146,SUV / Crossover,Chevrolet,F-150,Phoenix,V6,Hybrid,A,FWD,True,True,39.3,43.6,55.2,68.3,112.7
SAMPLE00000777,54723.89,21914.0,2022,283.8,1500,420,SUV / Crossover,Ford,F-150,Houston,I6,Gasoline,M,AWD,True,False,40.1,38.8,55.6,69.0,117.0
SAMPLE00000778,54602.01,123451.0,2022,341.8,1500,126,SUV / Crossover,Ford,Civic,Houston,I4,Gasoline,M,RWD,True,True,33.6,40.0,68.8,79.4,113.4
SAMPLE00000779,50263.12,35255.0,2018,231.3,2500,490,Hatchback,Chevrolet,Silverado,Houston,V6,Hybrid,A,FWD,False,False,40.9,44.8,71.5,80.2,102.2
SAMPLE00000780,53167.16,97842.0,2015,266.4,1500,259,Hatchback,Honda,Altima,Phoenix,I6,Hybrid,M,RWD,True,False,36.4,40.0,67.6,70.5,112.1
SAMPLE00000781,44849.84,60780.0,2018,339.9,3000,313,Truck,Honda,Altima,Houston,V6,Diesel,M,RWD,False,False,41.3,40.9,56.9,78.3,112.8
SAMPLE00000782,28848.95,89407.0,2022,283.2,1500,217,Hatchback,Toyota,F-150,Chicago,I6,Hybrid,A,AWD,True,True,41.1,40.0,76.6,76.2,113.8
SAMPLE00000783,34013.28,16118.0,2013,167.4,3500,392,SUV / Crossover,Ford,3 Series,Houston,I6,Gasoline,A,RWD,True,False,40.1,41.3,71.4,83.9,101.4
SAMPLE00000784,24987.87,2537.0,2012,283.9,3000,232,Coupe,Ford,F-150,Houston,I6,Diesel,M,FWD,False,True,40.5,39.1,60.5,79.3,114.0
SAMPLE00000785,64964.78,136435.0,2013,288.5,1500,368,SUV / Crossover,Ford,Camry,Los Angeles,V6,Gasoline,M,AWD,False,False,35.6,41.6,70.4,76.8,112.1
SAMPLE00000786,47086.55,40445.0,2015,320.2,3000,167,Truck,Nissan,Civic,Phoenix,I6,Hybrid,M,AWD,False,False,36.3,40.1,57.6,72.8,117.4
SAMPLE00000787,37046.83,122952.0,2019,286.3,1500,142,Coupe,Chevrolet,Camry,Phoenix,I4,Hybrid,A,AWD,False,True,35.2,43.7,72.9,75.9,103.3
SAMPLE00000788,40410.32,149903.0,2014,390.8,3000,488,Hatchback,Chevrolet,Silverado,Houston,I6,Hybrid,A,RWD,True,True,36.2,40.7,66.1,72.2,101.2
SAMPLE00000789,67100.58,31715.0,2021,159.2,2000,484,Coupe,Chevrolet,Silverado,New York,I6,Diesel,M,AWD,False,True,38.1,43.5,64.4,79.5,116.3
SAMPLE00000790,23434.33,39776.0,2017,385.3,2500,259,Truck,Honda,Civic,Los Angeles,V6,Gasoline,M,FWD,False,False,40.8,42.5,55.2,78.1,102.1
SAMPLE00000791,47242.64,99429.0,2017,261.5,3000,217,Hatchback,Chevrolet,F-150,Houston,I6,Gasoline,A,FWD,False,False,37.9,44.4,70.0,73.0,107.6
SAMPLE00000792,42823.88,144817.0,2020,301.6,3500,307,Sedan,Toyota,Silverado,New York,I4,Diesel,M,AWD,True,True,39.3,43.7,74.1,68.2,117.4
SAMPLE00000793,48629.98,137372.0,2020,129.8,2500,145,SUV / Crossover,Nissan,3 Series,Chicago,I4,Hybrid,M,AWD,False,True,34.2,44.3,61.6,84.7,105.6
SAMPLE00000794,15996.06,75431.0,2015,214.2,2500,488,SUV / Crossover,Chevrolet,Civic,Los Angeles,I6,Gasoline,M,AWD,True,True,41.5,41.7,55.3,68.9,108.8
SAMPLE00000795,62966.81,119267.0,2020,330.8,1500,436,Truck,Nissan,Camry,Phoenix,V6,Hybrid,M,RWD,False,False,38.2,44.4,72.8,77.3,112.3
SAMPLE00000796,66266.51,20362.0,2017,312.1,3000,442,Truck,Nissan,3 Series,New York,I4,Hybrid,A,AWD,True,False,40.0,39.1,69.6,82.5,112.8
SAMPLE00000797,46082.33,146616.0,2013,112.0,2500,98,SUV / Crossover,Honda,Altima,Houston,V6,Gasoline,A,AWD,False,False,42.0,38.6,72.9,78.6,111.9
SAMPLE00000798,53315.8,144653.0,2021,264.0,3500,181,Coupe,Ford,Civic,New York,I6,Hybrid,M,RWD,False,True,40.7,41.7,67.4,78.0,101.2
SAMPLE00000799,65737.47,24559.0,2022,126.5,3500,168,Sedan,Nissan,3 Series,Phoenix,V6,Gasoline,A,AWD,True,False,37.5,43.8,65.6,80.2,115.6
SAMPLE00000800,53898.12,44913.0,2017,398.8,3500,232,Sedan,Toyota,Civic,Chicago,I6,Gasoline,A,AWD,True,True,40.8,39.5,60.0,73.2,115.9
SAMPLE00000801,23389.65,15023.0,2013,369.2,1500,443,Truck,Honda,Camry,New York,I6,Diesel,M,FWD,True,True,38.9,44.8,56.8,74.6,102.1
SAMPLE00000802,46695.86,40758.0,2019,106.3,2000,92,Truck,BMW,F-150,Houston,V6,Gasoline,A,FWD,True,True,39.6,39.3,65.8,69.4,114.8
SAMPLE00000803,48369.33,122393.0,2015,357.6,3000,116,Coupe,Nissan,Civic,New York,I4,Diesel,M,FWD,False,False,38.7,43.0,75.0,68.1,110.1
SAMPLE00000804,38327.19,56747.0,2016,375.8,2500,471,Truck,Nissan,Silverado,Chicago,I6,Hybrid,M,RWD,False,False,35.6,44.4,56.4,72.5,100.3
SAMPLE00000805,55504.43,13260.0,2019,206.1,3000,3,Sedan,Ford,Camry,New York,I6,Diesel,A,FWD,False,False,36.0,44.8,77.7,81.8,113.9
SAMPLE00000806,66390.19,51334.0,2022,315.9,2500,84,SUV / Crossover,Chevrolet,Camry,Chicago,I6,Hybrid,M,FWD,False,True,38.0,42.6,76.8,78.4,109.2
SAMPLE00000807,65906.27,147208.0,2019,232.6,1500,166,Sedan,Honda,3 Series,Chicago,I4,Diesel,A,AWD,False,False,40.9,42.0,69.7,70.4,102.5
SAMPLE00000808,39796.17,94453.0,2017,296.6,3000,6,Coupe,BMW,Silverado,Los Angeles,I4,Hybrid,M,RWD,False,False,37.1,38.6,76.0,75.2,103.5
SAMPLE00000809,21228.09,62424.0,2015,202.1,1500,380,SUV / Crossover,Honda,3 Series,Los Angeles,I6,Gasoline,M,AWD,False,True,37.9,38.1,67.7,68.3,115.2
SAMPLE00000810,69166.27,24981.0,2012,196.8,1500,406,SUV / Crossover,Chevrolet,Altima,Houston,I4,Diesel,M,AWD,True,True,36.3,44.9,64.3,81.6,118.9
SAMPLE00000811,61139.39,147927.0,2018,227.3,3000,231,Sedan,Honda,Camry,Houston,V6,Gasoline,A,RWD,True,True,33.2,39.9,68.1,75.8,103.3
SAMPLE00000812,21856.45,123127.0,2019,143.7,3000,250,SUV / Crossover,BMW,Civic,Houston,V6,Gasoline,M,RWD,False,False,38.8,38.5,75.2,72.7,108.0
SAMPLE00000813,65646.3,42222.0,2020,349.3,2500,84,SUV / Crossover,Honda,Altima,Chicago,V6,Hybrid,A,AWD,False,True,38.1,41.8,77.0,81.1,106.4
SAMPLE00000814,62844.3,10510.0,2013,204.6,3500,318,Truck,Toyota,Silverado,Chicago,V6,Hybrid,M,AWD,True,True,41.8,40.2,74.3,84.5,111.7
SAMPLE00000815,43536.09,8494.0,2012,220.0,1500,192,SUV / Crossover,Toyota,Camry,Los Angeles,I6,Hybrid,M,AWD,False,False,37.6,40.5,59.1,74.9,103.9
SAMPLE00000816,47520.15,18057.0,2015,368.2,2000,122,Coupe,Chevrolet,Silverado,Chicago,V6,Hybrid,M,RWD,True,True,37.8,40.5,68.6,81.0,111.6
SAMPLE00000817,36945.15,87115.0,2016,249.0,2500,424,SUV / Crossover,BMW,Altima,Los Angeles,I4,Diesel,M,AWD,False,True,35.5,39.7,65.2,73.5,116.6
SAMPLE00000818,18011.89,139315.0,2021,263.3,2500,88,Truck,BMW,Civic,New York,I6,Gasoline,M,AWD,True,False,33.9,44.8,66.1,80.9,112.8
SAMPLE00000819,33435.85,74512.0,2012,386.9,3500,94,Hatchback,BMW,F-150,Houston,I4,Hybrid,A,FWD,True,True,39.4,39.9,64.8,84.4,103.9
SAMPLE00000820,59156.94,126442.0,2016,366.0,3500,374,Hatchback,BMW,3 Series,Houston,V6,Gasoline,M,FWD,True,False,40.3,41.9,56.6,79.1,115.0
SAMPLE00000821,15254.76,66883.0,2017,150.8,1500,299,Coupe,BMW,3 Series,Phoenix,I6,Diesel,M,FWD,True,True,40.8,39.7,74.5,72.1,109.2
SAMPLE00000822,33342.45,106288.0,2014,242.0,2500,357,Coupe,Ford,Altima,Los Angeles,I6,Hybrid,A,FWD,True,False,36.6,43.3,77.5,79.7,102.3
SAMPLE00000823,36899.28,109781.0,2018,391.4,2500,44,SUV / Crossover,Honda,Camry,Phoenix,I6,Diesel,M,FWD,True,True,39.3,39.6,59.8,82.4,106.5
SAMPLE00000824,44556.76,26095.0,2017,211.7,2000,252,SUV / Crossover,Nissan,Camry,Houston,V6,Diesel,A,AWD,True,True,35.4,42.3,69.3,74.9,104.8
SAMPLE00000825,65592.06,54182.0,2015,211.5,1500,452,Hatchback,BMW,Civic,Phoenix,I4,Gasoline,A,AWD,True,False,35.3,43.8,67.3,78.6,116.9
SAMPLE00000826,34049.03,95595.0,2014,158.5,1500,372,Hatchback,Nissan,Camry,New York,I6,Gasoline,A,RWD,False,False,42.0,39.9,75.6,72.3,104.5
SAMPLE00000827,34082.43,10604.0,2016,134.3,3500,478,Sedan,Toyota,Camry,Phoenix,I4,Diesel,A,RWD,True,False,40.6,43.6,71.2,75.7,110.2
SAMPLE00000828,55562.57,54231.0,2014,322.1,1500,50,Hatchback,Nissan,Camry,New York,V6,Diesel,A,RWD,True,True,35.3,38.6,72.2,70.8,113.0
SAMPLE00000829,39871.99,80220.0,2021,331.0,2000,64,Hatchback,Nissan,Silverado,Houston,V6,Hybrid,A,AWD,False,True,36.9,38.8,76.9,82.2,101.1
SAMPLE00000830,27353.27,149434.0,2020,390.7,1500,53,Coupe,Honda,Silverado,Chicago,I4,Gasoline,A,FWD,False,True,38.1,40.8,70.3,69.6,102.8
SAMPLE00000831,39884.17,71180.0,2020,332.0,3000,439,Sedan,Nissan,F-150,Los Angeles,I6,Diesel,A,AWD,False,False,33.1,40.8,65.4,68.9,115.7
SAMPLE00000832,22747.14,122409.0,2017,173.0,3000,221,Sedan,Chevrolet,Silverado,Phoenix,I4,Diesel,A,AWD,False,True,41.6,41.6,56.2,77.1,106.9
SAMPLE00000833,24701.28,64810.0,2022,112.0,2000,465,SUV / Crossover,Chevrolet,3 Series,New York,I6,Gasoline,A,RWD,False,False,34.0,38.2,75.8,77.9,114.0
SAMPLE00000834,42410.23,119459.0,2017,395.6,3500,71,SUV / Crossover,BMW,Altima,Houston,I6,Diesel,A,RWD,False,True,40.4,38.8,68.6,83.6,115.2
SAMPLE00000835,38040.9,89312.0,2015,202.1,2500,375,Sedan,Ford,F-150,Houston,I4,Hybrid,A,RWD,True,False,41.8,38.1,70.7,71.5,112.9
SAMPLE00000836,65316.52,132989.0,2015,193.6,1500,473,Sedan,Ford,Camry,Chicago,I6,Diesel,M,RWD,False,False,39.3,44.7,66.6,81.2,111.6
SAMPLE00000837,34931.66,61641.0,2013,371.8,3500,167,SUV / Crossover,Honda,3 Series,Houston,I6,Diesel,M,AWD,False,False,41.7,40.2,64.1,78.9,109.9
SAMPLE00000838,46932.36,90646.0,2021,275.5,3500,185,Coupe,Ford,F-150,Houston,I6,Gasoline,M,RWD,False,False,33.2,42.8,66.6,80.6,107.9
SAMPLE00000839,49774.54,94503.0,2015,164.5,1500,142,Coupe,Nissan,Altima,Chicago,V6,Gasoline,A,FWD,False,True,36.2,42.3,56.1,70.7,103.0
SAMPLE00000840,15720.2,62607.0,2019,366.7,2500,18,Coupe,Chevrolet,F-150,Houston,I6,Hybrid,A,AWD,False,False,37.3,43.1,73.4,75.6,119.5
SAMPLE00000841,51494.56,21647.0,2021,398.0,1500,9,Coupe,BMW,3 Series,New York,I4,Diesel,M,FWD,True,True,40.0,44.2,58.6,74.1,112.8
SAMPLE00000842,24791.98,14034.0,2013,126.0,2500,471,SUV / Crossover,Toyota,F-150,Phoenix,V6,Hybrid,A,AWD,False,True,38.9,39.6,62.7,79.9,103.9
SAMPLE00000843,67858.87,2501.0,2020,358.7,2000,271,Truck,Nissan,3 Series,Phoenix,I6,Diesel,A,AWD,True,False,39.6,41.0,57.0,78.1,116.7
SAMPLE00000844,23176.45,131030.0,2012,217.2,2500,170,Hatchback,Chevrolet,F-150,New York,V6,Diesel,M,RWD,True,False,34.3,40.3,73.9,84.4,116.4
SAMPLE00000845,37804.33,35471.0,2013,257.2,3500,414,Hatchback,Chevrolet,F-150,Phoenix,I4,Gasoline,A,FWD,True,True,40.6,38.6,58.9,70.4,115.1
SAMPLE00000846,19694.23,31726.0,2013,374.4,2000,363,Hatchback,Honda,F-150,Houston,V6,Hybrid,M,AWD,True,True,40.4,38.2,64.2,76.1,102.3
SAMPLE00000847,69828.08,110405.0,2022,392.0,3000,15,Hatchback,Nissan,3 Series,Phoenix,V6,Diesel,M,FWD,False,True,39.9,43.4,64.6,79.8,100.4
SAMPLE00000848,42620.73,48002.0,2017,178.6,2000,79,SUV / Crossover,Ford,F-150,Phoenix,I6,Diesel,A,AWD,True,False,40.4,38.9,62.3,74.3,114.2
SAMPLE00000849,47746.18,75907.0,2018,163.9,2500,283,Truck,Toyota,Altima,Houston,I4,Gasoline,A,AWD,False,True,34.9,38.1,74.8,83.7,104.1
SAMPLE00000850,18689.21,24377.0,2014,124.2,2000,189,SUV / Crossover,Toyota,Altima,Phoenix,I4,Gasoline,A,AWD,True,True,34.3,41.1,72.8,82.5,116.8
SAMPLE00000851,56247.83,143962.0,2022,268.5,2000,147,Truck,Ford,Silverado,Houston,V6,Gasoline,M,FWD,False,True,41.1,40.3,72.1,82.8,113.5
SAMPLE00000852,26544.81,127737.0,2020,104.1,3000,162,SUV / Crossover,BMW,Silverado,Chicago,I6,Hybrid,A,AWD,False,True,41.6,38.5,60.2,78.4,107.5
SAMPLE00000853,64392.99,129568.0,2016,223.6,2500,442,Sedan,Ford,Silverado,Chicago,V6,Hybrid,A,FWD,False,True,36.8,38.4,59.4,76.0,109.8
SAMPLE00000854,26282.68,61016.0,2016,122.0,3500,264,Truck,BMW,Silverado,Phoenix,V6,Diesel,A,FWD,True,True,37.0,44.4,60.7,74.3,110.1
SAMPLE00000855,25487.82,114354.0,2022,221.6,2000,359,Hatchback,Toyota,Silverado,Chicago,V6,Hybrid,M,RWD,False,False,39.7,44.6,63.9,70.0,107.6
SAMPLE00000856,17010.23,21581.0,2015,112.0,1500,137,Truck,Nissan,Altima,Phoenix,I6,Gasoline,A,FWD,True,False,37.5,41.4,66.0,84.1,103.6
SAMPLE00000857,40963.68,1293.0,2020,350.6,3500,300,Coupe,Honda,Camry,Chicago,V6,Gasoline,A,AWD,True,False,35.8,43.9,60.8,72.5,119.9
SAMPLE00000858,46066.26,2996.0,2019,162.9,2000,465,Truck,Chevrolet,F-150,Phoenix,I6,Hybrid,M,AWD,False,False,34.7,43.6,65.5,81.6,115.0
SAMPLE00000859,18613.98,87990.0,2015,198.5,3500,364,Coupe,Nissan,Altima,Los Angeles,I4,Diesel,A,AWD,True,False,33.2,42.1,59.2,68.2,103.1
SAMPLE00000860,57654.02,68309.0,2015,361.0,1500,492,Coupe,Toyota,Altima,New York,V6,Diesel,A,AWD,False,True,38.3,43.3,61.2,74.5,100.7
SAMPLE00000861,39930.89,77702.0,2013,323.9,3500,398,Sedan,Toyota,Civic,Chicago,I4,Diesel,M,FWD,False,False,34.3,44.5,61.0,77.7,106.9
SAMPLE00000862,43841.46,1119.0,2020,165.7,3500,492,Truck,Toyota,Camry,Houston,V6,Diesel,A,RWD,False,True,40.7,42.0,71.7,73.3,111.1
SAMPLE00000863,39241.95,63403.0,2014,121.6,1500,29,Sedan,Chevrolet,3 Series,New York,I4,Gasoline,A,FWD,True,False,41.8,41.6,65.5,71.3,118.8
SAMPLE00000864,37041.97,107710.0,2015,314.7,1500,303,Hatchback,BMW,Camry,Phoenix,I6,Hybrid,A,AWD,False,False,37.1,38.0,69.1,69.2,102.6
SAMPLE00000865,45780.22,66404.0,2018,217.2,1500,479,Truck,Honda,Civic,New York,V6,Gasoline,M,FWD,False,False,34.0,41.8,70.4,84.8,108.8
SAMPLE00000866,23538.21,109833.0,2021,329.8,3000,167,SUV / Crossover,Nissan,Altima,Houston,V6,Diesel,M,RWD,True,False,38.2,43.7,56.6,83.1,103.6
SAMPLE00000867,25006.05,34953.0,2019,233.6,1500,90,SUV / Crossover,Nissan,Camry,Houston,I6,Diesel,M,RWD,True,True,38.2,43.3,73.3,73.3,101.4
SAMPLE00000868,62398.21,121971.0,2019,203.8,3500,90,SUV / Crossover,Honda,F-150,Phoenix,I4,Gasoline,M,RWD,True,True,34.2,42.5,61.5,68.3,112.0
SAMPLE00000869,67036.35,88265.0,2015,235.4,1500,210,Coupe,Honda,Silverado,Chicago,I4,Diesel,A,RWD,True,False,38.8,38.2,66.7,77.2,102.1
SAMPLE00000870,35532.01,31614.0,2018,324.6,2000,329,SUV / Crossover,BMW,F-150,Chicago,I6,Gasoline,M,RWD,False,True,35.8,44.5,62.8,73.5,114.4
SAMPLE00000871,29890.96,35508.0,2021,370.7,1500,299,Hatchback,Nissan,Camry,Los Angeles,I4,Gasoline,A,FWD,True,False,40.6,41.0,72.8,70.0,111.1
SAMPLE00000872,50419.97,94205.0,2012,114.9,1500,173,Truck,Ford,Altima,Houston,I6,Gasoline,A,RWD,True,True,38.3,42.0,60.2,81.4,104.7
SAMPLE00000873,37480.38,124491.0,2017,257.2,2500,133,Truck,Ford,Altima,Los Angeles,I4,Gasoline,A,RWD,True,False,36.9,40.8,77.2,73.7,115.9
SAMPLE00000874,16396.25,62344.0,2017,109.9,3500,372,Coupe,Honda,Civic,Houston,I6,Diesel,A,AWD,True,True,41.7,40.4,64.2,84.5,114.0
SAMPLE00000875,23588.39,38745.0,2017,240.5,3500,23,Coupe,Toyota,3 Series,Los Angeles,I6,Diesel,M,RWD,False,True,37.4,41.6,71.4,80.0,112.5
SAMPLE00000876,54378.47,130052.0,2013,365.6,2000,200,Coupe,Toyota,F-150,Chicago,I6,Diesel,A,FWD,True,False,41.0,41.5,69.8,82.3,104.3
SAMPLE00000877,51240.82,100390.0,2019,208.5,3000,218,Hatchback,Chevrolet,Civic,Houston,I6,Hybrid,M,AWD,True,False,35.4,40.5,72.1,78.6,114.1
SAMPLE00000878,16490.28,67213.0,2016,379.7,2500,6,Truck,Ford,3 Series,Chicago,I4,Gasoline,M,FWD,False,True,37.0,43.6,67.7,77.5,110.8
SAMPLE00000879,27208.47,73185.0,2016,289.2,2000,5,Sedan,Toyota,Silverado,New York,V6,Hybrid,M,AWD,True,True,33.8,38.4,63.8,75.3,110.7
SAMPLE00000880,27709.11,30638.0,2013,380.2,2000,117,Coupe,Honda,F-150,Chicago,I4,Gasoline,A,RWD,False,False,36.8,38.8,59.1,69.4,102.4
SAMPLE00000881,51954.1,94020.0,2015,327.1,3500,160,SUV / Crossover,Chevrolet,Altima,Houston,I6,Gasoline,M,FWD,True,False,41.1,38.6,66.9,80.5,102.7
SAMPLE00000882,16084.08,53811.0,2020,131.0,2500,84,Sedan,Ford,F-150,New York,V6,Diesel,A,AWD,False,False,40.5,42.0,56.4,73.8,100.6
SAMPLE00000883,20725.97,149347.0,2020,169.3,3500,365,Sedan,Chevrolet,Altima,Los Angeles,V6,Gasoline,A,FWD,False,False,41.8,40.9,56.4,71.3,104.9
SAMPLE00000884,58995.38,72028.0,2017,218.3,3000,247,Coupe,Toyota,Altima,Phoenix,I4,Hybrid,M,AWD,True,True,39.7,41.2,69.1,69.9,109.9
SAMPLE00000885,24819.96,72883.0,2022,151.0,3500,165,SUV / Crossover,Honda,Silverado,Houston,I6,Diesel,A,RWD,False,True,35.4,42.0,66.1,69.3,107.2
SAMPLE00000886,50901.04,84878.0,2020,248.5,1500,427,Coupe,Honda,Silverado,Phoenix,I6,Diesel,M,FWD,False,False,34.4,40.3,66.6,76.1,114.3
SAMPLE00000887,28100.05,137513.0,2015,241.4,3500,144,Coupe,Honda,Camry,Phoenix,I6,Gasoline,A,FWD,False,True,34.6,39.3,62.3,82.2,108.2
SAMPLE00000888,20469.28,120123.0,2022,386.9,1500,30,SUV / Crossover,Toyota,3 Series,New York,I6,Diesel,A,FWD,False,False,39.0,40.1,73.2,70.2,101.9
SAMPLE00000889,28374.47,67670.0,2012,230.1,2000,420,Sedan,BMW,Civic,Los Angeles,I6,Hybrid,A,RWD,False,True,36.4,45.0,59.6,76.8,114.5
SAMPLE00000890,54724.68,107805.0,2013,335.7,3000,394,Sedan,Nissan,Silverado,Chicago,V6,Gasoline,A,RWD,True,True,36.7,44.7,68.5,74.4,103.7
SAMPLE00000891,62063.31,87935.0,2012,382.6,1500,219,SUV / Crossover,Nissan,Camry,New York,I4,Hybrid,M,AWD,True,True,40.7,44.7,74.8,77.2,106.3
SAMPLE00000892,60662.09,73855.0,2019,363.1,3000,132,Sedan,Honda,3 Series,Los Angeles,I4,Diesel,M,FWD,True,True,39.5,38.2,74.2,69.0,110.0
SAMPLE00000893,36845.09,28847.0,2020,162.6,3500,63,Hatchback,Nissan,3 Series,Chicago,I4,Hybrid,M,AWD,True,False,34.9,38.6,55.7,77.1,111.1
SAMPLE00000894,51744.68,69590.0,2021,248.8,3500,75,Coupe,BMW,F-150,Chicago,V6,Hybrid,A,AWD,False,False,34.5,38.3,61.4,77.3,105.9
SAMPLE00000895,26274.14,36873.0,2017,204.3,2000,130,Hatchback,Honda,Camry,Los Angeles,V6,Diesel,A,RWD,True,True,40.4,43.7,71.4,82.8,109.2
SAMPLE00000896,31123.13,137226.0,2013,220.0,3500,311,Hatchback,BMW,Camry,Chicago,I4,Gasoline,A,FWD,True,True,41.6,44.9,72.0,71.4,101.3
SAMPLE00000897,64298.47,50311.0,2017,208.2,1500,318,Hatchback,Ford,F-150,Houston,V6,Gasoline,M,RWD,True,False,34.7,41.8,66.1,81.9,103.2
SAMPLE00000898,15715.11,142840.0,2020,347.9,2000,360,Truck,Nissan,Civic,Houston,V6,Diesel,M,FWD,True,False,41.6,42.9,59.7,80.8,112.0
SAMPLE00000899,19702.97,79958.0,2014,235.6,3000,37,Truck,Ford,Silverado,New York,I4,Gasoline,M,AWD,False,False,36.9,40.5,61.4,83.5,100.1
SAMPLE00000900,26433.74,94732.0,2020,257.1,2000,53,Hatchback,Honda,Altima,Chicago,V6,Hybrid,M,RWD,False,True,41.2,43.4,73.4,83.5,103.7
SAMPLE00000901,16459.27,81441.0,2013,394.7,3000,129,Coupe,Chevrolet,F-150,Chicago,I6,Diesel,M,RWD,True,False,39.8,42.6,59.4,81.0,112.6
SAMPLE00000902,24978.95,19407.0,2022,118.0,2500,217,Hatchback,Chevrolet,Silverado,Los Angeles,I4,Diesel,A,FWD,True,False,41.1,43.6,76.7,83.7,104.6
SAMPLE00000903,47067.29,56373.0,2016,246.4,1500,1,Hatchback,Toyota,Altima,Houston,I4,Gasoline,M,AWD,False,False,38.8,41.5,66.5,72.4,116.4
SAMPLE00000904,38178.35,14872.0,2022,332.2,1500,245,Truck,Ford,Camry,Phoenix,I4,Gasoline,A,RWD,True,True,34.4,39.4,61.5,70.6,107.9
SAMPLE00000905,64096.94,93443.0,2013,145.3,3000,139,Hatchback,Ford,F-150,New York,I4,Diesel,M,AWD,True,True,33.5,41.3,64.0,72.8,114.3
SAMPLE00000906,59959.4,67031.0,2018,283.5,3500,295,Coupe,Chevrolet,Altima,Houston,V6,Diesel,A,RWD,True,False,38.6,40.2,60.9,82.3,117.7
SAMPLE00000907,33799.95,116698.0,2022,171.8,3500,257,Coupe,Honda,Civic,Los Angeles,I4,Diesel,A,RWD,True,False,33.5,42.9,63.8,73.3,109.0
SAMPLE00000908,29268.29,33071.0,2021,360.2,2500,104,Hatchback,Toyota,Silverado,New York,I6,Diesel,M,RWD,True,True,35.1,39.0,58.0,81.9,113.5
SAMPLE00000909,35883.08,24685.0,2020,198.1,3000,380,Coupe,Ford,Silverado,Phoenix,V6,Hybrid,A,AWD,True,True,34.9,40.3,73.9,74.3,116.9
SAMPLE00000910,47466.22,60950.0,2018,198.7,2500,335,Hatchback,Toyota,Silverado,New York,V6,Hybrid,A,AWD,False,True,36.8,38.0,77.2,81.6,104.9
SAMPLE00000911,29743.5,138988.0,2016,279.5,3000,477,Truck,Ford,Camry,Houston,I4,Diesel,A,AWD,False,False,38.4,43.7,70.2,82.4,117.7
SAMPLE00000912,49328.19,106563.0,2015,155.1,2500,184,Hatchback,BMW,Altima,Phoenix,V6,Diesel,A,AWD,False,False,41.2,40.8,73.6,79.5,117.2
SAMPLE00000913,37517.64,62839.0,2015,185.5,3000,302,Sedan,BMW,Silverado,Los Angeles,V6,Diesel,A,AWD,True,True,41.4,43.4,60.2,84.7,101.2
SAMPLE00000914,45362.59,77591.0,2021,225.0,1500,493,Truck,Toyota,3 Series,New York,V6,Hybrid,A,AWD,False,False,41.8,38.7,56.4,80.4,109.4
SAMPLE00000915,38986.96,12632.0,2019,206.1,2500,243,Coupe,Chevrolet,Silverado,Houston,I4,Gasoline,A,AWD,True,True,39.9,39.4,69.4,72.2,102.2
SAMPLE00000916,31195.62,147686.0,2021,257.5,2500,163,Coupe,Chevrolet,Camry,Los Angeles,I6,Hybrid,A,FWD,False,True,41.3,44.0,73.8,84.7,117.7
SAMPLE00000917,67164.93,99961.0,2021,279.9,3000,131,Truck,Ford,F-150,Phoenix,I4,Diesel,A,AWD,False,True,40.1,42.2,74.2,79.6,104.8
SAMPLE00000918,56998.32,42811.0,2021,270.0,2000,202,Sedan,Nissan,Silverado,New York,I6,Diesel,M,AWD,False,False,41.2,38.0,67.3,75.4,107.4
SAMPLE00000919,22706.22,87871.0,2021,296.3,2000,407,Truck,BMW,Silverado,Chicago,V6,Diesel,M,FWD,False,False,33.9,44.3,69.3,76.4,118.8
SAMPLE00000920,62765.74,16422.0,2021,192.3,1500,209,SUV / Crossover,BMW,F-150,Houston,I6,Diesel,A,FWD,False,False,41.7,44.9,63.5,81.0,111.2
SAMPLE00000921,41808.72,144876.0,2012,137.9,3500,346,Sedan,Toyota,Altima,Houston,I4,Hybrid,M,AWD,True,True,35.1,42.6,74.1,80.8,118.5
SAMPLE00000922,64200.37,26218.0,2016,328.2,3500,100,Truck,Nissan,Altima,Chicago,I4,Gasoline,A,AWD,False,True,38.1,43.1,71.0,82.3,109.2
SAMPLE00000923,58992.04,97205.0,2013,355.2,1500,445,SUV / Crossover,Toyota,3 Series,Los Angeles,I4,Diesel,M,AWD,True,False,37.7,38.9,59.3,72.1,119.7
SAMPLE00000924,38386.74,36818.0,2022,177.1,3500,385,Hatchback,Chevrolet,Camry,Houston,V6,Diesel,M,FWD,True,True,38.1,43.4,61.4,84.1,119.1
SAMPLE00000925,16235.81,107634.0,2020,222.1,3000,270,Sedan,Chevrolet,F-150,Los Angeles,I6,Diesel,M,RWD,False,True,39.3,38.7,58.5,72.4,100.4
SAMPLE00000926,29777.25,116523.0,2018,249.6,2000,458,Hatchback,Nissan,Camry,Phoenix,I4,Gasoline,M,RWD,True,False,37.9,44.2,66.6,76.2,108.1
SAMPLE00000927,44789.88,101013.0,2021,260.0,1500,474,SUV / Crossover,Nissan,Altima,Chicago,I4,Hybrid,M,RWD,True,True,39.2,41.5,59.7,71.6,119.0
SAMPLE00000928,49841.3,92175.0,2019,297.8,3000,48,Coupe,Chevrolet,F-150,Los Angeles,I4,Gasoline,A,RWD,False,False,37.8,39.0,58.7,75.4,116.3
SAMPLE00000929,29183.82,133870.0,2017,112.5,1500,367,Coupe,Honda,Civic,Phoenix,V6,Hybrid,A,RWD,True,False,33.1,38.6,58.7,79.0,104.2
SAMPLE00000930,22664.58,11794.0,2020,316.4,2000,238,Coupe,BMW,3 Series,New York,I4,Diesel,A,AWD,False,False,38.6,41.1,61.1,76.4,117.7
SAMPLE00000931,60921.16,49637.0,2017,118.6,3500,214,Hatchback,BMW,Civic,Houston,V6,Gasoline,A,RWD,False,True,38.0,38.0,73.6,72.2,104.0
SAMPLE00000932,69142.12,37243.0,2018,240.5,3000,290,Sedan,Toyota,Altima,Chicago,V6,Gasoline,A,AWD,False,False,38.3,44.7,76.6,74.6,118.7
SAMPLE00000933,43912.96,148202.0,2018,348.3,2000,371,Hatchback,BMW,F-150,New York,I4,Diesel,A,FWD,False,False,33.0,39.2,77.9,78.1,101.7
SAMPLE00000934,24442.36,58408.0,2020,235.4,1500,349,Hatchback,Toyota,Altima,New York,V6,Gasoline,M,FWD,False,True,37.2,40.9,55.9,83.3,118.9
SAMPLE00000935,29976.9,109892.0,2022,144.7,2500,430,Coupe,Nissan,F-150,New York,V6,Diesel,A,RWD,True,False,40.9,42.2,68.1,75.2,101.6
SAMPLE00000936,16011.49,102709.0,2019,395.5,3000,279,Hatchback,Nissan,Camry,Los Angeles,I4,Diesel,A,FWD,False,False,36.0,42.7,61.1,77.8,104.6
SAMPLE00000937,65286.43,31812.0,2012,366.8,1500,466,SUV / Crossover,Honda,F-150,Houston,I4,Hybrid,M,AWD,False,True,37.0,42.0,77.7,83.5,111.3
SAMPLE00000938,21476.31,35850.0,2015,331.4,1500,315,Truck,Nissan,Altima,Chicago,I6,Hybrid,M,RWD,True,True,34.1,39.3,77.6,82.3,103.8
SAMPLE00000939,46708.41,42193.0,2018,223.5,2000,476,Truck,Chevrolet,Camry,Houston,I4,Diesel,M,RWD,True,False,37.1,41.3,76.5,71.2,107.8
SAMPLE00000940,30073.04,61669.0,2022,155.2,1500,76,Truck,Honda,Camry,Houston,I6,Diesel,M,AWD,True,False,36.6,40.3,55.3,74.1,103.4
SAMPLE00000941,45479.79,35149.0,2019,382.4,3000,303,Coupe,Chevrolet,F-150,Houston,I6,Gasoline,A,AWD,False,True,40.9,38.6,58.6,81.4,111.2
SAMPLE00000942,50828.12,2948.0,2018,259.7,3000,150,Coupe,Chevrolet,Camry,Phoenix,I6,Diesel,A,AWD,False,False,33.3,40.7,67.7,80.4,112.2
SAMPLE00000943,60635.8,131909.0,2014,355.7,1500,395,Truck,Toyota,Altima,Phoenix,I4,Diesel,M,RWD,False,True,41.6,42.3,59.3,81.0,104.4
SAMPLE00000944,26353.17,144841.0,2015,202.6,2000,496,Sedan,Chevrolet,3 Series,Phoenix,I6,Gasoline,A,FWD,True,True,38.2,38.7,74.7,70.7,105.8
SAMPLE00000945,15604.77,51236.0,2018,200.6,3000,495,Truck,Honda,Civic,Phoenix,I6,Diesel,A,FWD,False,False,37.8,39.2,71.1,75.8,114.8
SAMPLE00000946,22528.71,50776.0,2019,395.7,2500,296,Hatchback,Ford,F-150,Houston,I6,Diesel,A,FWD,True,False,41.0,38.6,59.2,79.8,101.7
SAMPLE00000947,64501.03,1064.0,2018,256.5,3500,156,Truck,Nissan,Camry,Houston,I4,Hybrid,M,FWD,True,False,34.7,38.0,73.8,74.9,109.1
SAMPLE00000948,63063.95,102038.0,2017,142.2,2000,197,Truck,Toyota,Camry,Chicago,I4,Diesel,M,RWD,False,True,34.9,44.6,66.5,77.6,105.8
SAMPLE00000949,47857.72,123816.0,2020,165.9,2000,434,Sedan,Nissan,Altima,Chicago,I4,Diesel,M,AWD,False,False,40.9,43.9,71.3,80.9,108.2
SAMPLE00000950,48028.43,21991.0,2020,244.6,3500,383,Coupe,Chevrolet,Camry,Chicago,I4,Gasoline,A,FWD,True,True,41.4,39.6,58.2,76.6,116.7
SAMPLE00000951,51577.02,23950.0,2022,112.7,3500,406,Coupe,Chevrolet,Camry,Chicago,V6,Hybrid,M,RWD,False,False,40.5,42.0,66.9,78.4,119.6
SAMPLE00000952,24645.42,118512.0,2018,238.8,3000,286,Hatchback,BMW,3 Series,Chicago,I4,Hybrid,M,RWD,False,True,33.4,43.6,72.9,73.8,103.6
SAMPLE00000953,65292.66,92444.0,2019,225.7,1500,492,Truck,Toyota,F-150,Phoenix,I6,Diesel,M,FWD,True,True,38.9,40.6,62.9,74.2,101.2
SAMPLE00000954,38032.38,6729.0,2017,333.8,1500,404,SUV / Crossover,Toyota,F-150,Houston,I4,Hybrid,A,AWD,True,True,37.1,43.2,59.3,71.2,103.9
SAMPLE00000955,36072.62,93382.0,2012,206.5,2500,23,Hatchback,Honda,Altima,Chicago,V6,Hybrid,M,AWD,False,True,40.3,44.1,69.7,84.9,117.5
SAMPLE00000956,43540.47,46338.0,2012,394.8,1500,455,Coupe,Ford,3 Series,Los Angeles,V6,Hybrid,M,RWD,False,True,34.4,41.5,69.8,78.3,117.6
SAMPLE00000957,17583.13,55309.0,2017,154.2,2500,491,Sedan,Honda,3 Series,Chicago,V6,Gasoline,A,AWD,True,True,41.3,44.2,59.7,71.3,105.7
SAMPLE00000958,24145.59,115460.0,2013,277.3,2500,8,Coupe,Honda,3 Series,Chicago,I4,Gasoline,A,RWD,False,False,36.0,39.5,56.6,70.8,106.6
SAMPLE00000959,55591.85,121640.0,2019,126.9,2000,405,Coupe,Honda,F-150,Houston,V6,Hybrid,A,AWD,True,True,35.9,44.3,58.8,71.9,113.3
SAMPLE00000960,19553.93,60053.0,2012,320.2,2000,131,Sedan,Ford,Silverado,Phoenix,V6,Hybrid,A,FWD,True,True,34.6,43.6,61.3,80.2,106.8
SAMPLE00000961,48173.37,142073.0,2013,398.4,3000,76,Truck,Honda,Altima,New York,V6,Diesel,A,AWD,False,False,33.1,43.9,55.8,76.5,118.1
SAMPLE00000962,28494.2,60969.0,2019,345.7,3500,225,Truck,Nissan,Altima,Houston,I4,Hybrid,M,FWD,False,False,35.8,38.0,76.2,77.1,116.0
SAMPLE00000963,36411.26,115775.0,2017,266.7,3500,130,Coupe,Toyota,Civic,Phoenix,V6,Gasoline,M,FWD,True,True,34.3,42.6,60.3,79.8,107.2
SAMPLE00000964,30878.16,72582.0,2021,245.4,2500,484,Hatchback,Ford,3 Series,Los Angeles,V6,Diesel,M,RWD,False,True,39.6,40.8,72.0,80.4,119.4
SAMPLE00000965,34562.0,134630.0,2013,350.5,3500,375,SUV / Crossover,Chevrolet,3 Series,New York,I6,Gasoline,A,FWD,True,True,39.8,42.2,64.5,80.7,114.9
SAMPLE00000966,54547.52,136164.0,2013,380.8,2500,411,Hatchback,BMW,F-150,Phoenix,I6,Gasoline,A,RWD,True,False,40.5,38.6,66.5,69.4,115.1
SAMPLE00000967,31341.69,13113.0,2022,396.8,3500,89,Hatchback,BMW,Altima,Phoenix,I6,Gasoline,A,FWD,True,True,33.0,39.7,67.3,82.2,119.2
SAMPLE00000968,46152.26,140474.0,2018,219.0,3000,497,Coupe,Nissan,F-150,Houston,V6,Gasoline,A,FWD,False,True,36.2,40.5,72.8,71.0,108.6
SAMPLE00000969,41182.77,123830.0,2016,397.3,2000,116,Coupe,Toyota,Civic,Phoenix,I6,Gasoline,A,FWD,True,True,33.1,43.0,73.1,78.8,100.8
SAMPLE00000970,51501.91,118697.0,2016,146.8,2000,109,SUV / Crossover,BMW,Camry,Chicago,I4,Diesel,M,AWD,False,True,37.6,41.9,58.2,71.8,119.8
SAMPLE00000971,66525.64,30137.0,2019,176.1,2500,376,SUV / Crossover,Nissan,F-150,Phoenix,I6,Gasoline,M,AWD,True,False,41.2,38.1,62.0,82.0,118.7
SAMPLE00000972,55291.47,120768.0,2018,126.7,3500,353,SUV / Crossover,Nissan,Civic,New York,I4,Hybrid,M,FWD,True,False,36.7,40.3,68.2,81.0,119.3
SAMPLE00000973,26821.72,127520.0,2020,181.5,1500,270,Coupe,BMW,F-150,Phoenix,I6,Diesel,A,RWD,True,True,40.9,44.6,62.6,71.0,109.5
SAMPLE00000974,16715.07,43373.0,2015,330.4,3000,391,Coupe,BMW,F-150,Los Angeles,I6,Hybrid,M,FWD,False,False,41.5,39.3,58.1,77.4,103.3
SAMPLE00000975,29424.52,142839.0,2021,355.9,3500,431,Hatchback,Nissan,F-150,Chicago,I6,Diesel,A,RWD,False,True,35.1,39.7,64.4,80.3,103.9
SAMPLE00000976,47729.29,7479.0,2015,333.7,1500,226,Coupe,Nissan,Silverado,New York,I4,Hybrid,A,FWD,False,True,33.1,40.2,60.0,70.9,109.5
SAMPLE00000977,17828.42,22486.0,2013,289.3,3000,471,Truck,Chevrolet,Silverado,New York,I4,Gasoline,M,FWD,False,False,39.7,39.9,58.3,70.5,113.5
SAMPLE00000978,42300.14,80637.0,2014,254.2,3000,243,Truck,BMW,3 Series,Houston,I6,Hybrid,A,RWD,False,True,38.2,38.9,62.0,74.4,109.3
SAMPLE00000979,47826.36,86369.0,2012,312.6,2000,307,SUV / Crossover,Honda,Silverado,Houston,I4,Gasoline,M,RWD,False,False,36.1,40.2,61.9,83.6,107.9
SAMPLE00000980,33383.41,96773.0,2012,217.3,2500,54,Coupe,Nissan,Civic,Chicago,I6,Diesel,A,AWD,False,False,36.3,41.8,57.2,69.2,119.3
SAMPLE00000981,57400.17,2545.0,2018,352.4,3500,36,Truck,Toyota,F-150,New York,V6,Gasoline,A,RWD,False,True,33.7,42.7,68.4,74.1,113.0
SAMPLE00000982,20862.9,144055.0,2016,303.2,3000,387,Hatchback,Toyota,Silverado,Los Angeles,V6,Hybrid,M,FWD,False,False,40.8,42.5,62.2,81.7,108.1
SAMPLE00000983,19132.58,6688.0,2014,309.3,3500,54,Sedan,Nissan,Altima,Phoenix,V6,Gasoline,A,RWD,False,False,35.2,39.1,59.0,73.9,113.8
SAMPLE00000984,55050.38,21459.0,2018,260.8,3000,11,Hatchback,Toyota,F-150,Phoenix,I4,Gasoline,M,AWD,False,False,33.9,42.3,73.8,68.9,115.8
SAMPLE00000985,42252.02,2102.0,2013,365.6,2000,402,Sedan,Chevrolet,Camry,Phoenix,V6,Diesel,M,FWD,True,False,40.0,40.5,55.1,78.8,107.3
SAMPLE00000986,52862.13,85029.0,2014,175.6,2500,462,Hatchback,Chevrolet,3 Series,Houston,I6,Gasoline,M,FWD,True,True,37.4,43.8,65.4,84.3,109.5
SAMPLE00000987,38915.5,139840.0,2012,214.3,1500,184,Truck,Nissan,Silverado,New York,I6,Diesel,M,FWD,False,True,39.9,40.5,65.0,77.9,112.8
SAMPLE00000988,28552.11,99892.0,2019,333.3,1500,477,Coupe,BMW,Altima,New York,I4,Hybrid,M,RWD,True,False,41.1,44.8,70.4,81.8,112.8
SAMPLE00000989,60050.63,123399.0,2013,247.8,2000,236,Sedan,Honda,Altima,Los Angeles,I6,Diesel,M,FWD,False,False,36.4,42.3,64.0,68.2,103.5
SAMPLE00000990,58967.87,1992.0,2018,366.8,3000,292,Coupe,BMW,F-150,Houston,V6,Hybrid,M,FWD,True,False,33.5,41.0,66.8,79.2,109.9
SAMPLE00000991,53208.31,81302.0,2022,203.9,2000,203,Coupe,Toyota,Camry,Los Angeles,I6,Hybrid,M,RWD,True,False,35.3,41.5,75.9,70.6,105.2
SAMPLE00000992,29967.98,68934.0,2020,210.8,2500,210,Truck,Honda,3 Series,New York,I4,Gasoline,M,FWD,False,False,33.5,39.2,58.9,79.9,118.3
SAMPLE00000993,47462.69,74845.0,2017,366.6,1500,225,SUV / Crossover,Toyota,3 Series,Phoenix,I6,Diesel,A,RWD,True,False,34.3,42.8,57.4,77.7,109.9
SAMPLE00000994,34853.56,10832.0,2013,239.3,3500,6,SUV / Crossover,Honda,Camry,Houston,I6,Hybrid,A,RWD,True,False,40.6,44.7,72.2,71.8,115.3
SAMPLE00000995,20037.01,102665.0,2013,254.8,1500,219,Sedan,Nissan,Silverado,Houston,V6,Gasoline,A,AWD,False,True,41.5,41.6,72.1,77.9,100.9
SAMPLE00000996,65452.25,75483.0,2020,199.8,2500,310,Truck,Ford,Silverado,Houston,I4,Gasoline,M,FWD,True,True,39.1,44.9,76.2,79.5,107.6
SAMPLE00000997,22525.02,114772.0,2021,183.0,3000,27,Coupe,Chevrolet,F-150,Phoenix,V6,Hybrid,A,RWD,False,True,39.6,39.1,77.6,83.3,103.2
SAMPLE00000998,67263.05,72794.0,2019,296.8,2000,476,Hatchback,Chevrolet,Civic,Houston,I6,Gasoline,A,AWD,False,True,39.6,42.5,63.8,83.1,107.9
SAMPLE00000999,39530.32,22407.0,2020,136.0,1500,292,Hatchback,Nissan,F-150,Chicago,I4,Diesel,A,RWD,True,True,34.1,42.7,63.7,83.9,115.9
SAMPLE00001000,25182.31,97239.0,2015,363.8,1500,211,Sedan,Toyota,F-150,Houston,I6,Hybrid,M,FWD,False,False,33.4,40.2,75.8,82.3,118.5
SAMPLE00001001,44804.55,25858.0,2015,333.8,3500,188,Sedan,Toyota,F-150,Phoenix,I6,Hybrid,A,AWD,False,False,39.3,40.5,74.8,77.2,118.3
SAMPLE00001002,63012.02,130859.0,2013,157.2,2000,74,Sedan,Ford,Camry,Houston,V6,Gasoline,M,RWD,False,False,33.3,44.6,63.6,82.4,102.4
SAMPLE00001003,55272.37,91967.0,2021,308.2,3500,241,Truck,BMW,3 Series,Chicago,I6,Hybrid,A,AWD,True,True,40.3,42.3,56.8,80.3,106.0
SAMPLE00001004,59360.86,23581.0,2012,280.8,3500,113,Hatchback,Honda,3 Series,Chicago,I4,Hybrid,M,FWD,True,True,38.3,43.5,68.4,80.5,113.2
SAMPLE00001005,51233.09,144351.0,2021,155.4,3000,166,Truck,Nissan,Civic,Houston,I4,Hybrid,M,RWD,True,False,34.0,43.1,61.2,70.6,104.1
SAMPLE00001006,53075.21,77755.0,2015,182.0,1500,105,Truck,Ford,Silverado,New York,V6,Diesel,A,FWD,True,False,38.9,42.3,75.9,71.1,101.0
SAMPLE00001007,61705.76,10935.0,2021,222.7,2000,150,Coupe,Nissan,F-150,New York,V6,Diesel,M,RWD,True,True,38.5,38.3,73.5,71.1,119.1
SAMPLE00001008,28731.74,94025.0,2021,309.8,3000,435,Truck,Ford,Camry,Los Angeles,I4,Diesel,M,AWD,False,True,36.4,42.6,75.7,71.6,106.6
SAMPLE00001009,41918.37,37980.0,2022,291.6,3000,365,Truck,Toyota,Camry,Chicago,V6,Diesel,A,FWD,False,False,40.4,40.4,56.9,75.1,108.4
SAMPLE00001010,27166.52,120554.0,2019,259.7,3000,83,Coupe,Toyota,F-150,New York,I6,Gasoline,A,AWD,True,False,35.7,41.3,74.9,73.4,105.4
SAMPLE00001011,69321.74,122673.0,2013,330.5,2500,211,SUV / Crossover,BMW,Camry,Los Angeles,I4,Hybrid,M,RWD,True,False,36.4,44.0,68.6,68.8,106.5
SAMPLE00001012,66923.26,146842.0,2022,327.4,2500,266,Coupe,Nissan,Camry,New York,V6,Diesel,M,RWD,False,True,39.3,44.8,60.0,80.3,119.3
SAMPLE00001013,17168.47,75280.0,2019,285.4,3000,321,Sedan,Nissan,F-150,Houston,I4,Gasoline,A,FWD,True,False,39.8,42.9,61.9,74.9,103.8
SAMPLE00001014,53806.63,68244.0,2012,336.1,2500,268,SUV / Crossover,BMW,Civic,Chicago,I6,Diesel,M,FWD,False,False,35.5,39.6,65.5,69.3,109.9
SAMPLE00001015,65888.66,113021.0,2012,200.3,2000,460,Hatchback,Toyota,Camry,New York,V6,Gasoline,A,RWD,True,True,33.2,40.2,69.4,81.4,112.8
SAMPLE00001016,24931.64,19871.0,2015,364.4,1500,424,Truck,Chevrolet,3 Series,Houston,I4,Diesel,M,AWD,True,True,34.6,39.0,60.4,68.3,104.5
SAMPLE00001017,46236.99,82037.0,2018,284.5,2000,176,SUV / Crossover,BMW,Altima,Los Angeles,I6,Diesel,M,RWD,False,False,35.4,42.1,59.8,77.5,114.3
SAMPLE00001018,65351.86,81937.0,2020,346.7,1500,270,Hatchback,Ford,3 Series,Houston,V6,Hybrid,A,AWD,True,True,41.1,44.5,75.5,80.9,113.6
SAMPLE00001019,16867.03,13421.0,2016,263.9,2500,311,Coupe,Toyota,Altima,Los Angeles,I4,Diesel,A,FWD,False,False,41.0,43.7,74.4,74.3,119.1
SAMPLE00001020,53358.11,62698.0,2013,165.5,2000,181,Coupe,Nissan,Altima,New York,I6,Diesel,M,AWD,False,True,38.9,41.8,72.6,77.8,109.2
SAMPLE00001021,31354.2,127993.0,2018,262.7,3500,158,Sedan,Nissan,3 Series,Phoenix,I6,Gasoline,M,RWD,False,False,39.4,44.6,72.5,68.9,107.7
SAMPLE00001022,65841.79,128423.0,2022,211.3,3000,188,Sedan,Honda,F-150,Houston,I6,Hybrid,A,AWD,False,False,38.6,44.3,72.6,72.0,107.2
SAMPLE00001023,68408.2,14886.0,2013,309.2,1500,185,SUV / Crossover,Honda,Altima,Phoenix,I6,Hybrid,M,FWD,False,True,40.0,40.5,76.3,79.3,107.3
SAMPLE00001024,66934.66,13608.0,2020,242.7,1500,470,Truck,Chevrolet,3 Series,Chicago,I6,Gasoline,A,AWD,False,False,36.2,41.8,74.4,81.4,100.8
SAMPLE00001025,41081.78,39404.0,2020,350.8,3500,443,Coupe,Nissan,Silverado,Phoenix,V6,Diesel,A,RWD,True,False,37.9,40.1,63.9,69.9,104.7
SAMPLE00001026,62412.35,131215.0,2014,303.4,3500,308,SUV / Crossover,Toyota,Camry,Chicago,I6,Gasoline,A,RWD,False,True,39.0,38.1,65.8,84.4,102.4
SAMPLE00001027,61450.22,19335.0,2019,305.4,3000,469,SUV / Crossover,Nissan,Civic,New York,V6,Diesel,A,AWD,False,True,37.2,41.2,68.9,74.7,117.6
SAMPLE00001028,32550.53,108000.0,2022,165.1,2500,245,SUV / Crossover,Nissan,Altima,New York,V6,Diesel,A,RWD,True,True,40.0,43.3,65.9,83.7,101.1
SAMPLE00001029,60590.35,15175.0,2015,395.3,2000,316,Sedan,Ford,3 Series,Houston,I4,Hybrid,A,FWD,False,True,41.4,42.4,61.8,77.2,107.3
SAMPLE00001030,17035.42,93471.0,2014,352.5,2000,463,Coupe,Chevrolet,F-150,Phoenix,I4,Diesel,M,AWD,True,True,39.0,44.5,74.8,78.9,104.4
SAMPLE00001031,47794.84,53410.0,2012,336.7,2000,383,Sedan,Ford,Altima,Chicago,V6,Hybrid,A,AWD,False,True,33.7,42.8,73.5,71.0,112.9
SAMPLE00001032,27650.49,118337.0,2016,199.1,2500,41,Sedan,Honda,Civic,Chicago,I6,Hybrid,M,AWD,False,True,38.5,39.0,64.0,83.0,106.5
SAMPLE00001033,21631.18,35054.0,2022,260.7,3000,284,SUV / Crossover,Ford,F-150,Phoenix,I6,Gasoline,M,RWD,False,True,39.3,39.9,57.6,69.5,100.3
SAMPLE00001034,19232.43,95880.0,2015,141.1,2000,467,Hatchback,Honda,Civic,New York,V6,Diesel,A,AWD,False,False,35.5,38.9,55.1,84.8,117.9
SAMPLE00001035,53295.88,35352.0,2012,261.5,1500,475,Hatchback,BMW,Civic,New York,I6,Gasoline,A,AWD,True,False,35.9,43.6,57.1,74.7,112.7
SAMPLE00001036,33693.12,107049.0,2021,143.8,1500,410,Hatchback,Honda,Camry,Chicago,V6,Gasoline,M,AWD,True,True,38.4,44.7,58.6,70.8,100.0
SAMPLE00001037,54862.17,131052.0,2019,265.9,1500,299,SUV / Crossover,Nissan,Altima,Houston,I4,Gasoline,M,AWD,True,True,39.4,39.6,70.1,78.3,113.6
SAMPLE00001038,18594.6,19020.0,2019,294.6,3500,476,Truck,Honda,Altima,New York,I6,Gasoline,A,FWD,True,False,40.8,43.4,60.1,82.7,104.3
SAMPLE00001039,32340.97,129989.0,2019,217.1,3500,388,Coupe,Nissan,Altima,Los Angeles,I6,Hybrid,M,RWD,True,True,39.9,41.1,69.6,74.8,119.3
SAMPLE00001040,44672.02,89036.0,2014,249.6,2500,435,SUV / Crossover,Chevrolet,Civic,Chicago,I6,Hybrid,M,FWD,True,False,34.2,40.5,62.6,68.1,108.9
SAMPLE00001041,58489.77,19067.0,2017,362.7,2000,368,SUV / Crossover,Nissan,Silverado,Phoenix,I4,Hybrid,A,AWD,True,False,36.1,44.9,75.6,82.8,104.5
SAMPLE00001042,32531.39,64131.0,2018,132.6,3500,361,Sedan,Nissan,Silverado,Phoenix,I6,Hybrid,A,RWD,True,True,34.3,40.4,65.8,77.9,100.6
SAMPLE00001043,49424.03,24129.0,2020,337.5,1500,485,Hatchback,Nissan,Silverado,Chicago,V6,Diesel,M,AWD,True,False,39.8,42.6,70.5,69.6,101.2
SAMPLE00001044,63728.78,105052.0,2016,151.2,3500,436,SUV / Crossover,Chevrolet,F-150,Chicago,I6,Hybrid,M,FWD,False,False,35.4,43.0,65.6,83.4,101.1
SAMPLE00001045,48872.48,113830.0,2020,111.0,1500,435,Truck,Toyota,Camry,New York,V6,Diesel,A,AWD,True,True,34.1,43.4,76.0,81.1,100.6
SAMPLE00001046,27812.77,15869.0,2017,155.7,2000,293,Coupe,Toyota,F-150,Chicago,I6,Gasoline,A,FWD,False,False,33.9,44.0,70.8,77.1,111.0
SAMPLE00001047,16342.04,75921.0,2021,329.5,2500,427,Truck,Honda,Altima,Chicago,V6,Diesel,A,FWD,True,False,34.0,42.0,69.8,75.6,116.9
SAMPLE00001048,62855.44,122194.0,2021,221.5,3000,180,SUV / Crossover,BMW,Altima,Los Angeles,I4,Hybrid,M,RWD,False,False,35.2,42.2,68.6,80.0,106.9
SAMPLE00001049,16169.82,140424.0,2021,361.8,3000,370,SUV / Crossover,Toyota,3 Series,Phoenix,I6,Hybrid,M,AWD,True,False,40.0,43.0,77.7,74.2,107.0
SAMPLE00001050,63108.59,77028.0,2015,257.4,1500,385,Sedan,Honda,Altima,New York,I4,Hybrid,A,AWD,False,False,35.1,39.0,70.7,79.1,102.1
SAMPLE00001051,44091.54,142542.0,2012,106.7,3500,364,Truck,Chevrolet,Silverado,Houston,I4,Gasoline,M,AWD,True,True,35.5,39.4,72.3,70.6,100.0
SAMPLE00001052,66648.72,80353.0,2012,315.0,3500,181,Sedan,Toyota,Camry,New York,I6,Gasoline,M,RWD,True,True,40.9,43.4,56.9,70.4,119.0
SAMPLE00001053,58933.08,59129.0,2021,133.1,1500,339,Truck,Toyota,Silverado,Phoenix,I6,Hybrid,M,FWD,True,False,37.0,38.9,73.7,73.3,109.2
SAMPLE00001054,69886.38,127230.0,2016,336.8,2000,490,Hatchback,Nissan,Camry,Houston,V6,Gasoline,A,RWD,False,False,37.6,42.8,68.7,83.1,114.7
SAMPLE00001055,34289.15,73947.0,2014,150.4,1500,494,Hatchback,Nissan,F-150,Chicago,I6,Diesel,M,RWD,True,True,33.0,38.2,62.7,82.5,117.4
SAMPLE00001056,57195.36,70785.0,2016,203.6,2000,460,Truck,Honda,Altima,Los Angeles,I6,Diesel,A,FWD,False,True,33.7,40.4,68.4,76.4,102.2
SAMPLE00001057,37106.2,73547.0,2016,328.4,2500,217,Sedan,Nissan,F-150,Los Angeles,V6,Diesel,M,AWD,False,True,39.7,42.6,69.4,78.0,105.3
SAMPLE00001058,41393.16,127018.0,2012,386.3,2500,162,Hatchback,Honda,Silverado,Phoenix,V6,Diesel,A,FWD,False,False,36.0,42.9,61.0,78.7,110.0
SAMPLE00001059,49512.8,124791.0,2019,211.4,1500,45,SUV / Crossover,Ford,Civic,Phoenix,I6,Hybrid,A,FWD,True,True,34.3,42.4,65.1,74.3,105.9
SAMPLE00001060,63052.24,60528.0,2016,348.8,2500,455,Coupe,Ford,Camry,Los Angeles,I6,Hybrid,A,FWD,False,True,36.9,41.1,71.6,79.9,101.1
SAMPLE00001061,69124.59,49995.0,2016,157.2,3500,91,Sedan,BMW,Altima,Houston,I6,Diesel,M,AWD,False,True,33.4,39.8,60.2,78.3,117.9
SAMPLE00001062,57255.04,73789.0,2020,342.2,2000,104,Truck,Toyota,3 Series,Houston,I4,Diesel,A,FWD,False,False,39.4,42.3,74.2,74.0,105.0
SAMPLE00001063,37977.17,85916.0,2019,297.2,3000,206,Coupe,Ford,Civic,New York,I4,Hybrid,M,RWD,False,False,33.7,39.3,56.8,72.8,101.5
SAMPLE00001064,38174.64,35751.0,2012,157.8,3000,438,Coupe,Honda,F-150,Chicago,I6,Gasoline,M,FWD,False,True,33.5,38.4,68.4,84.7,108.4
SAMPLE00001065,55567.03,119093.0,2014,190.8,2500,497,SUV / Crossover,Nissan,Camry,Houston,V6,Diesel,M,FWD,False,False,36.8,38.1,63.7,72.8,116.1
SAMPLE00001066,28132.74,72972.0,2018,139.5,2000,327,Sedan,Nissan,Civic,Chicago,I6,Gasoline,M,RWD,False,True,38.3,39.9,56.2,71.0,103.4
SAMPLE00001067,21076.08,50107.0,2012,214.9,3500,138,Coupe,Toyota,3 Series,Phoenix,I6,Hybrid,M,AWD,False,True,39.9,38.2,72.8,82.2,108.7
SAMPLE00001068,34504.22,16023.0,2012,161.1,3000,28,Sedan,Ford,Civic,Houston,I4,Diesel,A,RWD,False,False,33.6,39.7,67.6,81.8,103.7
SAMPLE00001069,30798.14,35827.0,2016,293.2,3500,250,SUV / Crossover,BMW,3 Series,Houston,I6,Diesel,A,AWD,True,False,36.0,40.0,71.5,72.1,116.4
SAMPLE00001070,31296.95,142392.0,2020,398.4,3500,452,Truck,BMW,F-150,Houston,I6,Gasoline,M,AWD,False,True,35.4,40.4,63.7,82.4,110.5
SAMPLE00001071,27848.43,45765.0,2017,103.6,3000,190,Coupe,BMW,Camry,New York,I4,Gasoline,A,AWD,False,False,39.7,43.0,74.8,83.5,111.6
SAMPLE00001072,17315.13,25329.0,2021,262.3,3000,46,Coupe,BMW,F-150,Phoenix,I4,Gasoline,M,AWD,False,False,36.3,41.1,56.9,73.6,115.0
SAMPLE00001073,15983.07,69101.0,2013,272.1,2500,366,Coupe,Nissan,Camry,Los Angeles,V6,Gasoline,A,RWD,False,False,38.7,44.9,60.4,73.6,118.8
SAMPLE00001074,69324.73,46063.0,2022,374.3,2000,250,Sedan,Nissan,Civic,New York,V6,Diesel,M,AWD,True,False,37.4,44.6,73.3,70.2,102.1
SAMPLE00001075,38527.52,5274.0,2020,251.8,1500,262,Coupe,Nissan,F-150,New York,V6,Hybrid,A,RWD,True,True,38.1,44.9,77.0,78.4,116.9
SAMPLE00001076,36137.97,48472.0,2017,263.1,2000,372,Sedan,Honda,Camry,Houston,I6,Gasoline,M,FWD,True,True,36.3,40.9,74.5,79.8,109.5
SAMPLE00001077,52380.6,81616.0,2016,241.5,1500,63,Hatchback,BMW,Altima,New York,V6,Gasoline,M,RWD,False,True,35.2,38.3,60.3,69.2,112.8
SAMPLE00001078,27003.96,82757.0,2016,180.7,3000,337,Hatchback,Chevrolet,3 Series,Los Angeles,I4,Hybrid,A,FWD,True,True,33.5,44.0,63.0,71.6,117.1
SAMPLE00001079,67247.87,53484.0,2014,116.8,3500,319,Sedan,Nissan,Camry,New York,V6,Diesel,M,RWD,True,True,34.6,41.0,72.6,72.6,106.5
SAMPLE00001080,58248.98,67095.0,2017,222.6,2000,347,Hatchback,BMW,Altima,New York,I6,Hybrid,A,FWD,False,False,34.6,42.5,76.8,75.6,117.4
SAMPLE00001081,19917.61,144828.0,2015,115.8,3500,267,SUV / Crossover,Ford,F-150,Houston,I6,Hybrid,A,RWD,False,False,41.4,43.9,61.7,82.0,112.6
SAMPLE00001082,37966.94,56602.0,2021,265.1,2000,11,SUV / Crossover,Toyota,F-150,Phoenix,V6,Gasoline,A,RWD,False,True,41.4,42.3,63.9,71.8,105.6
SAMPLE00001083,63351.51,38734.0,2013,192.2,2000,291,Hatchback,Nissan,Civic,Los Angeles,I6,Hybrid,A,RWD,False,True,35.3,43.2,55.5,81.7,118.4
SAMPLE00001084,66960.26,36520.0,2014,260.1,3500,28,Truck,Nissan,3 Series,Houston,I6,Hybrid,M,RWD,True,True,34.0,39.7,66.6,83.1,101.2
SAMPLE00001085,40707.08,68665.0,2020,140.3,2500,138,Sedan,Ford,Camry,New York,I6,Diesel,M,FWD,False,True,35.5,39.4,57.0,71.4,111.8
SAMPLE00001086,48737.63,113928.0,2022,379.8,3000,436,Hatchback,Toyota,F-150,Los Angeles,V6,Gasoline,M,AWD,False,False,40.2,41.9,57.0,84.9,100.3
SAMPLE00001087,24186.87,30898.0,2022,368.4,2500,453,Sedan,Honda,Camry,Chicago,I6,Gasoline,M,RWD,True,False,40.8,42.5,72.5,76.8,101.6
SAMPLE00001088,69514.27,106394.0,2020,157.0,2500,84,Hatchback,Nissan,Silverado,New York,V6,Gasoline,M,FWD,True,False,37.5,44.1,62.9,77.4,102.0
SAMPLE00001089,27741.94,3172.0,2017,203.0,2000,73,SUV / Crossover,Toyota,3 Series,Phoenix,V6,Diesel,A,RWD,False,False,37.9,43.7,76.5,78.5,117.9
SAMPLE00001090,66850.25,62840.0,2021,284.0,3000,250,Truck,Chevrolet,3 Series,New York,I6,Diesel,A,AWD,True,False,37.1,44.9,71.5,81.6,111.2
SAMPLE00001091,50730.57,116380.0,2021,128.7,2000,223,Sedan,Nissan,Altima,Phoenix,V6,Diesel,M,FWD,False,False,34.6,44.8,61.8,79.1,105.2
SAMPLE00001092,48425.52,50810.0,2020,206.4,1500,46,Truck,BMW,Silverado,Chicago,V6,Diesel,M,FWD,False,False,33.4,42.4,70.7,80.5,107.8
SAMPLE00001093,43197.87,84561.0,2015,175.3,2000,416,SUV / Crossover,Ford,3 Series,Houston,I6,Gasoline,A,FWD,False,True,38.6,41.5,74.9,75.5,116.8
SAMPLE00001094,27686.84,30747.0,2022,374.7,3500,80,Coupe,Toyota,Silverado,Houston,I6,Gasoline,M,RWD,False,True,40.2,43.3,65.0,78.0,111.4
SAMPLE00001095,24709.04,111299.0,2016,355.8,2000,450,Coupe,Ford,Camry,Houston,V6,Hybrid,M,RWD,False,True,39.7,39.8,67.9,72.2,100.6
SAMPLE00001096,27126.74,7842.0,2021,273.9,1500,120,Sedan,BMW,Silverado,Los Angeles,I4,Diesel,A,AWD,True,False,41.1,40.5,60.0,74.2,117.4
SAMPLE00001097,25254.1,127881.0,2017,256.1,2000,42,SUV / Crossover,Honda,Civic,Phoenix,I4,Hybrid,M,AWD,True,False,40.3,43.4,64.3,78.7,110.8
SAMPLE00001098,57877.15,29729.0,2020,379.2,1500,145,Sedan,BMW,Altima,New York,I4,Diesel,A,RWD,True,True,35.6,44.6,68.3,68.7,103.9
SAMPLE00001099,34256.89,131160.0,2016,379.7,3000,73,Sedan,Honda,Silverado,Los Angeles,I4,Hybrid,A,RWD,True,True,34.1,44.3,69.2,77.8,114.3
SAMPLE00001100,18181.35,52879.0,2019,390.8,2000,52,Sedan,Ford,Camry,Los Angeles,V6,Gasoline,A,FWD,True,False,36.9,38.5,71.6,77.4,110.7
SAMPLE00001101,68300.64,108403.0,2022,137.6,1500,232,Truck,Honda,3 Series,New York,I6,Gasoline,M,RWD,False,False,36.1,39.6,77.0,71.2,103.8
SAMPLE00001102,63608.22,47884.0,2012,148.2,3000,294,Hatchback,Nissan,Civic,Chicago,I4,Diesel,M,FWD,False,False,39.6,39.9,74.3,83.9,113.0
SAMPLE00001103,66026.38,135887.0,2016,303.0,3500,362,SUV / Crossover,Honda,Silverado,Houston,I6,Gasoline,M,AWD,False,False,33.6,40.7,74.6,69.4,112.8
SAMPLE00001104,69719.93,18996.0,2021,262.4,2500,199,Truck,Honda,Altima,Chicago,I4,Diesel,M,RWD,True,False,41.5,38.5,67.8,68.9,119.1
SAMPLE00001105,24564.24,26778.0,2012,105.5,1500,161,Hatchback,Nissan,Altima,Chicago,I4,Hybrid,A,AWD,True,False,41.6,39.6,58.3,82.6,105.3
SAMPLE00001106,36793.31,73955.0,2021,118.6,3500,36,Sedan,Honda,Camry,Houston,I4,Diesel,M,RWD,True,True,33.8,43.0,69.6,82.3,111.0
SAMPLE00001107,56703.12,12291.0,2017,366.4,3000,424,Coupe,Nissan,Civic,Chicago,I6,Hybrid,M,RWD,True,False,36.9,39.7,64.3,74.7,106.4
SAMPLE00001108,53281.13,29397.0,2018,360.7,3500,96,Truck,Nissan,Civic,Los Angeles,I6,Hybrid,M,FWD,False,True,41.1,44.6,55.7,84.6,106.0
SAMPLE00001109,23464.27,141565.0,2016,207.2,2000,48,SUV / Crossover,Honda,Civic,New York,I4,Diesel,A,RWD,False,True,34.7,41.0,59.5,84.6,110.1
SAMPLE00001110,59870.82,146473.0,2012,367.3,2500,383,SUV / Crossover,Nissan,Silverado,Los Angeles,I6,Gasoline,A,AWD,True,True,39.2,38.7,72.5,70.1,114.3
SAMPLE00001111,27344.23,56439.0,2017,278.1,1500,9,Hatchback,Toyota,Camry,Los Angeles,I4,Hybrid,A,RWD,True,False,39.4,43.9,69.5,76.2,112.1
SAMPLE00001112,27309.97,138493.0,2021,341.8,3000,39,Truck,Honda,Camry,Phoenix,V6,Gasoline,A,AWD,False,False,35.1,44.4,77.5,68.9,102.3
SAMPLE00001113,44533.59,81724.0,2016,228.2,2500,401,Sedan,Honda,Camry,Houston,I6,Hybrid,M,RWD,True,True,33.1,44.5,76.2,74.1,118.4
SAMPLE00001114,47611.7,40461.0,2017,134.0,3000,152,Hatchback,BMW,F-150,Houston,I4,Hybrid,A,AWD,False,False,39.0,41.5,68.7,69.2,114.2
SAMPLE00001115,46904.74,105360.0,2022,230.1,3500,105,SUV / Crossover,BMW,3 Series,Los Angeles,V6,Hybrid,A,AWD,True,False,38.6,44.4,58.6,70.7,111.6
SAMPLE00001116,20031.78,98835.0,2021,237.2,3000,40,Truck,BMW,Camry,Houston,V6,Hybrid,M,AWD,True,True,38.8,43.0,62.7,83.2,102.9
SAMPLE00001117,63260.35,148369.0,2018,265.3,3000,163,Coupe,Honda,F-150,Phoenix,I4,Diesel,A,RWD,True,True,34.4,39.4,60.4,82.4,102.7
SAMPLE00001118,29608.0,39757.0,2018,131.7,3500,257,Sedan,BMW,F-150,New York,V6,Hybrid,A,FWD,True,True,38.4,41.7,65.8,82.6,105.9
SAMPLE00001119,22123.32,100809.0,2013,397.4,3500,210,SUV / Crossover,Toyota,Civic,Chicago,V6,Gasoline,M,AWD,True,False,37.9,41.0,73.4,68.6,118.5
SAMPLE00001120,63881.14,7804.0,2014,173.2,2500,201,Truck,Ford,3 Series,Houston,I4,Gasoline,A,AWD,True,False,37.1,41.2,73.9,77.7,102.9
SAMPLE00001121,67560.83,17047.0,2017,159.6,1500,432,Coupe,BMW,Civic,Los Angeles,V6,Diesel,M,FWD,False,False,40.0,40.9,59.1,81.2,113.1
SAMPLE00001122,62417.02,588.0,2014,258.0,3500,194,SUV / Crossover,Nissan,3 Series,Houston,V6,Hybrid,A,AWD,False,True,36.5,39.2,67.6,79.8,112.9
SAMPLE00001123,59523.38,149919.0,2013,261.2,2500,52,Coupe,BMW,Civic,Los Angeles,I4,Diesel,M,AWD,True,False,36.2,40.7,70.6,76.5,101.8
SAMPLE00001124,51038.31,120341.0,2015,231.9,3000,146,SUV / Crossover,Toyota,Altima,Chicago,I4,Gasoline,M,RWD,True,False,37.9,41.6,64.1,70.1,114.1
SAMPLE00001125,45297.16,118008.0,2016,331.6,3000,498,Hatchback,Nissan,Silverado,Houston,V6,Hybrid,M,FWD,False,False,41.5,40.0,75.8,81.2,109.5
SAMPLE00001126,19784.27,76459.0,2022,255.0,2000,281,Hatchback,Nissan,3 Series,Chicago,I6,Gasoline,A,AWD,False,True,36.1,39.2,63.3,83.1,110.0
SAMPLE00001127,37464.93,45010.0,2021,282.9,3500,309,Hatchback,Nissan,Altima,Los Angeles,I4,Diesel,M,RWD,False,True,37.0,39.4,66.3,72.6,100.1
SAMPLE00001128,35497.87,22690.0,2020,317.1,2500,242,Truck,Nissan,F-150,Phoenix,I6,Diesel,M,RWD,True,False,35.4,39.4,68.5,77.2,117.9
SAMPLE00001129,29286.46,42701.0,2014,107.5,2500,50,Hatchback,Chevrolet,F-150,Phoenix,I4,Gasoline,A,RWD,True,True,39.1,41.1,64.8,76.3,112.2
SAMPLE00001130,54788.11,56396.0,2014,271.2,1500,494,Truck,Chevrolet,3 Series,New York,I6,Hybrid,M,RWD,False,True,36.3,39.5,77.2,80.5,112.1
SAMPLE00001131,42273.17,113447.0,2017,365.3,2500,408,Sedan,Nissan,Civic,Los Angeles,I4,Hybrid,M,FWD,True,False,39.2,43.0,72.5,83.7,107.8
SAMPLE00001132,19457.54,80949.0,2016,105.2,3500,113,Hatchback,Nissan,Silverado,Los Angeles,V6,Gasoline,M,FWD,False,False,34.3,40.3,74.1,75.7,114.0
SAMPLE00001133,27110.08,11623.0,2017,221.6,2500,272,Truck,Nissan,Silverado,Los Angeles,V6,Gasoline,M,RWD,True,True,35.4,44.6,72.3,75.9,116.7
SAMPLE00001134,52579.23,2704.0,2018,377.9,2000,457,SUV / Crossover,Toyota,Camry,Phoenix,I6,Hybrid,A,FWD,False,False,34.9,38.4,68.5,71.8,109.9
SAMPLE00001135,19187.2,15350.0,2022,205.9,3000,119,Truck,BMW,3 Series,Phoenix,I6,Gasoline,M,RWD,True,False,40.0,40.2,55.6,71.0,110.9
SAMPLE00001136,61816.38,61575.0,2014,237.6,3000,188,Truck,Ford,Silverado,Phoenix,I4,Diesel,M,AWD,False,False,33.8,43.2,72.6,68.7,104.2
SAMPLE00001137,42233.06,139979.0,2016,394.5,2500,45,SUV / Crossover,Nissan,Civic,Houston,I4,Hybrid,M,AWD,False,False,35.3,42.8,69.1,81.9,107.1
SAMPLE00001138,41432.26,95610.0,2019,159.8,2500,242,Truck,BMW,Civic,Houston,I6,Hybrid,A,RWD,True,False,37.6,40.9,56.9,74.8,109.4
SAMPLE00001139,47582.43,120274.0,2015,119.6,2500,310,SUV / Crossover,Toyota,F-150,Phoenix,I6,Diesel,A,AWD,False,False,33.8,44.1,57.7,69.2,113.2
SAMPLE00001140,60357.45,69956.0,2021,357.8,2500,49,Coupe,Toyota,Silverado,Chicago,V6,Gasoline,M,RWD,False,False,33.1,38.5,66.1,77.4,118.6
SAMPLE00001141,34129.51,54250.0,2013,360.5,2000,330,Hatchback,Nissan,Silverado,Houston,I6,Hybrid,M,AWD,False,True,39.2,41.6,74.6,73.7,102.7
SAMPLE00001142,52290.89,16260.0,2015,241.6,3500,10,Sedan,Honda,Civic,Houston,V6,Hybrid,A,AWD,False,False,38.5,39.4,67.7,84.5,110.6
SAMPLE00001143,46115.26,131390.0,2013,254.3,2000,395,Truck,Toyota,F-150,Houston,I6,Hybrid,M,FWD,True,False,33.1,40.6,76.2,75.6,112.2
SAMPLE00001144,29686.55,117474.0,2014,350.7,2000,423,SUV / Crossover,Honda,Silverado,Houston,V6,Gasoline,A,RWD,False,True,33.4,42.9,73.8,69.7,116.5
SAMPLE00001145,63324.65,25218.0,2015,321.6,2000,47,Hatchback,Toyota,Civic,New York,V6,Hybrid,M,FWD,True,False,35.0,38.7,69.5,78.9,116.9
SAMPLE00001146,58858.43,76839.0,2015,179.5,3000,376,Truck,Honda,F-150,Houston,V6,Gasoline,A,RWD,False,False,41.2,38.3,62.2,81.5,113.2
SAMPLE00001147,51214.85,73106.0,2021,105.1,2000,55,Hatchback,Honda,F-150,Chicago,I4,Diesel,M,AWD,False,False,38.9,40.9,74.6,77.9,103.9
SAMPLE00001148,61782.0,93764.0,2020,243.9,2500,7,Coupe,Nissan,Civic,New York,V6,Gasoline,M,RWD,True,True,40.2,39.9,70.2,81.2,115.6
SAMPLE00001149,62701.18,141928.0,2021,357.7,2000,471,Truck,Nissan,F-150,Houston,I6,Gasoline,A,RWD,False,False,39.8,43.0,67.7,73.1,111.6
SAMPLE00001150,53959.96,86966.0,2017,368.8,2500,13,SUV / Crossover,BMW,Altima,Los Angeles,I6,Diesel,M,RWD,True,False,41.8,38.5,66.5,77.0,119.2
SAMPLE00001151,61035.73,81033.0,2020,386.9,3500,214,Coupe,Honda,Altima,New York,I6,Gasoline,A,RWD,False,True,41.6,44.8,59.9,82.1,119.1
SAMPLE00001152,53360.93,7548.0,2015,363.9,3000,369,Truck,Chevrolet,F-150,Houston,I4,Diesel,M,AWD,False,True,33.6,42.3,55.4,69.3,111.0
SAMPLE00001153,52407.74,9436.0,2020,274.0,3500,439,Hatchback,Toyota,Camry,Chicago,V6,Hybrid,M,AWD,False,False,33.2,41.5,71.5,72.4,118.9
SAMPLE00001154,49023.63,28102.0,2022,233.4,3500,244,Coupe,Nissan,F-150,Phoenix,I4,Diesel,A,FWD,False,False,37.5,40.9,76.2,78.7,100.5
SAMPLE00001155,56399.42,4871.0,2020,332.5,3000,53,SUV / Crossover,Ford,Silverado,Houston,V6,Diesel,A,RWD,True,False,35.4,43.2,59.2,76.6,118.3
SAMPLE00001156,23723.28,111503.0,2017,321.9,2500,483,Truck,Toyota,F-150,Los Angeles,I6,Hybrid,A,FWD,False,False,37.5,40.5,76.5,81.1,119.3
SAMPLE00001157,63447.89,108500.0,2016,261.4,2500,272,Hatchback,BMW,Silverado,Chicago,V6,Hybrid,M,AWD,False,True,33.8,43.4,56.7,71.0,119.6
SAMPLE00001158,62951.39,20408.0,2014,126.2,2500,428,Hatchback,BMW,Civic,New York,I4,Gasoline,M,AWD,False,False,41.2,43.0,67.7,82.4,115.6
SAMPLE00001159,16608.6,125412.0,2016,377.8,3000,388,Coupe,Honda,F-150,Chicago,I4,Gasoline,M,RWD,False,True,40.0,41.9,57.7,78.5,103.6
SAMPLE00001160,60419.92,23218.0,2014,236.7,2000,130,Truck,BMW,Civic,Houston,I4,Gasoline,M,RWD,True,False,38.0,44.2,75.4,71.5,119.5
SAMPLE00001161,22087.84,45176.0,2016,209.0,1500,8,Hatchback,Nissan,3 Series,Los Angeles,I4,Hybrid,M,FWD,False,True,37.2,40.4,57.4,69.0,108.6
SAMPLE00001162,33431.54,37347.0,2016,288.9,2000,211,Coupe,BMW,Altima,Chicago,I6,Hybrid,M,AWD,True,False,37.2,38.4,60.8,84.7,109.4
SAMPLE00001163,55892.95,55846.0,2013,302.2,2000,121,Sedan,Toyota,F-150,Chicago,I4,Hybrid,A,FWD,False,True,38.5,40.6,73.5,75.5,100.3
SAMPLE00001164,23841.79,38200.0,2020,163.2,3500,113,Hatchback,Chevrolet,Civic,Phoenix,I4,Gasoline,M,AWD,True,True,37.9,44.1,70.8,72.5,106.9
SAMPLE00001165,59988.19,73343.0,2018,351.1,1500,19,Coupe,Chevrolet,3 Series,Phoenix,I4,Hybrid,A,AWD,False,False,37.3,38.5,63.9,71.1,105.1
SAMPLE00001166,60767.38,61111.0,2017,187.0,2500,498,Sedan,Honda,Silverado,Houston,I6,Hybrid,M,FWD,True,False,39.1,43.3,74.2,72.2,109.0
SAMPLE00001167,42910.73,147985.0,2016,156.0,2000,338,Coupe,BMW,Silverado,New York,V6,Diesel,A,AWD,False,False,39.9,43.8,69.6,76.3,105.4
SAMPLE00001168,15351.22,8389.0,2015,221.9,3000,20,Hatchback,BMW,Altima,New York,I6,Diesel,A,AWD,True,True,38.8,41.0,61.0,82.5,108.9
SAMPLE00001169,30787.1,21327.0,2019,319.2,2000,207,Sedan,Chevrolet,Altima,Los Angeles,I6,Hybrid,M,FWD,True,False,36.5,39.4,72.0,71.5,103.0
SAMPLE00001170,48930.98,7924.0,2013,389.6,2500,32,Coupe,Honda,Silverado,Houston,I6,Gasoline,A,AWD,False,False,36.7,40.5,62.7,74.3,119.0
SAMPLE00001171,68965.24,93876.0,2019,342.8,2000,132,Truck,BMW,Silverado,New York,V6,Diesel,M,FWD,False,True,33.9,40.8,73.8,81.6,113.3
SAMPLE00001172,49749.74,8176.0,2012,382.1,3500,407,Sedan,Honda,Silverado,Chicago,I4,Hybrid,A,RWD,False,True,36.7,44.5,73.0,79.3,119.8
SAMPLE00001173,29289.2,125466.0,2021,142.2,3500,190,Coupe,Nissan,Camry,Houston,I6,Diesel,A,AWD,True,False,40.1,40.0,62.1,68.5,100.1
SAMPLE00001174,49870.31,76791.0,2012,121.4,2000,462,Truck,Toyota,Altima,Chicago,I4,Diesel,A,FWD,True,True,33.6,44.8,57.4,72.3,116.7
SAMPLE00001175,44699.2,79051.0,2014,267.3,3500,25,Sedan,Nissan,Civic,Los Angeles,I4,Gasoline,A,AWD,False,True,34.6,38.8,73.9,70.2,101.7
SAMPLE00001176,57891.5,84239.0,2016,187.1,3000,363,Coupe,BMW,3 Series,Houston,V6,Hybrid,A,AWD,True,True,40.6,44.8,63.4,68.7,115.5
SAMPLE00001177,20883.94,25622.0,2017,348.4,1500,88,Hatchback,BMW,3 Series,Los Angeles,V6,Hybrid,A,FWD,False,True,38.1,39.6,62.5,84.1,118.4
SAMPLE00001178,56856.53,29654.0,2015,301.6,2000,91,Sedan,BMW,F-150,Phoenix,I6,Gasoline,A,RWD,True,True,39.0,39.2,55.4,78.6,102.8
SAMPLE00001179,44769.66,47823.0,2018,391.2,3000,32,Sedan,Chevrolet,Civic,Los Angeles,V6,Gasoline,M,FWD,False,True,35.9,38.8,71.7,77.2,119.1
SAMPLE00001180,67964.56,89024.0,2018,176.4,3000,237,Truck,Chevrolet,Altima,Phoenix,V6,Gasoline,M,AWD,True,False,37.4,40.2,61.3,82.6,108.7
SAMPLE00001181,33802.97,31518.0,2013,245.7,3000,17,Coupe,BMW,Camry,Houston,V6,Hybrid,M,RWD,False,False,39.9,42.3,65.0,78.1,106.9
SAMPLE00001182,49794.2,17450.0,2013,250.4,2500,273,Hatchback,BMW,Camry,Chicago,I4,Diesel,M,RWD,True,False,40.9,42.7,75.7,77.8,115.9
SAMPLE00001183,66261.55,145518.0,2013,171.8,2000,421,Truck,Toyota,Civic,Chicago,V6,Hybrid,A,AWD,False,False,41.8,40.6,57.9,71.4,117.1
SAMPLE00001184,20638.04,3297.0,2013,277.0,2000,288,Sedan,Toyota,Silverado,Chicago,I6,Hybrid,A,FWD,True,False,40.7,39.6,55.9,78.5,116.7
SAMPLE00001185,66547.57,120405.0,2020,233.0,2000,26,Truck,Honda,Silverado,Los Angeles,V6,Gasoline,M,FWD,False,False,33.6,45.0,67.9,79.4,112.5
SAMPLE00001186,52833.71,118205.0,2016,234.0,1500,304,Truck,Honda,Civic,Houston,I6,Gasoline,M,AWD,True,False,36.1,39.9,71.1,83.0,105.9
SAMPLE00001187,18731.04,44582.0,2022,208.8,3000,433,Truck,Chevrolet,Altima,Houston,I6,Gasoline,A,FWD,False,False,39.7,40.6,67.1,75.2,105.5
SAMPLE00001188,31553.0,20344.0,2019,105.1,2000,398,Sedan,Ford,3 Series,Phoenix,V6,Hybrid,M,FWD,False,True,36.8,41.4,62.8,71.5,104.6
SAMPLE00001189,53949.46,21844.0,2016,256.6,3500,107,SUV / Crossover,Toyota,Silverado,Houston,I4,Gasoline,A,FWD,True,False,36.9,43.2,63.3,77.7,102.9
SAMPLE00001190,18704.28,104615.0,2022,200.6,2500,460,Truck,Honda,F-150,Chicago,I6,Gasoline,M,RWD,False,False,40.1,39.1,58.4,84.5,107.9
SAMPLE00001191,47019.38,96421.0,2016,100.4,1500,435,SUV / Crossover,Toyota,Altima,Houston,I6,Diesel,A,RWD,True,True,40.5,39.9,62.2,69.3,117.1
SAMPLE00001192,34023.57,117412.0,2012,192.4,2500,225,Hatchback,Toyota,Altima,Phoenix,I6,Diesel,M,FWD,False,True,40.1,45.0,72.5,68.1,119.9
SAMPLE00001193,49150.35,140622.0,2017,183.6,3000,323,Hatchback,Nissan,Camry,Houston,V6,Gasoline,M,AWD,True,False,36.2,43.8,66.5,68.6,113.9
SAMPLE00001194,17515.81,103789.0,2015,218.0,3500,354,Hatchback,Ford,Silverado,Houston,I6,Diesel,M,AWD,False,True,35.1,41.1,75.5,82.1,103.1
SAMPLE00001195,62934.52,23378.0,2014,139.6,3000,18,Coupe,Toyota,3 Series,Chicago,V6,Hybrid,A,AWD,True,False,36.2,38.8,58.9,68.0,113.5
SAMPLE00001196,68541.89,36516.0,2017,252.3,2000,222,Sedan,Nissan,Altima,Houston,I6,Diesel,M,AWD,False,True,39.3,44.1,65.2,71.8,105.5
SAMPLE00001197,68288.28,126329.0,2013,307.7,2500,280,SUV / Crossover,Ford,Silverado,Los Angeles,I4,Gasoline,M,FWD,False,False,36.3,43.5,71.1,84.7,114.4
SAMPLE00001198,56230.85,31396.0,2019,289.1,3500,103,Coupe,Nissan,Silverado,Phoenix,I6,Hybrid,A,FWD,True,True,33.5,42.1,61.3,80.7,104.7
SAMPLE00001199,22154.74,10878.0,2012,341.1,2500,331,SUV / Crossover,Nissan,Camry,Phoenix,V6,Hybrid,A,AWD,True,True,40.2,40.8,61.1,71.7,103.3
SAMPLE00001200,56704.48,105492.0,2020,235.6,1500,331,Sedan,Ford,F-150,Phoenix,V6,Diesel,M,FWD,False,False,33.6,44.5,57.4,71.8,112.7
SAMPLE00001201,16352.28,60379.0,2019,255.7,3500,361,Truck,Toyota,Altima,Houston,I6,Gasoline,A,AWD,False,False,42.0,40.1,75.5,75.8,113.7
SAMPLE00001202,16216.8,138006.0,2012,343.1,1500,408,Coupe,Toyota,F-150,Los Angeles,V6,Gasoline,A,AWD,True,False,40.8,40.2,59.0,69.3,103.7
SAMPLE00001203,32798.56,97538.0,2021,228.3,3500,288,Sedan,Honda,3 Series,Phoenix,I4,Diesel,A,RWD,True,False,41.6,44.1,77.3,79.1,110.2
SAMPLE00001204,41875.38,13563.0,2020,310.5,2000,443,Coupe,Toyota,Civic,New York,V6,Diesel,M,AWD,True,False,40.5,42.4,65.3,76.4,117.6
SAMPLE00001205,57372.41,142178.0,2013,230.4,2500,36,Hatchback,Toyota,Civic,Chicago,I6,Diesel,A,RWD,False,True,33.9,44.7,77.6,75.1,113.7
SAMPLE00001206,52581.25,38784.0,2014,225.3,2500,347,Coupe,Toyota,Civic,New York,I4,Gasoline,M,AWD,True,True,36.8,42.5,55.9,76.3,113.5
SAMPLE00001207,39524.65,50582.0,2013,328.1,3000,379,Truck,Honda,3 Series,New York,V6,Diesel,A,FWD,True,False,41.2,38.2,68.0,72.6,114.5
SAMPLE00001208,30049.47,60339.0,2019,152.5,3500,243,Truck,Ford,Altima,Phoenix,I6,Diesel,M,RWD,True,True,33.8,39.2,70.9,71.6,107.0
SAMPLE00001209,69841.85,7684.0,2013,201.6,3500,42,SUV / Crossover,Honda,Silverado,New York,V6,Diesel,A,FWD,False,True,35.7,40.0,66.9,69.2,104.1
SAMPLE00001210,38439.97,74477.0,2021,167.3,1500,125,Coupe,Toyota,F-150,New York,I6,Gasoline,A,AWD,True,False,37.2,44.1,68.1,78.6,114.7
SAMPLE00001211,39826.29,18498.0,2013,207.7,3500,8,Hatchback,BMW,F-150,Los Angeles,V6,Hybrid,M,RWD,True,True,37.0,43.8,67.4,76.4,116.2
SAMPLE00001212,23999.31,60146.0,2012,169.1,2500,13,Truck,Toyota,Silverado,Chicago,V6,Gasoline,M,AWD,True,False,41.5,43.5,58.4,80.1,117.9
SAMPLE00001213,58714.53,52606.0,2018,273.8,3500,130,SUV / Crossover,Honda,Altima,Houston,I4,Gasoline,M,AWD,True,True,36.6,41.9,67.2,83.2,115.9
SAMPLE00001214,53152.52,115926.0,2013,339.5,3000,324,Hatchback,Nissan,F-150,Phoenix,I4,Hybrid,M,FWD,False,False,35.2,39.0,67.5,84.9,106.9
SAMPLE00001215,27142.33,120476.0,2021,336.0,3000,183,Hatchback,Nissan,Altima,Phoenix,V6,Gasoline,M,RWD,False,True,37.0,38.9,63.2,71.9,109.3
SAMPLE00001216,19530.96,23012.0,2016,209.4,2500,281,Hatchback,Honda,F-150,New York,I6,Hybrid,M,FWD,True,True,36.6,38.9,69.0,70.9,115.6
SAMPLE00001217,52427.46,54983.0,2016,396.6,2500,382,Sedan,Chevrolet,Civic,Houston,I6,Hybrid,M,FWD,True,False,38.6,44.0,64.5,83.5,110.8
SAMPLE00001218,50998.12,56003.0,2014,278.2,2500,52,Truck,Nissan,Civic,Houston,V6,Hybrid,M,RWD,False,False,41.9,39.0,72.4,74.8,111.1
SAMPLE00001219,30029.27,22712.0,2014,219.8,3500,40,Sedan,BMW,Camry,Houston,V6,Hybrid,A,FWD,False,True,38.0,43.7,55.9,81.7,118.9
SAMPLE00001220,67297.5,119768.0,2014,350.7,3500,337,Sedan,Honda,Camry,Phoenix,I4,Gasoline,M,AWD,False,False,37.2,43.9,55.2,70.3,119.2
SAMPLE00001221,23308.18,106084.0,2017,319.0,2000,357,Truck,Nissan,F-150,Phoenix,V6,Hybrid,M,RWD,False,True,38.3,38.7,67.1,73.0,115.2
SAMPLE00001222,38778.41,28557.0,2015,324.8,1500,20,Coupe,Nissan,Civic,Los Angeles,V6,Diesel,M,RWD,False,False,41.8,44.3,77.8,68.2,116.2
SAMPLE00001223,66898.88,55008.0,2014,158.8,3500,376,SUV / Crossover,Ford,Altima,Phoenix,I6,Hybrid,A,RWD,False,False,38.6,44.3,65.2,84.8,105.3
SAMPLE00001224,38085.0,15871.0,2013,240.5,2000,294,Truck,Toyota,Camry,Phoenix,I4,Hybrid,M,RWD,True,True,34.1,42.5,55.3,68.1,111.9
SAMPLE00001225,50118.93,94231.0,2014,358.5,2000,207,SUV / Crossover,Nissan,Camry,Los Angeles,I4,Gasoline,A,RWD,True,True,41.2,41.6,62.3,70.9,109.6
SAMPLE00001226,36867.69,18206.0,2015,251.2,3000,487,Coupe,Nissan,Civic,Phoenix,V6,Diesel,A,RWD,True,True,38.3,42.5,65.7,77.5,100.8
SAMPLE00001227,30081.84,147890.0,2017,305.0,3500,150,Truck,Ford,Altima,New York,I4,Hybrid,A,AWD,True,True,34.4,40.8,75.7,82.5,117.7
SAMPLE00001228,69118.77,117102.0,2015,276.4,2000,476,Hatchback,Honda,Camry,New York,I6,Diesel,A,RWD,False,True,35.1,42.1,57.8,81.5,105.9
SAMPLE00001229,37513.37,58536.0,2019,352.7,3000,457,Truck,Honda,Silverado,Los Angeles,V6,Hybrid,A,FWD,True,False,34.1,44.8,76.3,72.3,118.6
SAMPLE00001230,64175.46,86785.0,2014,185.4,1500,441,Coupe,Ford,Altima,Los Angeles,V6,Gasoline,A,FWD,False,True,41.6,38.8,76.6,83.0,112.7
SAMPLE00001231,27647.5,136701.0,2014,272.6,3000,68,Sedan,Ford,Silverado,New York,I6,Diesel,A,FWD,False,False,33.6,39.6,69.7,69.2,116.3
SAMPLE00001232,26720.76,83115.0,2014,137.0,1500,330,Truck,Chevrolet,Civic,Houston,I4,Diesel,A,RWD,False,False,39.9,41.7,60.2,73.6,109.2
SAMPLE00001233,16712.37,26175.0,2019,307.1,2500,412,Hatchback,Toyota,Civic,Phoenix,I4,Gasoline,M,FWD,True,False,36.0,39.8,67.3,72.5,103.7
SAMPLE00001234,50841.68,56806.0,2015,319.6,2500,317,Truck,Ford,Camry,Chicago,I6,Gasoline,A,AWD,False,False,33.7,44.9,73.8,79.1,117.5
SAMPLE00001235,35268.95,126472.0,2012,112.9,3000,436,Sedan,Toyota,F-150,Chicago,I6,Gasoline,A,FWD,True,False,36.9,43.0,63.2,68.7,115.7
SAMPLE00001236,62539.7,96632.0,2013,302.7,2500,300,Truck,Nissan,3 Series,Los Angeles,I6,Gasoline,M,RWD,False,False,33.0,41.0,75.8,82.5,115.1
SAMPLE00001237,41026.54,97609.0,2021,224.4,3500,26,Hatchback,BMW,Silverado,Chicago,I6,Diesel,M,AWD,True,True,40.4,44.3,57.0,84.3,104.3
SAMPLE00001238,68250.64,130023.0,2013,137.2,3000,115,Coupe,Honda,Silverado,Houston,I4,Gasoline,M,AWD,False,True,37.9,39.0,62.1,72.0,110.4
SAMPLE00001239,25203.9,134096.0,2014,226.0,2000,417,Hatchback,Ford,Altima,Chicago,I4,Diesel,M,AWD,True,False,37.1,40.0,77.8,83.3,106.5
SAMPLE00001240,62774.27,137969.0,2017,158.3,3500,141,Coupe,BMW,Altima,New York,I6,Hybrid,M,FWD,False,True,40.5,44.7,68.4,83.4,112.3
SAMPLE00001241,57712.83,14227.0,2019,224.7,3000,40,Hatchback,Honda,Civic,Los Angeles,I6,Hybrid,M,FWD,False,True,37.7,41.9,68.6,78.6,110.6
SAMPLE00001242,57400.7,81619.0,2012,215.3,1500,105,SUV / Crossover,Chevrolet,F-150,Chicago,V6,Gasoline,M,RWD,True,True,38.4,44.4,60.5,76.6,103.5
SAMPLE00001243,61463.08,111076.0,2020,321.5,2500,73,Truck,Honda,Civic,Phoenix,V6,Gasoline,M,AWD,False,True,40.3,44.9,74.7,81.2,112.5
SAMPLE00001244,56856.32,113539.0,2012,332.3,2500,59,Truck,Ford,Camry,Los Angeles,I4,Diesel,M,RWD,True,True,39.5,40.5,64.9,76.8,100.8
SAMPLE00001245,49442.12,91007.0,2021,282.1,2500,297,Sedan,BMW,F-150,Houston,V6,Diesel,A,RWD,True,False,38.9,42.0,73.3,80.7,101.4
SAMPLE00001246,22218.47,25018.0,2013,106.8,3000,121,SUV / Crossover,BMW,Camry,New York,V6,Hybrid,M,RWD,False,True,39.3,43.9,73.6,69.6,103.7
SAMPLE00001247,16788.94,119613.0,2014,379.3,3500,434,Sedan,BMW,Silverado,Chicago,V6,Diesel,A,AWD,True,False,35.4,39.9,59.0,72.8,111.6
SAMPLE00001248,65646.63,108017.0,2018,305.9,1500,202,Truck,Honda,Civic,New York,I4,Gasoline,M,AWD,True,False,34.1,41.1,66.5,74.7,115.2
SAMPLE00001249,48915.77,12920.0,2020,110.3,2500,10,Sedan,Toyota,Altima,Houston,V6,Hybrid,M,RWD,True,True,38.6,39.1,63.8,71.5,115.6
SAMPLE00001250,58809.55,69571.0,2014,345.6,3500,418,Coupe,Toyota,Civic,Chicago,I6,Hybrid,A,AWD,False,False,35.0,42.6,58.6,71.9,105.5
SAMPLE00001251,41483.73,26097.0,2019,160.1,2000,146,SUV / Crossover,Honda,3 Series,Los Angeles,I4,Gasoline,A,FWD,False,False,33.4,38.0,57.8,80.9,107.7
SAMPLE00001252,21451.95,50622.0,2020,273.8,2000,215,Hatchback,Ford,F-150,Los Angeles,V6,Diesel,M,AWD,True,True,35.3,41.1,56.1,71.0,104.7
SAMPLE00001253,21885.22,2712.0,2021,240.0,1500,373,Coupe,Honda,Silverado,Phoenix,I4,Gasoline,A,FWD,True,False,39.5,44.5,71.1,69.9,100.7
SAMPLE00001254,52706.09,60049.0,2018,226.0,2500,320,Hatchback,Toyota,3 Series,Houston,V6,Diesel,A,AWD,False,True,39.4,44.3,73.0,72.8,109.9
SAMPLE00001255,38666.82,82482.0,2015,366.9,2000,459,Sedan,Honda,3 Series,Chicago,I4,Hybrid,A,RWD,False,False,41.1,43.6,65.8,70.7,110.9
SAMPLE00001256,26028.86,92937.0,2015,231.2,3500,444,Truck,BMW,Civic,New York,I6,Gasoline,M,RWD,True,True,39.1,39.0,68.0,71.5,118.7
SAMPLE00001257,42037.7,99524.0,2015,122.6,3500,302,Coupe,Ford,F-150,New York,V6,Hybrid,A,FWD,False,True,37.0,41.6,61.0,81.3,114.2
SAMPLE00001258,18531.49,125444.0,2017,384.0,2000,13,SUV / Crossover,Ford,Civic,Chicago,V6,Hybrid,A,FWD,True,False,35.3,43.0,71.4,75.5,118.7
SAMPLE00001259,47008.43,32319.0,2015,376.2,2500,66,Hatchback,Chevrolet,F-150,Houston,I4,Gasoline,A,AWD,True,False,39.8,38.7,68.4,75.4,105.6
SAMPLE00001260,29794.64,18072.0,2016,305.3,1500,179,Coupe,Honda,3 Series,Houston,I6,Hybrid,M,FWD,False,False,36.7,39.0,75.3,76.9,114.5
SAMPLE00001261,58865.75,127731.0,2020,240.4,2500,364,Truck,Nissan,Camry,New York,V6,Diesel,M,RWD,True,False,40.3,38.3,72.2,69.5,112.0
SAMPLE00001262,32069.91,23492.0,2018,127.9,3000,241,SUV / Crossover,Nissan,Silverado,Chicago,I6,Gasoline,A,AWD,True,True,40.7,40.3,55.4,84.8,105.9
SAMPLE00001263,40037.11,146214.0,2019,337.2,2000,159,SUV / Crossover,Nissan,3 Series,Chicago,V6,Diesel,A,FWD,False,True,36.2,44.1,73.6,82.4,104.2
SAMPLE00001264,15639.13,126381.0,2016,122.6,3000,463,Hatchback,BMW,Civic,New York,I6,Diesel,A,RWD,False,False,36.1,41.6,55.6,73.0,105.8
SAMPLE00001265,18984.58,75131.0,2016,120.6,2000,485,Coupe,Nissan,Silverado,Chicago,V6,Diesel,M,RWD,False,True,41.2,44.0,73.7,69.0,119.6
SAMPLE00001266,36587.15,147213.0,2022,261.2,1500,9,Coupe,Honda,3 Series,Chicago,I4,Gasoline,A,AWD,True,False,36.6,38.6,77.7,78.5,100.5
SAMPLE00001267,41396.64,14607.0,2018,148.0,2500,123,SUV / Crossover,Chevrolet,F-150,Los Angeles,I4,Diesel,A,AWD,False,False,39.4,38.4,66.1,78.1,118.1
SAMPLE00001268,48001.13,45460.0,2022,102.3,2500,272,Sedan,Chevrolet,Civic,Los Angeles,I6,Gasoline,A,AWD,True,True,36.4,43.6,60.2,73.3,115.4
SAMPLE00001269,31041.44,95734.0,2019,226.9,2000,240,SUV / Crossover,Honda,3 Series,Phoenix,V6,Diesel,A,AWD,True,False,39.6,41.5,55.2,73.8,110.9
SAMPLE00001270,53224.0,52501.0,2020,141.2,3500,423,Truck,Nissan,F-150,Phoenix,V6,Gasoline,A,FWD,True,True,34.6,41.3,58.5,76.9,117.2
SAMPLE00001271,62306.73,139256.0,2013,148.2,3000,451,Coupe,Honda,F-150,Houston,I6,Diesel,A,AWD,True,True,40.5,41.3,66.6,82.9,101.0
SAMPLE00001272,57891.8,9844.0,2014,123.1,2500,446,Hatchback,Honda,F-150,Los Angeles,V6,Hybrid,M,FWD,False,True,41.8,40.7,73.6,69.9,110.9
SAMPLE00001273,17179.04,82412.0,2013,161.5,2500,142,Coupe,Toyota,Silverado,Los Angeles,I4,Diesel,M,RWD,False,True,39.9,44.2,75.0,76.7,105.7
SAMPLE00001274,41427.88,88630.0,2021,314.6,2000,352,SUV / Crossover,Chevrolet,Civic,Los Angeles,V6,Hybrid,M,AWD,True,True,36.2,41.6,70.7,75.4,100.2
SAMPLE00001275,20771.16,97909.0,2018,342.7,3500,166,Truck,Ford,F-150,Los Angeles,I4,Hybrid,A,AWD,True,True,38.0,44.8,57.0,75.9,112.4
SAMPLE00001276,28312.48,38350.0,2013,235.8,3000,56,Sedan,Nissan,3 Series,Houston,I6,Diesel,M,AWD,False,True,39.0,43.9,77.8,83.5,113.2
SAMPLE00001277,69266.44,54685.0,2013,252.0,3500,137,Coupe,Nissan,F-150,New York,V6,Diesel,M,AWD,True,False,34.7,43.2,72.2,77.3,111.8
SAMPLE00001278,22837.25,126552.0,2013,109.8,3500,326,SUV / Crossover,Toyota,Civic,Houston,I6,Hybrid,A,AWD,True,True,35.5,42.5,64.8,79.8,107.8
SAMPLE00001279,42438.85,29241.0,2015,120.8,2000,352,SUV / Crossover,BMW,Altima,New York,I4,Gasoline,A,AWD,True,False,40.2,43.8,73.7,83.5,116.1
SAMPLE00001280,48998.57,124030.0,2012,177.3,3500,16,SUV / Crossover,Ford,Altima,Phoenix,I6,Diesel,A,AWD,True,True,41.5,44.2,68.5,73.1,106.9
SAMPLE00001281,53635.57,84398.0,2013,263.2,3000,331,Truck,Ford,Silverado,Los Angeles,I6,Hybrid,A,FWD,True,False,35.5,38.9,68.9,74.1,112.1
SAMPLE00001282,45780.68,114328.0,2014,321.9,1500,272,SUV / Crossover,Ford,F-150,New York,V6,Gasoline,M,AWD,False,True,34.3,40.5,77.3,71.9,119.9
SAMPLE00001283,15537.4,107041.0,2018,281.5,1500,366,SUV / Crossover,Chevrolet,3 Series,Houston,I6,Diesel,A,AWD,False,True,41.8,43.6,73.4,79.1,116.9
SAMPLE00001284,32955.37,31127.0,2021,217.6,3000,375,SUV / Crossover,BMW,Civic,New York,I6,Gasoline,M,AWD,False,True,35.9,39.5,61.0,72.3,112.9
SAMPLE00001285,43474.14,85322.0,2012,135.5,2000,399,Coupe,Toyota,F-150,Chicago,V6,Hybrid,A,FWD,False,False,40.0,42.1,59.0,72.0,113.5
SAMPLE00001286,19832.66,130158.0,2017,334.2,2500,374,SUV / Crossover,BMW,Silverado,Phoenix,I6,Diesel,A,AWD,True,False,36.4,43.5,59.0,84.8,116.8
SAMPLE00001287,34284.48,64817.0,2014,209.1,2000,333,Truck,Nissan,Camry,Phoenix,I4,Gasoline,M,AWD,False,True,41.5,39.6,65.5,79.9,103.5
SAMPLE00001288,16826.17,144989.0,2014,320.8,3000,2,Coupe,Toyota,Altima,Los Angeles,V6,Diesel,M,RWD,True,False,38.4,40.8,63.9,81.8,102.2
SAMPLE00001289,19321.82,67832.0,2015,253.9,3500,242,SUV / Crossover,Chevrolet,3 Series,Los Angeles,I4,Gasoline,M,AWD,True,True,36.7,44.4,65.4,84.5,104.4
SAMPLE00001290,36830.78,21418.0,2015,321.6,1500,107,Sedan,Nissan,Altima,Houston,V6,Gasoline,M,RWD,False,False,34.6,40.5,56.4,84.5,114.9
SAMPLE00001291,22299.37,58415.0,2018,372.2,3500,50,Truck,BMW,F-150,New York,I6,Diesel,M,RWD,False,False,35.3,42.2,59.6,73.7,115.4
SAMPLE00001292,46214.75,142755.0,2014,376.3,2000,369,Sedan,Ford,F-150,Chicago,I4,Diesel,A,AWD,True,True,40.7,41.0,73.3,76.8,100.6
SAMPLE00001293,52920.57,47958.0,2019,260.5,3000,349,Truck,BMW,Camry,Phoenix,I4,Diesel,A,AWD,False,True,33.5,44.1,72.4,83.7,101.2
SAMPLE00001294,59032.27,130215.0,2019,253.5,1500,173,Sedan,Nissan,Civic,New York,I4,Hybrid,M,AWD,True,False,34.4,41.0,64.0,68.4,119.6
SAMPLE00001295,26008.26,132188.0,2022,179.7,3000,115,SUV / Crossover,Chevrolet,Camry,Chicago,I6,Diesel,A,RWD,True,False,34.7,40.5,64.0,83.6,109.8
SAMPLE00001296,24211.54,52528.0,2018,380.7,1500,182,Sedan,Chevrolet,Civic,New York,I4,Gasoline,A,FWD,True,False,33.6,39.2,75.3,82.6,110.7
SAMPLE00001297,20751.23,12489.0,2013,237.4,1500,360,Sedan,Chevrolet,F-150,Los Angeles,I4,Diesel,A,FWD,False,True,39.2,40.4,59.2,76.0,112.2
SAMPLE00001298,50003.66,108684.0,2016,138.3,1500,354,Truck,Toyota,Camry,Phoenix,I6,Hybrid,A,AWD,True,False,41.8,42.7,63.2,76.8,119.3
SAMPLE00001299,53856.16,46727.0,2017,229.8,2000,153,SUV / Crossover,BMW,Altima,Chicago,I6,Hybrid,M,AWD,False,True,34.3,39.2,72.6,68.8,103.2
SAMPLE00001300,16737.24,117439.0,2021,138.1,3000,246,Truck,Ford,Altima,Los Angeles,I6,Diesel,A,RWD,False,False,40.2,42.9,68.2,77.4,112.7
SAMPLE00001301,66491.67,66398.0,2015,250.8,2500,75,SUV / Crossover,Ford,F-150,Houston,I4,Gasoline,M,RWD,False,False,34.6,38.1,56.4,70.1,101.5
SAMPLE00001302,17858.42,72790.0,2021,268.4,2500,414,Hatchback,Honda,Camry,Houston,I4,Hybrid,M,FWD,True,True,41.8,40.6,55.3,72.5,110.3
SAMPLE00001303,44771.3,116686.0,2016,201.3,2500,243,Coupe,Chevrolet,F-150,Los Angeles,I4,Gasoline,M,RWD,True,True,37.6,41.3,55.4,81.7,108.8
SAMPLE00001304,53998.33,57354.0,2020,121.5,3000,80,Coupe,Nissan,Altima,Chicago,V6,Hybrid,M,FWD,True,True,40.6,38.7,70.1,76.6,105.4
SAMPLE00001305,62903.3,66469.0,2022,383.1,3500,228,Truck,Ford,Altima,Chicago,I4,Hybrid,M,AWD,False,False,34.5,42.8,69.3,80.8,108.8
SAMPLE00001306,54274.78,56429.0,2018,332.0,3000,71,SUV / Crossover,Chevrolet,F-150,Phoenix,I4,Gasoline,M,FWD,True,False,41.0,38.7,56.0,83.8,114.0
SAMPLE00001307,59095.04,55101.0,2013,351.7,1500,402,Sedan,Ford,F-150,Los Angeles,V6,Gasoline,A,FWD,True,False,33.7,38.6,58.0,70.9,116.8
SAMPLE00001308,33669.76,78892.0,2022,210.1,3500,217,Coupe,BMW,Silverado,Houston,V6,Hybrid,A,AWD,False,True,33.2,40.6,71.6,72.4,115.7
SAMPLE00001309,59815.38,121320.0,2012,328.2,1500,451,Truck,Honda,Camry,Los Angeles,I4,Gasoline,M,FWD,True,True,39.4,43.2,62.1,78.0,111.7
SAMPLE00001310,19406.32,54265.0,2013,245.6,1500,398,Truck,Chevrolet,Silverado,New York,V6,Diesel,M,RWD,True,True,34.0,44.7,77.8,84.1,117.9
SAMPLE00001311,64214.92,78638.0,2014,160.3,3000,242,Truck,Toyota,F-150,Chicago,I4,Diesel,M,RWD,False,False,40.8,43.4,62.2,81.2,113.9
SAMPLE00001312,45117.58,100609.0,2022,137.3,2500,366,SUV / Crossover,Toyota,3 Series,New York,I6,Hybrid,M,AWD,True,False,38.6,41.3,62.7,78.9,116.8
SAMPLE00001313,59951.38,40416.0,2013,203.5,3500,313,Truck,Ford,Altima,Houston,I6,Diesel,M,AWD,True,False,36.0,39.9,64.6,79.5,108.0
SAMPLE00001314,39877.51,41628.0,2022,141.3,2000,77,Hatchback,BMW,Civic,Chicago,I6,Hybrid,M,RWD,True,True,35.5,40.1,74.0,75.4,114.0
SAMPLE00001315,50396.77,140012.0,2014,399.5,2500,157,Sedan,Nissan,Camry,Houston,I6,Gasoline,A,RWD,True,False,33.7,40.0,67.8,74.9,101.5
SAMPLE00001316,43952.15,108530.0,2021,114.8,2000,47,Truck,Chevrolet,Camry,Houston,V6,Gasoline,A,RWD,True,True,39.2,39.9,74.7,84.8,119.1
SAMPLE00001317,55237.42,86578.0,2022,232.3,3000,311,SUV / Crossover,Honda,Altima,Houston,I4,Diesel,A,RWD,False,False,41.3,38.5,64.8,82.6,112.6
SAMPLE00001318,19489.65,97158.0,2022,235.6,3500,297,Sedan,BMW,Civic,Phoenix,V6,Gasoline,A,FWD,True,True,39.8,39.5,69.0,80.9,117.1
SAMPLE00001319,18319.36,4395.0,2020,190.2,3000,23,Sedan,Ford,Silverado,Houston,I6,Diesel,A,RWD,True,False,38.6,38.8,55.1,80.2,109.7
SAMPLE00001320,28590.68,92715.0,2015,271.4,2000,109,Coupe,BMW,Civic,Houston,I6,Hybrid,M,AWD,True,False,34.1,38.1,68.2,77.6,100.6
SAMPLE00001321,23774.96,76426.0,2020,145.0,1500,51,Truck,Honda,3 Series,New York,I4,Diesel,A,AWD,True,True,40.4,40.0,56.9,73.6,109.8
SAMPLE00001322,62948.1,81862.0,2022,335.2,3000,426,Truck,BMW,F-150,New York,V6,Diesel,M,RWD,True,True,41.7,40.5,59.4,75.4,114.5
SAMPLE00001323,27056.77,53914.0,2014,199.7,3500,289,SUV / Crossover,Chevrolet,Civic,New York,I6,Gasoline,A,FWD,True,True,35.4,44.5,77.9,69.0,101.3
SAMPLE00001324,68672.59,12221.0,2012,277.4,3000,443,Hatchback,Ford,Civic,Chicago,V6,Gasoline,A,RWD,False,True,36.8,45.0,69.7,69.5,102.0
SAMPLE00001325,33529.27,29001.0,2022,314.7,2500,466,Hatchback,Honda,F-150,Phoenix,I4,Gasoline,M,RWD,False,False,33.1,42.1,75.0,74.5,101.1
SAMPLE00001326,25016.49,142612.0,2016,366.7,3000,258,Coupe,Ford,Altima,Chicago,I4,Diesel,M,AWD,False,True,40.5,44.3,56.3,70.0,102.4
SAMPLE00001327,58433.42,61305.0,2021,350.7,2000,323,Hatchback,Nissan,Camry,Phoenix,V6,Gasoline,A,AWD,True,False,33.2,42.3,63.8,74.8,112.3
SAMPLE00001328,51228.93,70002.0,2021,282.5,3000,138,SUV / Crossover,Chevrolet,Altima,Phoenix,I4,Hybrid,A,FWD,True,False,37.4,41.5,74.8,71.6,117.5
SAMPLE00001329,42400.76,7906.0,2013,216.5,3500,396,Coupe,Honda,3 Series,Los Angeles,V6,Diesel,M,FWD,True,False,38.2,38.3,64.4,74.0,109.4
SAMPLE00001330,45545.0,5635.0,2015,251.0,3000,305,Truck,Nissan,Altima,Los Angeles,V6,Diesel,A,FWD,False,True,33.5,38.3,60.8,74.4,116.2
SAMPLE00001331,54556.1,107577.0,2013,330.6,3000,337,Hatchback,Nissan,Civic,Los Angeles,V6,Diesel,M,AWD,False,True,34.6,38.2,66.1,81.5,108.0
SAMPLE00001332,27565.01,80714.0,2013,363.3,3500,274,SUV / Crossover,Nissan,Civic,Phoenix,I6,Hybrid,A,FWD,False,True,40.1,39.1,65.8,79.7,117.1
SAMPLE00001333,69798.37,76306.0,2014,131.1,3000,43,SUV / Crossover,Honda,Camry,Phoenix,I6,Hybrid,M,RWD,False,True,35.3,38.5,77.8,81.9,103.2
SAMPLE00001334,68613.62,36469.0,2016,215.5,3500,416,Truck,Ford,3 Series,Chicago,V6,Gasoline,M,RWD,False,True,39.5,39.4,63.2,74.2,111.5
SAMPLE00001335,50767.91,111713.0,2015,332.8,2000,421,SUV / Crossover,BMW,F-150,Phoenix,I4,Gasoline,M,AWD,True,True,39.7,41.6,77.0,82.0,110.4
SAMPLE00001336,25974.83,25235.0,2013,229.5,3500,258,Coupe,BMW,F-150,Houston,I4,Diesel,A,RWD,False,True,36.7,41.5,76.0,84.1,102.1
SAMPLE00001337,52412.55,28490.0,2022,199.7,2000,112,Coupe,Nissan,Silverado,Houston,I6,Gasoline,M,FWD,False,True,33.6,40.4,65.3,72.7,104.8
SAMPLE00001338,18970.91,69107.0,2021,223.4,2000,226,Sedan,Toyota,3 Series,Phoenix,V6,Hybrid,A,RWD,False,False,33.1,42.7,76.7,80.2,109.7
SAMPLE00001339,16685.89,42942.0,2013,280.9,3500,64,Truck,Toyota,3 Series,Houston,I6,Gasoline,A,FWD,False,False,37.4,40.7,71.8,69.0,115.4
SAMPLE00001340,29172.56,37119.0,2017,399.9,3000,162,SUV / Crossover,Honda,Civic,Phoenix,V6,Gasoline,A,FWD,False,True,33.6,39.5,75.4,76.9,118.1
SAMPLE00001341,40444.26,96786.0,2018,247.9,2500,163,Hatchback,Ford,Silverado,Los Angeles,I4,Diesel,M,FWD,True,False,39.5,42.8,75.5,70.7,114.7
SAMPLE00001342,62754.99,97646.0,2021,162.5,3500,165,Coupe,Honda,F-150,Phoenix,I4,Hybrid,A,RWD,True,True,36.4,44.9,57.0,82.2,105.9
SAMPLE00001343,54994.3,123678.0,2017,148.9,3000,38,Truck,Ford,3 Series,Los Angeles,I6,Hybrid,M,AWD,False,True,39.1,43.7,75.6,75.0,102.1
SAMPLE00001344,55848.86,62656.0,2018,112.7,2000,152,Truck,Chevrolet,3 Series,New York,I4,Hybrid,M,FWD,True,True,36.7,40.9,66.3,78.3,110.5
SAMPLE00001345,38402.13,10963.0,2012,267.6,1500,319,Coupe,Toyota,Camry,Houston,V6,Gasoline,A,RWD,False,False,38.7,40.6,69.7,77.9,106.9
SAMPLE00001346,34026.42,41050.0,2017,263.4,2500,359,Sedan,Honda,F-150,New York,I4,Hybrid,M,AWD,True,True,40.5,38.3,61.9,69.8,111.3
SAMPLE00001347,35407.13,147001.0,2022,161.6,3000,268,Truck,Chevrolet,Camry,Houston,I4,Gasoline,M,RWD,False,False,41.0,42.6,69.8,69.7,108.0
SAMPLE00001348,69320.73,89439.0,2014,308.6,2500,323,SUV / Crossover,BMW,Silverado,New York,I6,Diesel,M,AWD,False,False,33.2,39.6,55.6,77.7,107.6
SAMPLE00001349,17206.01,106461.0,2012,322.3,1500,325,Hatchback,Toyota,3 Series,Phoenix,V6,Hybrid,A,RWD,False,True,38.8,42.8,63.5,73.4,118.2
SAMPLE00001350,62686.73,1104.0,2019,177.7,1500,74,Hatchback,Ford,Silverado,New York,I6,Diesel,M,FWD,True,False,38.1,43.3,69.5,69.9,113.4
SAMPLE00001351,46827.15,77731.0,2015,203.2,1500,256,Coupe,Nissan,Altima,Houston,I6,Gasoline,M,RWD,False,False,38.7,44.2,59.5,73.3,113.4
SAMPLE00001352,39123.85,5629.0,2021,397.1,3500,199,Truck,BMW,Camry,Chicago,I4,Hybrid,A,AWD,True,True,33.5,41.8,70.5,71.2,102.7
SAMPLE00001353,54889.17,85385.0,2019,212.3,2500,437,Hatchback,BMW,F-150,Houston,V6,Gasoline,M,FWD,False,True,33.6,43.8,74.1,68.7,107.8
SAMPLE00001354,41766.79,138116.0,2021,328.2,3500,97,Truck,Chevrolet,3 Series,Chicago,V6,Hybrid,M,FWD,False,True,37.5,43.1,55.9,74.5,115.3
SAMPLE00001355,63038.28,145263.0,2022,235.8,1500,103,Coupe,Honda,Altima,Phoenix,I6,Gasoline,M,RWD,True,True,33.5,40.5,68.9,79.6,111.3
SAMPLE00001356,64538.6,81083.0,2015,338.0,3000,371,Sedan,Nissan,Altima,Houston,I6,Gasoline,A,FWD,False,True,40.0,38.7,68.4,69.9,109.2
SAMPLE00001357,38194.65,68731.0,2015,330.7,1500,392,Hatchback,Honda,F-150,New York,I4,Gasoline,M,AWD,True,False,40.0,39.7,73.0,77.9,119.5
SAMPLE00001358,30225.53,141753.0,2021,300.3,3500,163,SUV / Crossover,Chevrolet,Silverado,Phoenix,V6,Diesel,M,FWD,False,False,34.1,43.9,71.0,70.6,102.7
SAMPLE00001359,47579.27,101041.0,2015,356.4,1500,112,Coupe,BMW,Altima,Houston,V6,Hybrid,A,AWD,True,False,37.1,41.7,65.5,69.2,103.2
SAMPLE00001360,65179.98,9735.0,2017,381.8,1500,102,Sedan,Toyota,Civic,Phoenix,I4,Gasoline,M,AWD,True,False,38.4,42.7,63.2,69.6,111.3
SAMPLE00001361,26586.42,69859.0,2020,274.0,3500,489,SUV / Crossover,BMW,F-150,Chicago,I6,Hybrid,M,AWD,False,False,40.7,43.6,77.7,71.6,108.1
SAMPLE00001362,49263.16,36037.0,2016,171.2,3500,36,SUV / Crossover,Chevrolet,Altima,Phoenix,V6,Gasoline,M,FWD,False,True,41.9,42.7,66.5,75.9,109.6
SAMPLE00001363,49735.81,70471.0,2021,219.6,3000,105,Hatchback,BMW,F-150,New York,I4,Hybrid,M,FWD,False,False,33.2,44.0,64.4,75.6,111.0
SAMPLE00001364,55321.22,68320.0,2019,327.5,3500,186,Truck,Nissan,F-150,Houston,I6,Gasoline,A,RWD,False,True,37.3,38.6,77.8,76.1,102.5
SAMPLE00001365,22236.22,87322.0,2019,295.3,3000,363,Coupe,BMW,3 Series,Chicago,I4,Gasoline,A,AWD,True,False,40.2,44.3,59.2,74.4,105.4
SAMPLE00001366,54370.37,53516.0,2015,153.3,2000,20,SUV / Crossover,BMW,Silverado,Phoenix,V6,Diesel,A,AWD,True,False,40.2,43.7,59.3,83.0,110.7
SAMPLE00001367,64996.79,24641.0,2022,115.4,2000,147,Hatchback,BMW,Silverado,Los Angeles,I6,Hybrid,M,RWD,True,False,37.9,44.3,77.5,83.0,103.9
SAMPLE00001368,24882.57,75558.0,2021,304.9,3500,485,Sedan,Toyota,3 Series,Chicago,I4,Diesel,M,RWD,True,True,34.6,43.1,70.1,79.2,116.8
SAMPLE00001369,28064.88,124530.0,2020,175.3,1500,128,SUV / Crossover,Ford,F-150,Chicago,I4,Gasoline,M,AWD,True,False,38.0,39.9,67.0,73.5,115.7
SAMPLE00001370,68426.73,99602.0,2020,249.9,2500,482,Sedan,Ford,F-150,New York,I4,Diesel,M,AWD,False,True,36.5,38.8,56.6,71.1,111.4
SAMPLE00001371,24953.73,50755.0,2016,324.0,1500,186,Coupe,Honda,Civic,New York,V6,Diesel,A,RWD,False,False,36.7,38.9,63.2,79.9,109.9
SAMPLE00001372,61991.18,140328.0,2017,268.8,3500,283,Hatchback,Ford,Altima,Phoenix,V6,Diesel,A,FWD,True,False,36.0,41.5,65.0,84.9,118.6
SAMPLE00001373,42075.28,136831.0,2016,125.0,3000,198,Sedan,Ford,F-150,Los Angeles,V6,Diesel,M,RWD,False,True,34.3,40.7,66.8,81.9,115.0
SAMPLE00001374,28597.71,31402.0,2014,155.7,1500,234,Truck,Ford,Altima,Chicago,I4,Hybrid,A,AWD,True,True,39.6,42.6,65.0,73.6,100.8
SAMPLE00001375,62891.24,5913.0,2022,165.8,2000,439,Sedan,BMW,Camry,Phoenix,V6,Diesel,A,AWD,True,False,39.4,41.5,65.1,71.3,104.5
SAMPLE00001376,39491.79,111196.0,2019,177.4,3500,107,Sedan,BMW,Altima,Los Angeles,I4,Gasoline,A,FWD,False,False,37.9,38.9,77.9,81.9,101.5
SAMPLE00001377,43314.95,124142.0,2020,269.6,1500,8,Hatchback,Nissan,F-150,Phoenix,I4,Gasoline,A,AWD,True,False,36.2,38.0,77.4,74.8,119.9
SAMPLE00001378,34757.84,145180.0,2015,251.2,1500,448,Hatchback,Toyota,Civic,Chicago,I4,Diesel,A,AWD,False,False,40.4,38.9,57.0,77.9,108.4
SAMPLE00001379,47612.3,133475.0,2020,160.9,3000,419,SUV / Crossover,BMW,Camry,Phoenix,I6,Diesel,M,RWD,False,True,34.4,39.0,58.9,68.7,102.7
SAMPLE00001380,23993.81,90080.0,2020,120.3,3000,225,Sedan,BMW,Civic,New York,I4,Diesel,M,FWD,True,False,36.9,43.0,76.7,81.7,107.2
SAMPLE00001381,36509.48,79508.0,2018,151.4,3000,417,Sedan,Ford,Altima,New York,V6,Gasoline,A,RWD,True,True,38.9,40.0,62.3,71.4,119.6
SAMPLE00001382,68317.68,4176.0,2019,395.3,2500,208,Hatchback,Toyota,Civic,Houston,I4,Diesel,A,FWD,True,True,40.4,38.7,69.1,81.0,102.9
SAMPLE00001383,29197.34,36998.0,2014,240.6,3500,244,Truck,Toyota,Altima,Los Angeles,V6,Hybrid,A,AWD,False,False,38.8,43.3,73.4,79.2,107.1
SAMPLE00001384,51120.52,68942.0,2016,360.2,3500,287,Hatchback,Ford,Silverado,Chicago,I6,Diesel,A,RWD,True,True,34.1,44.6,65.8,75.0,105.5
SAMPLE00001385,32885.45,94276.0,2014,354.6,2000,65,Truck,Ford,Altima,Los Angeles,I6,Hybrid,M,RWD,True,False,33.9,38.7,55.4,77.1,115.8
SAMPLE00001386,57541.02,83588.0,2018,253.5,2000,355,Hatchback,Toyota,3 Series,New York,I4,Diesel,A,RWD,False,False,33.5,44.7,74.0,77.1,100.5
SAMPLE00001387,22198.05,111395.0,2017,312.0,3500,152,Coupe,Chevrolet,Civic,Chicago,V6,Gasoline,A,FWD,False,True,38.0,44.7,72.4,71.8,118.9
SAMPLE00001388,68340.16,41965.0,2022,157.8,1500,490,Sedan,Ford,F-150,Houston,I6,Gasoline,A,AWD,False,True,35.2,41.7,56.0,70.2,117.4
SAMPLE00001389,39958.42,84743.0,2014,306.5,3500,434,Truck,Ford,Silverado,New York,I6,Diesel,M,AWD,False,False,34.4,40.1,75.6,81.8,107.3
SAMPLE00001390,27982.78,13221.0,2020,181.7,2500,190,Coupe,Toyota,Camry,New York,I6,Hybrid,A,FWD,False,False,33.8,39.0,74.7,79.7,118.0
SAMPLE00001391,19042.32,62050.0,2012,349.6,2000,217,Truck,Chevrolet,Altima,Los Angeles,V6,Gasoline,A,RWD,False,True,38.8,43.8,61.3,78.6,108.5
SAMPLE00001392,24336.68,112524.0,2021,125.1,2000,428,SUV / Crossover,Nissan,3 Series,Phoenix,I4,Gasoline,A,AWD,True,True,39.8,42.2,56.8,72.7,105.8
SAMPLE00001393,43587.57,104010.0,2014,331.9,2000,153,SUV / Crossover,Chevrolet,Silverado,Los Angeles,I4,Gasoline,A,AWD,False,True,40.7,42.6,64.3,74.8,108.1
SAMPLE00001394,33535.17,148596.0,2022,130.0,3500,276,Sedan,Honda,Civic,New York,I6,Diesel,A,RWD,False,False,38.4,44.0,75.1,70.5,116.5
SAMPLE00001395,60588.59,41684.0,2021,364.4,2000,81,Coupe,Chevrolet,Silverado,Los Angeles,I4,Diesel,A,FWD,True,False,36.2,41.1,66.1,80.8,111.2
SAMPLE00001396,38698.81,74728.0,2022,191.3,2000,220,Coupe,Ford,F-150,Phoenix,I6,Diesel,M,AWD,False,True,37.2,40.6,61.5,68.3,104.3
SAMPLE00001397,28679.28,49430.0,2018,296.3,3500,434,SUV / Crossover,BMW,F-150,Houston,V6,Hybrid,M,RWD,True,False,38.7,43.3,60.3,68.0,101.4
SAMPLE00001398,48942.97,66090.0,2014,246.3,1500,279,Sedan,Toyota,F-150,Chicago,I4,Diesel,A,RWD,True,False,39.4,40.1,63.2,76.9,112.1
SAMPLE00001399,53872.75,128543.0,2014,209.9,2000,110,SUV / Crossover,Nissan,3 Series,New York,V6,Hybrid,M,RWD,True,True,38.8,40.3,77.9,73.9,116.4
SAMPLE00001400,24187.3,102631.0,2013,293.6,2000,91,Coupe,Ford,Silverado,Los Angeles,I4,Diesel,A,FWD,True,True,41.7,40.7,75.2,70.4,117.1
SAMPLE00001401,24219.06,132366.0,2020,384.3,2000,11,Truck,Nissan,Silverado,New York,V6,Hybrid,M,AWD,False,True,39.8,44.0,67.6,80.3,116.5
SAMPLE00001402,17016.93,30527.0,2022,112.4,2500,138,Coupe,Toyota,Civic,Chicago,V6,Hybrid,A,FWD,False,False,39.8,43.5,73.6,83.8,110.3
SAMPLE00001403,55502.11,131004.0,2015,375.7,3500,154,Sedan,Nissan,Camry,Los Angeles,I4,Diesel,A,FWD,False,False,40.4,40.0,62.3,72.8,107.6
SAMPLE00001404,51509.25,8964.0,2021,282.7,2000,22,Coupe,Chevrolet,F-150,Houston,I6,Hybrid,M,RWD,False,True,37.1,39.0,69.1,78.2,119.5
SAMPLE00001405,41104.7,133290.0,2017,342.2,2500,416,Hatchback,Toyota,Camry,Chicago,I6,Gasoline,M,RWD,False,False,35.4,40.7,75.1,80.7,118.4
SAMPLE00001406,61429.37,49361.0,2013,215.2,1500,463,Coupe,Ford,Camry,Phoenix,V6,Gasoline,A,RWD,True,False,40.3,42.4,63.5,78.5,115.0
SAMPLE00001407,59311.86,47188.0,2020,241.6,1500,219,Hatchback,BMW,F-150,Phoenix,V6,Diesel,A,FWD,False,True,37.2,42.7,73.4,74.5,108.6
SAMPLE00001408,47194.49,76813.0,2018,360.7,2500,347,SUV / Crossover,Ford,F-150,New York,I6,Gasoline,A,AWD,False,True,38.5,39.4,69.1,77.4,119.5
SAMPLE00001409,62754.92,141104.0,2021,224.5,1500,236,Hatchback,Honda,Civic,Phoenix,I4,Diesel,M,RWD,False,False,36.9,39.7,69.2,80.3,107.5
SAMPLE00001410,26321.27,7167.0,2016,260.4,3000,252,Coupe,Toyota,3 Series,Los Angeles,I4,Hybrid,M,AWD,False,False,36.6,44.5,55.9,84.0,113.7
SAMPLE00001411,21155.58,52835.0,2018,106.1,1500,421,Coupe,Ford,F-150,Phoenix,V6,Gasoline,M,AWD,True,False,39.0,40.7,75.7,81.1,105.9
SAMPLE00001412,29836.23,128486.0,2015,147.6,3000,182,Coupe,Chevrolet,Camry,Houston,I4,Hybrid,A,AWD,True,True,39.0,40.2,72.9,73.4,116.7
SAMPLE00001413,18139.78,59408.0,2021,292.5,2500,197,Sedan,Chevrolet,Civic,Los Angeles,V6,Diesel,M,RWD,True,False,35.8,42.9,55.8,79.4,117.2
SAMPLE00001414,44214.32,29874.0,2018,315.1,3000,169,SUV / Crossover,Nissan,Silverado,New York,I4,Diesel,M,AWD,True,False,34.7,41.3,69.0,83.6,110.2
SAMPLE00001415,66513.31,63719.0,2013,274.8,1500,122,Hatchback,Ford,Civic,New York,V6,Hybrid,A,FWD,True,False,34.2,39.7,72.2,76.8,111.2
SAMPLE00001416,17163.89,57833.0,2018,143.0,2000,412,Truck,Nissan,F-150,Phoenix,I4,Diesel,M,FWD,True,True,34.0,40.9,73.3,69.6,119.0
SAMPLE00001417,21716.05,137312.0,2015,233.6,3000,33,Hatchback,Honda,Altima,Phoenix,V6,Gasoline,M,FWD,True,False,40.4,39.0,57.0,78.9,102.8
SAMPLE00001418,39870.95,114290.0,2015,206.5,1500,380,Coupe,Toyota,F-150,New York,I6,Diesel,A,RWD,False,False,35.6,40.0,69.7,78.3,109.4
SAMPLE00001419,66363.13,75767.0,2012,248.7,2000,312,Truck,Honda,3 Series,Los Angeles,I6,Gasoline,M,FWD,False,False,39.1,40.9,60.4,70.3,110.6
SAMPLE00001420,32388.59,148256.0,2014,361.1,2500,2,Truck,BMW,Civic,Chicago,I6,Diesel,A,AWD,False,True,35.6,41.6,65.4,72.1,116.3
SAMPLE00001421,42897.91,69792.0,2016,332.8,2500,5,Hatchback,Nissan,F-150,New York,I6,Gasoline,M,RWD,True,True,39.0,43.2,67.1,79.4,115.6
SAMPLE00001422,17286.51,8736.0,2016,125.2,3500,303,Hatchback,Ford,Camry,Houston,V6,Diesel,A,RWD,False,False,41.9,40.7,55.6,84.6,112.0
SAMPLE00001423,23158.88,39341.0,2013,367.1,2500,101,Hatchback,Nissan,Camry,Los Angeles,I4,Diesel,A,AWD,False,False,33.6,41.8,61.9,71.0,103.1
SAMPLE00001424,69264.66,65411.0,2015,241.5,3500,191,Hatchback,Honda,Civic,Chicago,V6,Hybrid,A,FWD,True,True,38.9,44.7,73.3,78.4,108.1
SAMPLE00001425,68081.53,23535.0,2012,323.2,2500,375,SUV / Crossover,BMW,3 Series,Chicago,V6,Hybrid,A,AWD,False,False,35.5,43.7,74.4,76.1,101.8
SAMPLE00001426,15271.7,142135.0,2020,142.0,2500,12,Sedan,Honda,Altima,Los Angeles,V6,Gasoline,M,AWD,False,False,33.7,39.7,62.6,73.8,103.0
SAMPLE00001427,67349.65,115027.0,2012,301.2,2500,35,Sedan,BMW,Civic,New York,I4,Hybrid,A,RWD,True,True,33.7,39.5,65.2,83.5,104.5
SAMPLE00001428,50151.6,40243.0,2017,170.9,3500,462,Hatchback,Chevrolet,3 Series,Chicago,V6,Hybrid,A,FWD,True,True,36.3,42.6,74.1,83.9,106.7
SAMPLE00001429,62735.51,88621.0,2018,231.5,3500,69,Sedan,Chevrolet,Camry,Houston,I6,Gasoline,A,FWD,True,False,37.9,42.2,59.6,70.8,108.8
SAMPLE00001430,40010.69,108217.0,2014,105.1,3000,288,Hatchback,Ford,F-150,Los Angeles,I6,Hybrid,M,FWD,False,True,38.8,41.8,71.8,80.0,114.4
SAMPLE00001431,43357.78,141192.0,2012,145.5,1500,104,Hatchback,Honda,Silverado,Phoenix,V6,Gasoline,A,AWD,True,False,38.1,39.1,64.4,81.2,100.5
SAMPLE00001432,41886.56,132245.0,2018,127.6,1500,203,Hatchback,Chevrolet,F-150,New York,I6,Gasoline,A,RWD,False,True,41.1,40.5,77.7,83.7,117.4
SAMPLE00001433,51677.53,77279.0,2014,171.9,1500,312,SUV / Crossover,Nissan,Camry,Los Angeles,I6,Gasoline,M,RWD,False,True,34.4,43.3,68.8,69.2,119.8
SAMPLE00001434,22680.82,116198.0,2021,130.0,2500,54,Coupe,Toyota,Altima,Houston,I4,Gasoline,M,RWD,False,False,40.5,43.1,58.4,83.8,119.3
SAMPLE00001435,16648.55,84322.0,2017,307.6,1500,106,Sedan,Nissan,Camry,Chicago,V6,Diesel,A,FWD,False,True,37.8,39.2,59.0,72.2,108.5
SAMPLE00001436,31936.15,82906.0,2017,108.7,3500,140,Sedan,Chevrolet,F-150,New York,V6,Diesel,M,FWD,False,True,40.7,41.0,55.6,82.6,108.0
SAMPLE00001437,53757.44,17211.0,2015,285.3,3000,224,SUV / Crossover,Chevrolet,F-150,New York,I6,Gasoline,A,RWD,False,False,36.8,41.1,71.4,82.1,110.4
SAMPLE00001438,26101.94,18921.0,2022,142.2,2000,306,SUV / Crossover,Honda,Altima,Los Angeles,V6,Hybrid,A,AWD,True,False,37.3,41.6,65.2,81.5,113.3
SAMPLE00001439,52038.78,79430.0,2017,383.5,3000,347,Hatchback,BMW,Altima,Los Angeles,V6,Gasoline,M,RWD,False,False,36.8,41.2,55.3,73.0,105.6
SAMPLE00001440,68345.16,40329.0,2022,379.9,1500,308,Hatchback,Toyota,Camry,Houston,I6,Gasoline,A,AWD,False,False,33.9,41.5,57.3,80.9,113.1
SAMPLE00001441,20164.54,3156.0,2021,167.7,1500,35,Coupe,Toyota,F-150,Phoenix,I6,Hybrid,M,RWD,False,True,34.3,43.7,61.7,72.5,106.2
SAMPLE00001442,51993.12,108426.0,2015,284.3,3500,132,Sedan,BMW,Silverado,Los Angeles,V6,Gasoline,A,AWD,True,False,37.7,40.7,64.8,73.3,113.2
SAMPLE00001443,39406.26,4873.0,2019,108.4,3000,374,SUV / Crossover,Honda,Silverado,Los Angeles,I4,Diesel,A,RWD,False,False,37.8,41.9,76.6,81.9,113.1
SAMPLE00001444,62747.82,89292.0,2020,379.5,3500,24,Coupe,Chevrolet,Civic,Los Angeles,I6,Gasoline,M,FWD,True,True,37.2,42.2,67.4,77.9,100.0
SAMPLE00001445,24743.24,80879.0,2013,256.9,3500,336,Sedan,BMW,Silverado,Houston,V6,Diesel,A,FWD,True,False,33.1,44.6,75.6,73.1,117.4
SAMPLE00001446,53094.43,145322.0,2018,113.0,2000,36,Coupe,Toyota,Camry,Chicago,I6,Hybrid,M,FWD,True,True,37.6,42.6,60.8,79.9,103.9
SAMPLE00001447,61096.34,72632.0,2020,202.7,3500,18,Coupe,Toyota,Camry,Phoenix,V6,Hybrid,A,FWD,False,True,34.2,38.9,62.6,82.6,119.9
SAMPLE00001448,66953.78,9540.0,2020,123.1,3500,34,Hatchback,Chevrolet,Civic,Houston,V6,Hybrid,A,RWD,False,True,38.1,42.1,75.3,77.5,111.0
SAMPLE00001449,52578.64,82753.0,2016,217.9,2000,362,Coupe,Chevrolet,3 Series,Los Angeles,I4,Diesel,M,FWD,True,True,35.6,42.6,66.3,71.7,107.7
SAMPLE00001450,42344.61,126164.0,2012,301.0,2500,417,Hatchback,Ford,Civic,Chicago,I6,Gasoline,A,AWD,True,False,41.9,38.1,68.6,77.9,101.8
SAMPLE00001451,48981.6,149527.0,2017,241.0,2500,309,Sedan,Nissan,3 Series,Los Angeles,I4,Hybrid,M,AWD,True,True,36.2,38.5,68.2,78.0,113.6
SAMPLE00001452,62789.77,64551.0,2019,215.1,2000,429,Sedan,BMW,3 Series,Houston,I6,Hybrid,M,FWD,True,False,40.4,38.1,69.8,78.7,107.2
SAMPLE00001453,46383.54,48045.0,2012,135.7,3500,5,Hatchback,Chevrolet,F-150,New York,I4,Hybrid,M,FWD,False,False,35.2,38.3,68.5,81.3,119.3
SAMPLE00001454,16671.29,135998.0,2013,173.5,1500,466,Truck,Ford,Altima,Los Angeles,I6,Gasoline,M,FWD,True,True,34.7,38.6,71.0,84.7,117.1
SAMPLE00001455,66202.18,28686.0,2012,130.0,3000,384,Coupe,Honda,Silverado,Chicago,I4,Gasoline,M,RWD,False,True,35.0,44.7,58.4,69.9,102.5
SAMPLE00001456,52923.97,92314.0,2016,342.2,1500,198,Sedan,Toyota,3 Series,Phoenix,I4,Diesel,M,AWD,True,False,36.0,39.4,71.3,71.3,109.2
SAMPLE00001457,52208.24,60857.0,2013,140.6,1500,33,Coupe,BMW,F-150,New York,I6,Diesel,M,AWD,True,True,40.6,39.4,58.5,81.9,108.9
SAMPLE00001458,26862.13,6162.0,2021,278.6,3500,55,Truck,Nissan,Civic,Los Angeles,I4,Gasoline,M,AWD,False,True,39.9,44.0,62.8,77.0,114.2
SAMPLE00001459,51238.7,52093.0,2021,202.8,3000,255,Coupe,Honda,Civic,Los Angeles,I4,Gasoline,M,RWD,True,False,36.9,43.3,74.1,80.7,105.5
SAMPLE00001460,36662.54,39784.0,2015,167.8,3000,210,Truck,BMW,3 Series,Chicago,I6,Hybrid,M,RWD,True,True,34.7,42.7,69.0,75.1,116.7
SAMPLE00001461,50817.81,102914.0,2012,291.8,2500,96,SUV / Crossover,BMW,F-150,New York,I6,Hybrid,A,AWD,False,False,33.4,41.0,77.2,82.3,118.8
SAMPLE00001462,20862.62,142319.0,2018,237.1,2000,281,Truck,Chevrolet,Camry,New York,V6,Diesel,M,AWD,False,True,38.6,38.2,60.8,75.2,111.0
SAMPLE00001463,51181.49,40207.0,2019,220.0,3500,488,Sedan,Ford,Altima,New York,I6,Hybrid,M,AWD,False,True,39.4,43.8,76.2,84.1,118.5
SAMPLE00001464,69967.75,121720.0,2016,277.9,3000,240,Hatchback,BMW,Altima,Los Angeles,V6,Gasoline,A,FWD,True,False,38.5,44.0,69.8,74.6,106.5
SAMPLE00001465,17651.66,8304.0,2013,247.4,3500,169,Hatchback,Nissan,Silverado,New York,I4,Gasoline,M,RWD,False,True,37.5,41.4,63.5,72.8,106.3
SAMPLE00001466,68744.58,80718.0,2019,191.0,2500,346,Coupe,Honda,3 Series,Los Angeles,I6,Diesel,M,AWD,False,False,41.8,42.5,73.1,69.7,114.5
SAMPLE00001467,37379.94,10583.0,2012,267.7,1500,293,SUV / Crossover,Nissan,Camry,Los Angeles,V6,Gasoline,M,FWD,False,True,33.2,41.3,77.0,82.4,108.9
SAMPLE00001468,62891.44,140105.0,2018,300.8,3000,409,Coupe,BMW,Silverado,New York,I6,Diesel,M,AWD,True,False,41.9,40.1,72.9,84.1,105.5
SAMPLE00001469,58031.2,114953.0,2012,108.0,2500,226,Truck,Nissan,Camry,Houston,V6,Hybrid,A,AWD,False,True,35.5,41.8,55.1,83.2,106.2
SAMPLE00001470,46185.89,98692.0,2017,239.8,3500,314,Hatchback,Nissan,Altima,Phoenix,V6,Diesel,A,RWD,True,False,36.4,42.8,55.2,80.9,116.6
SAMPLE00001471,55614.71,123584.0,2017,117.3,2500,126,Truck,Ford,F-150,Phoenix,I6,Gasoline,M,AWD,False,False,39.8,39.1,57.9,75.3,112.9
SAMPLE00001472,63318.36,97128.0,2016,155.9,2500,467,Hatchback,Toyota,3 Series,Houston,I4,Hybrid,M,RWD,True,True,35.0,41.7,74.6,73.2,115.8
SAMPLE00001473,37227.72,145342.0,2013,268.2,2500,279,Hatchback,BMW,Camry,New York,I4,Gasoline,M,RWD,True,False,39.4,43.4,72.3,72.8,108.3
SAMPLE00001474,32986.82,107094.0,2013,359.9,2500,366,Hatchback,Honda,Camry,Los Angeles,V6,Gasoline,M,AWD,False,False,36.0,41.3,69.7,80.9,118.8
SAMPLE00001475,51717.64,138699.0,2020,364.8,2500,20,Sedan,Toyota,Camry,Chicago,V6,Hybrid,A,FWD,True,True,41.5,39.1,71.0,73.9,117.8
SAMPLE00001476,59431.53,77570.0,2016,121.0,2500,315,Truck,Nissan,Altima,Houston,I4,Gasoline,M,AWD,False,True,34.5,44.1,69.3,81.3,100.7
SAMPLE00001477,56925.68,17560.0,2016,225.7,2000,245,Coupe,Toyota,3 Series,Phoenix,I6,Gasoline,M,AWD,True,False,41.4,42.7,63.0,84.7,107.3
SAMPLE00001478,58879.75,79227.0,2018,274.9,3500,89,SUV / Crossover,Chevrolet,F-150,Phoenix,I6,Hybrid,A,AWD,True,False,40.1,42.4,71.6,71.2,101.5
SAMPLE00001479,38957.08,19031.0,2017,144.1,1500,403,Coupe,Chevrolet,F-150,Los Angeles,I4,Gasoline,A,FWD,True,False,34.5,42.6,76.5,69.9,104.8
SAMPLE00001480,59980.88,88874.0,2013,329.6,3500,5,Truck,BMW,Camry,Phoenix,I4,Diesel,A,RWD,True,True,36.5,39.7,72.2,70.0,118.5
SAMPLE00001481,21611.5,72374.0,2022,323.3,3000,450,SUV / Crossover,Honda,F-150,Phoenix,I4,Gasoline,M,FWD,True,True,33.9,41.4,74.9,69.0,117.9
SAMPLE00001482,44946.9,93386.0,2012,371.0,3000,265,Coupe,Chevrolet,Silverado,Los Angeles,V6,Gasoline,M,FWD,True,False,38.4,40.3,60.5,79.7,101.1
SAMPLE00001483,15316.73,1507.0,2016,102.5,3500,395,SUV / Crossover,Nissan,F-150,New York,I4,Hybrid,A,AWD,False,True,41.6,43.8,63.0,78.1,100.7
SAMPLE00001484,32852.22,29226.0,2015,165.0,2500,96,Truck,Ford,Camry,Phoenix,I4,Diesel,M,AWD,False,False,33.7,42.1,66.7,77.6,112.9
SAMPLE00001485,35155.38,73700.0,2014,348.2,2000,149,Hatchback,Ford,Silverado,New York,I4,Gasoline,M,FWD,False,True,35.3,43.0,65.8,77.9,104.7
SAMPLE00001486,36789.5,142576.0,2013,301.2,1500,445,Truck,Nissan,3 Series,Chicago,I4,Hybrid,A,RWD,True,True,39.8,42.6,65.7,69.2,100.0
SAMPLE00001487,53250.7,57541.0,2021,368.3,2500,444,Sedan,Toyota,Civic,New York,I6,Gasoline,A,RWD,True,False,37.1,41.4,69.7,73.0,116.7
SAMPLE00001488,36370.7,63656.0,2013,117.2,3500,79,SUV / Crossover,Nissan,Altima,Los Angeles,I6,Gasoline,M,AWD,False,True,36.1,43.6,74.7,72.5,107.7
SAMPLE00001489,39678.15,107204.0,2015,279.1,3500,16,Truck,Toyota,F-150,Los Angeles,I4,Gasoline,M,RWD,True,True,38.4,42.3,75.4,76.1,108.3
SAMPLE00001490,28064.93,90569.0,2013,270.7,2000,137,Hatchback,Toyota,Silverado,Los Angeles,V6,Diesel,A,RWD,False,True,35.6,39.6,58.5,82.9,102.2
SAMPLE00001491,35528.85,44839.0,2015,110.7,2000,139,Hatchback,Ford,Civic,Phoenix,V6,Hybrid,M,RWD,False,False,36.0,40.0,57.1,84.5,109.5
SAMPLE00001492,27499.83,61622.0,2014,254.1,3500,338,Truck,Chevrolet,3 Series,Houston,I6,Diesel,M,FWD,False,True,40.3,43.8,62.2,78.4,115.5
SAMPLE00001493,19025.78,32655.0,2020,282.9,2500,39,Coupe,Nissan,Civic,Phoenix,V6,Gasoline,M,FWD,True,False,36.5,44.6,72.0,72.2,106.0
SAMPLE00001494,48189.67,144903.0,2018,157.4,2500,406,Truck,Chevrolet,3 Series,New York,V6,Diesel,M,AWD,False,True,39.3,41.8,73.2,74.5,116.6
SAMPLE00001495,51751.7,19595.0,2022,182.0,2500,167,Hatchback,BMW,Camry,Chicago,I6,Gasoline,M,RWD,True,False,34.4,40.7,63.8,73.5,113.0
SAMPLE00001496,49071.97,55776.0,2014,292.1,1500,73,Truck,Honda,Camry,Chicago,I4,Diesel,A,AWD,False,True,36.6,42.4,62.1,71.5,108.3
SAMPLE00001497,40492.17,3876.0,2019,240.5,1500,73,Sedan,Ford,Altima,Chicago,I4,Hybrid,M,FWD,True,True,38.0,41.4,58.0,84.6,110.1
SAMPLE00001498,35888.22,33267.0,2020,357.4,2500,49,Coupe,Toyota,Altima,Chicago,I6,Diesel,M,AWD,True,True,35.4,43.9,60.5,70.2,102.2
SAMPLE00001499,62483.35,117071.0,2018,202.7,3500,9,Truck,Honda,3 Series,Houston,I4,Hybrid,M,FWD,False,False,36.8,43.8,57.3,77.6,117.9
SAMPLE00001500,43549.5,30176.0,2017,180.0,2000,102,Hatchback,Toyota,Civic,Chicago,I4,Gasoline,A,FWD,True,True,39.8,41.2,62.0,81.6,117.9
SAMPLE00001501,41355.0,12010.0,2015,395.5,3000,349,Truck,Honda,Altima,Phoenix,I6,Hybrid,M,AWD,True,False,34.5,43.6,70.6,84.0,107.6
SAMPLE00001502,16410.31,71168.0,2016,373.3,2000,387,Truck,Honda,F-150,Chicago,I6,Gasoline,M,RWD,False,False,37.5,39.4,58.0,71.4,113.2
SAMPLE00001503,33768.63,1495.0,2019,108.7,2000,384,SUV / Crossover,Chevrolet,Civic,Los Angeles,I6,Diesel,A,AWD,False,False,35.4,40.6,62.4,71.3,115.3
SAMPLE00001504,35910.76,12715.0,2014,331.2,3000,298,Truck,BMW,Altima,New York,V6,Diesel,M,RWD,False,True,36.7,38.6,67.2,76.5,116.5
SAMPLE00001505,36935.25,121144.0,2013,133.1,2500,338,Sedan,BMW,Civic,Phoenix,I6,Hybrid,M,AWD,True,True,36.4,43.7,62.5,74.5,114.5
SAMPLE00001506,46909.48,115721.0,2014,108.2,2000,388,Hatchback,Toyota,F-150,Houston,I6,Diesel,M,AWD,False,True,38.9,44.8,65.1,72.2,110.0
SAMPLE00001507,44348.14,137271.0,2018,182.1,3000,477,SUV / Crossover,Ford,Civic,Phoenix,I6,Diesel,A,AWD,True,True,39.9,42.0,66.4,69.6,114.0
SAMPLE00001508,48434.78,128177.0,2019,180.8,3500,473,Truck,BMW,Civic,Los Angeles,I6,Gasoline,A,FWD,False,False,37.5,43.4,72.8,74.2,118.9
SAMPLE00001509,57068.58,102476.0,2012,345.8,3500,103,Coupe,Ford,Silverado,Chicago,I4,Diesel,A,AWD,False,False,34.5,40.8,74.4,72.8,109.4
SAMPLE00001510,59714.22,7850.0,2018,313.2,3500,289,Sedan,Toyota,3 Series,Chicago,I6,Gasoline,M,FWD,False,True,40.8,41.9,59.4,70.9,101.6
SAMPLE00001511,54496.77,117427.0,2020,394.5,2500,449,Sedan,Ford,Camry,Houston,I6,Hybrid,M,FWD,False,False,34.7,40.4,63.5,74.3,116.2
SAMPLE00001512,67553.8,126827.0,2014,313.5,2000,279,Sedan,Honda,Altima,New York,V6,Diesel,A,FWD,True,False,38.2,42.9,68.2,69.4,114.4
SAMPLE00001513,16002.79,119862.0,2014,225.5,2000,141,SUV / Crossover,Honda,Altima,Chicago,V6,Hybrid,A,AWD,True,False,37.7,39.7,66.5,83.6,105.9
SAMPLE00001514,25767.79,76272.0,2019,309.7,1500,296,Truck,Toyota,Altima,Houston,I4,Diesel,M,AWD,True,True,35.6,39.1,56.8,78.2,111.8
SAMPLE00001515,15415.96,34935.0,2015,399.8,3500,169,Sedan,Ford,3 Series,Chicago,I6,Hybrid,A,AWD,False,False,41.6,44.3,62.9,76.1,101.5
SAMPLE00001516,50611.11,126799.0,2019,313.0,2500,12,Truck,Ford,Civic,Phoenix,I6,Hybrid,A,AWD,True,True,39.1,44.0,60.2,70.2,109.6
SAMPLE00001517,64391.68,109074.0,2016,328.5,3000,156,Coupe,Toyota,F-150,Houston,I6,Gasoline,M,FWD,True,True,37.2,43.8,64.6,81.2,108.0
SAMPLE00001518,28391.53,147114.0,2014,381.5,2500,448,Truck,BMW,F-150,Houston,V6,Diesel,A,RWD,True,True,37.0,43.8,62.8,69.3,105.0
SAMPLE00001519,65986.9,23354.0,2015,134.1,2000,173,Truck,Chevrolet,Camry,Houston,I4,Hybrid,M,RWD,True,False,33.8,43.1,71.0,84.7,103.1
SAMPLE00001520,18314.71,33850.0,2015,311.4,3500,161,Truck,BMW,Camry,Chicago,V6,Gasoline,M,FWD,True,False,40.0,44.1,64.2,82.3,106.9
SAMPLE00001521,66393.98,31770.0,2019,355.2,1500,446,Hatchback,Nissan,Camry,Houston,I6,Hybrid,A,FWD,False,True,33.8,39.5,60.6,76.0,118.7
SAMPLE00001522,34339.25,118881.0,2017,386.3,2500,131,SUV / Crossover,Chevrolet,F-150,Phoenix,V6,Hybrid,A,RWD,True,False,34.8,44.1,69.3,79.4,110.3
SAMPLE00001523,20578.15,28036.0,2018,163.3,1500,27,Truck,Ford,Civic,New York,I6,Hybrid,M,RWD,True,True,34.5,44.4,71.7,69.5,104.0
SAMPLE00001524,41722.95,9999.0,2020,251.2,2000,82,Sedan,Chevrolet,Camry,New York,I6,Diesel,A,RWD,False,True,33.6,43.0,57.5,76.3,116.7
SAMPLE00001525,29122.71,149784.0,2017,304.2,3000,384,Hatchback,Chevrolet,Camry,Los Angeles,I6,Diesel,A,RWD,True,True,40.5,42.2,60.8,81.9,105.4
SAMPLE00001526,30668.01,3723.0,2014,174.2,2500,419,Truck,Ford,F-150,Phoenix,I4,Hybrid,A,RWD,False,True,41.2,39.7,59.8,69.3,116.1
SAMPLE00001527,31900.95,125287.0,2014,280.1,2000,362,Hatchback,Honda,Altima,Phoenix,V6,Hybrid,A,AWD,True,False,38.6,44.1,59.6,71.7,100.3
SAMPLE00001528,59166.42,54805.0,2022,177.3,3500,268,SUV / Crossover,Chevrolet,Civic,Houston,I6,Hybrid,A,RWD,True,True,40.9,42.0,75.7,81.2,118.5
SAMPLE00001529,44653.87,126242.0,2014,200.0,2500,250,Hatchback,Toyota,Camry,Los Angeles,I6,Diesel,A,AWD,True,True,39.1,42.3,57.9,75.8,110.7
SAMPLE00001530,32121.92,83193.0,2021,232.5,1500,369,Sedan,BMW,Civic,Phoenix,I4,Hybrid,M,AWD,False,False,39.2,42.2,75.0,79.3,115.3
SAMPLE00001531,48568.36,135245.0,2013,258.8,2500,105,Truck,Ford,Silverado,Phoenix,I4,Hybrid,M,FWD,True,False,41.0,44.1,64.1,81.9,106.3
SAMPLE00001532,54388.29,138929.0,2012,234.8,2000,260,Sedan,Ford,Altima,Phoenix,I6,Hybrid,M,FWD,False,False,33.8,39.0,69.7,70.5,116.9
SAMPLE00001533,29994.32,1365.0,2022,248.0,2000,352,Coupe,Chevrolet,Altima,Chicago,I6,Hybrid,A,RWD,False,True,33.5,38.4,65.1,76.0,113.8
SAMPLE00001534,37745.2,11312.0,2021,189.6,1500,13,Hatchback,Honda,Camry,Phoenix,I6,Diesel,A,FWD,True,True,33.5,39.6,68.8,77.6,100.9
SAMPLE00001535,21703.74,37554.0,2012,147.7,2000,79,Hatchback,Honda,Camry,Chicago,I6,Gasoline,M,RWD,True,True,36.8,41.4,67.7,78.5,100.8
SAMPLE00001536,24963.21,100397.0,2015,114.2,2500,375,Hatchback,BMW,F-150,Phoenix,I4,Gasoline,A,FWD,True,False,41.5,41.3,65.0,82.4,107.2
SAMPLE00001537,52461.48,133241.0,2014,158.8,1500,159,SUV / Crossover,BMW,Altima,New York,V6,Hybrid,M,FWD,False,True,40.8,41.6,61.3,76.1,101.0
SAMPLE00001538,24979.11,68991.0,2016,274.6,2000,177,Sedan,Honda,Silverado,Chicago,I4,Gasoline,M,RWD,True,False,40.0,38.8,76.4,73.4,100.9
SAMPLE00001539,43883.99,91046.0,2020,335.8,2000,154,Coupe,Nissan,Silverado,Chicago,I4,Gasoline,A,FWD,False,False,36.6,43.6,76.1,81.6,107.6
SAMPLE00001540,53997.54,28275.0,2019,150.8,2500,34,SUV / Crossover,Honda,Silverado,Houston,V6,Diesel,A,RWD,False,True,40.4,40.1,56.6,83.2,104.6
SAMPLE00001541,20878.23,120745.0,2020,132.6,2000,258,SUV / Crossover,Honda,3 Series,Phoenix,I6,Hybrid,A,FWD,True,True,35.0,44.4,60.1,74.1,107.0
SAMPLE00001542,46202.17,145099.0,2016,324.8,2500,259,Truck,Chevrolet,F-150,Los Angeles,I6,Diesel,A,RWD,False,False,38.3,43.9,68.2,80.3,108.1
SAMPLE00001543,29110.95,40290.0,2019,191.5,3500,134,Coupe,Toyota,F-150,Los Angeles,V6,Gasoline,A,AWD,False,False,39.7,38.4,77.6,71.6,101.7
SAMPLE00001544,67960.98,74224.0,2015,385.4,2500,460,Hatchback,BMW,Camry,Los Angeles,I4,Gasoline,A,RWD,True,False,33.8,38.4,71.7,69.5,112.1
SAMPLE00001545,41595.01,12917.0,2016,314.3,3000,488,Hatchback,Nissan,F-150,Los Angeles,I6,Hybrid,A,FWD,True,True,40.9,42.4,73.8,74.4,107.0
SAMPLE00001546,59329.59,83870.0,2014,198.0,2000,130,Truck,Nissan,Camry,New York,V6,Hybrid,A,AWD,False,False,39.5,38.5,62.2,74.9,115.2
SAMPLE00001547,45262.46,75418.0,2016,186.9,3500,80,Hatchback,Ford,Camry,Los Angeles,V6,Diesel,A,AWD,True,False,37.8,42.0,60.0,69.9,119.8
SAMPLE00001548,17387.69,21665.0,2014,257.1,1500,366,Sedan,Honda,3 Series,Houston,V6,Hybrid,A,RWD,False,True,33.6,38.6,60.2,69.7,107.6
SAMPLE00001549,49823.33,66310.0,2016,123.7,3000,58,Hatchback,Honda,F-150,Los Angeles,I6,Gasoline,M,RWD,False,False,39.3,41.4,66.1,80.0,114.8
SAMPLE00001550,67327.18,50116.0,2022,135.3,1500,73,Sedan,Toyota,F-150,Houston,V6,Diesel,A,AWD,False,True,37.0,40.9,74.7,80.2,105.9
SAMPLE00001551,48088.65,78275.0,2016,152.8,3000,238,Truck,Honda,3 Series,Chicago,I4,Diesel,M,RWD,False,False,39.6,42.1,60.0,69.2,116.2
SAMPLE00001552,60055.39,87848.0,2017,332.4,3500,128,Truck,BMW,3 Series,Phoenix,I4,Hybrid,M,RWD,False,False,33.3,40.5,68.1,76.6,113.7
SAMPLE00001553,63631.36,1274.0,2020,254.2,3500,411,Sedan,Nissan,F-150,Los Angeles,V6,Hybrid,M,RWD,True,True,38.2,39.0,73.6,77.5,105.0
SAMPLE00001554,27544.39,114151.0,2012,103.2,3500,314,Hatchback,Honda,F-150,Houston,V6,Gasoline,A,FWD,True,True,37.0,43.9,66.5,76.5,109.2
SAMPLE00001555,26662.47,106952.0,2021,302.1,3000,373,Truck,Toyota,Camry,Houston,V6,Diesel,M,FWD,False,False,36.9,40.1,64.6,84.6,116.1
SAMPLE00001556,48603.95,54943.0,2017,227.1,2500,436,Truck,Chevrolet,Civic,Phoenix,I4,Diesel,M,AWD,True,True,37.7,38.5,63.0,75.8,114.2
SAMPLE00001557,37606.57,7940.0,2012,253.3,1500,137,Sedan,BMW,Altima,Chicago,I6,Diesel,A,AWD,True,True,34.1,41.5,68.8,77.3,100.6
SAMPLE00001558,61192.37,113240.0,2017,164.2,2500,454,Truck,Chevrolet,Camry,Los Angeles,I4,Diesel,A,AWD,True,False,41.4,44.1,73.8,73.3,100.0
SAMPLE00001559,64501.27,143276.0,2013,265.5,2500,102,Hatchback,Ford,Silverado,Houston,V6,Gasoline,A,RWD,True,False,39.3,40.0,77.9,72.3,115.1
SAMPLE00001560,34438.18,36023.0,2019,393.7,2000,386,Truck,Toyota,Silverado,Los Angeles,I6,Gasoline,A,RWD,False,False,33.8,41.2,75.0,81.9,109.1
SAMPLE00001561,28027.88,48529.0,2022,122.0,1500,390,Sedan,Ford,Civic,New York,I6,Gasoline,A,RWD,False,True,33.7,40.8,65.4,83.8,110.2
SAMPLE00001562,57928.9,27572.0,2014,185.2,3000,8,Hatchback,Ford,Altima,Houston,V6,Hybrid,A,AWD,True,True,34.9,38.3,56.8,73.5,119.3
SAMPLE00001563,30114.33,86540.0,2021,172.9,2000,231,Coupe,Nissan,3 Series,Chicago,V6,Gasoline,M,AWD,False,False,35.2,44.1,57.8,82.4,102.6
SAMPLE00001564,60243.79,23226.0,2017,174.6,2000,98,Sedan,Ford,Silverado,Phoenix,I4,Gasoline,M,FWD,False,True,37.4,43.3,55.7,75.2,100.6
SAMPLE00001565,38305.6,53429.0,2017,213.6,3500,217,Coupe,Ford,3 Series,Houston,I4,Gasoline,M,RWD,False,False,37.8,38.7,63.3,76.9,103.8
SAMPLE00001566,51715.24,104552.0,2015,345.4,3000,452,Truck,Toyota,3 Series,New York,I4,Gasoline,A,RWD,False,True,34.3,38.9,66.1,71.0,114.3
SAMPLE00001567,20254.44,84017.0,2016,373.9,2500,396,Hatchback,Chevrolet,Camry,Phoenix,V6,Hybrid,M,FWD,False,False,41.8,38.1,73.9,77.9,103.6
SAMPLE00001568,49312.26,57969.0,2013,160.7,2500,236,Truck,Honda,3 Series,Chicago,I6,Diesel,A,AWD,True,True,40.4,44.9,57.0,84.2,110.6
SAMPLE00001569,39847.22,63037.0,2021,262.9,2500,221,Hatchback,Ford,Civic,Los Angeles,I4,Diesel,A,AWD,False,True,38.7,40.9,60.2,68.9,117.1
SAMPLE00001570,47263.47,84317.0,2021,291.1,3500,167,SUV / Crossover,Nissan,Camry,Los Angeles,V6,Hybrid,A,AWD,False,False,35.5,44.5,66.7,72.4,116.8
SAMPLE00001571,24240.78,880.0,2019,256.5,2500,369,Truck,Honda,Civic,Houston,I6,Gasoline,M,RWD,False,True,41.2,40.9,74.5,79.8,104.2
SAMPLE00001572,55528.06,11776.0,2021,230.2,1500,61,Truck,Nissan,3 Series,Phoenix,V6,Diesel,M,FWD,True,True,35.8,38.7,57.0,72.6,117.9
SAMPLE00001573,62453.84,132189.0,2018,157.6,2500,317,Truck,Honda,Silverado,New York,V6,Diesel,A,FWD,True,False,35.9,40.4,60.6,74.3,119.9
SAMPLE00001574,26920.69,11682.0,2021,246.5,2500,486,Sedan,Ford,Altima,New York,V6,Diesel,M,AWD,False,False,36.2,40.9,67.5,72.9,119.5
SAMPLE00001575,20264.3,106021.0,2017,220.4,1500,9,Hatchback,BMW,3 Series,Chicago,I4,Diesel,M,RWD,False,False,33.4,39.2,62.5,84.4,117.8
SAMPLE00001576,16300.12,138006.0,2018,338.7,3500,233,Hatchback,Honda,Civic,Phoenix,V6,Gasoline,M,FWD,True,True,33.6,38.4,77.8,76.3,101.3
SAMPLE00001577,50308.43,40603.0,2012,329.1,2000,86,Hatchback,BMW,F-150,Phoenix,V6,Diesel,M,RWD,False,True,37.3,40.2,65.4,70.3,112.5
SAMPLE00001578,48390.17,55574.0,2016,140.2,3000,266,Sedan,Chevrolet,F-150,Los Angeles,V6,Hybrid,A,AWD,True,True,40.9,41.8,76.0,70.1,108.8
SAMPLE00001579,45068.36,85338.0,2018,126.6,3500,203,Hatchback,Honda,Silverado,Chicago,I4,Hybrid,A,AWD,False,False,41.5,39.8,76.6,73.3,105.6
SAMPLE00001580,27757.09,132256.0,2012,372.4,2500,317,Truck,Toyota,Altima,Chicago,V6,Diesel,M,FWD,False,False,40.0,44.7,61.0,74.8,106.3
SAMPLE00001581,36499.83,141286.0,2013,260.7,2000,332,Coupe,Nissan,Civic,Chicago,V6,Gasoline,M,AWD,False,False,36.6,41.4,62.5,72.9,118.9
SAMPLE00001582,47696.2,110934.0,2020,357.3,3000,359,SUV / Crossover,Chevrolet,Silverado,Phoenix,I4,Diesel,A,FWD,False,True,35.8,38.9,62.5,77.4,119.0
SAMPLE00001583,42322.18,12993.0,2014,117.4,3000,240,Hatchback,Chevrolet,Camry,Los Angeles,V6,Diesel,A,AWD,True,False,34.9,40.9,65.0,82.8,102.0
SAMPLE00001584,69328.2,100373.0,2017,258.0,3000,55,Sedan,BMW,3 Series,Chicago,I6,Diesel,M,FWD,False,True,37.8,43.0,56.5,81.4,104.1
SAMPLE00001585,22504.19,61546.0,2018,261.8,1500,109,Sedan,Ford,Camry,Los Angeles,V6,Hybrid,A,AWD,True,True,37.3,41.4,73.6,77.8,118.4
SAMPLE00001586,53232.95,70605.0,2020,358.2,1500,48,Hatchback,Nissan,F-150,Chicago,V6,Hybrid,M,AWD,True,True,37.2,40.3,58.0,80.3,112.3
SAMPLE00001587,37237.53,7372.0,2016,129.3,2000,242,Coupe,Toyota,3 Series,Phoenix,I4,Gasoline,M,RWD,True,False,35.8,38.7,75.6,79.3,114.1
SAMPLE00001588,38550.98,28659.0,2015,172.1,2500,15,Hatchback,Toyota,Camry,Los Angeles,I4,Diesel,A,RWD,True,True,38.2,41.2,68.3,69.1,107.0
SAMPLE00001589,54467.88,118577.0,2022,222.0,2000,72,Sedan,BMW,F-150,Houston,I4,Diesel,A,AWD,True,True,38.5,38.7,66.1,78.8,104.8
SAMPLE00001590,53083.99,68094.0,2013,359.8,2500,371,SUV / Crossover,BMW,Altima,Chicago,I4,Diesel,M,FWD,False,False,40.9,40.6,70.2,82.8,108.9
SAMPLE00001591,69519.08,45249.0,2014,381.7,3500,201,Coupe,Chevrolet,Camry,Phoenix,I6,Diesel,M,AWD,True,False,39.9,38.8,76.5,82.1,106.8
SAMPLE00001592,22061.69,57603.0,2016,397.8,3000,92,Hatchback,BMW,3 Series,Los Angeles,V6,Hybrid,A,RWD,True,False,36.0,42.7,61.8,76.0,118.9
SAMPLE00001593,20726.03,128160.0,2022,387.8,3000,136,SUV / Crossover,Ford,Camry,New York,V6,Gasoline,M,FWD,False,False,36.4,43.4,61.2,73.5,103.3
SAMPLE00001594,54838.63,112350.0,2013,101.8,1500,32,Hatchback,Chevrolet,3 Series,Phoenix,I6,Hybrid,M,AWD,True,True,35.2,39.7,63.5,74.4,119.8
SAMPLE00001595,46811.28,40847.0,2015,114.3,3500,87,Coupe,Chevrolet,Camry,Phoenix,I4,Diesel,M,AWD,True,True,34.5,38.5,66.2,77.6,118.1
SAMPLE00001596,30078.84,17625.0,2012,144.3,3500,418,Sedan,Chevrolet,Silverado,New York,V6,Hybrid,M,RWD,False,False,34.0,40.4,56.7,75.0,111.4
SAMPLE00001597,19368.07,37800.0,2015,204.7,2500,202,Coupe,Toyota,Altima,New York,I6,Gasoline,M,FWD,True,True,33.3,41.9,70.6,73.9,106.8
SAMPLE00001598,19711.2,138113.0,2018,349.0,3500,38,Truck,Nissan,Camry,Houston,V6,Diesel,A,FWD,True,False,36.8,43.4,67.0,70.0,114.5
SAMPLE00001599,64180.5,87238.0,2014,367.8,1500,113,Hatchback,Nissan,Camry,Houston,I6,Diesel,M,FWD,False,True,41.6,40.8,67.4,69.8,109.6
SAMPLE00001600,25552.7,80022.0,2021,156.1,2500,332,SUV / Crossover,Toyota,Silverado,Houston,I6,Hybrid,M,AWD,True,False,37.8,40.6,60.7,68.5,107.5
SAMPLE00001601,32785.44,89459.0,2019,285.9,2000,246,SUV / Crossover,Chevrolet,F-150,Phoenix,V6,Hybrid,M,RWD,True,False,39.7,44.4,74.3,84.9,106.7
SAMPLE00001602,27466.1,54904.0,2017,375.2,2500,342,Coupe,Ford,3 Series,Phoenix,I4,Hybrid,A,AWD,False,True,36.6,41.1,64.2,74.2,101.6
SAMPLE00001603,34524.8,121066.0,2017,239.1,2000,408,Coupe,Honda,Civic,Phoenix,I4,Gasoline,A,RWD,False,True,36.5,41.1,70.0,69.2,108.7
SAMPLE00001604,18818.31,78493.0,2012,131.1,2500,369,Coupe,Chevrolet,F-150,Houston,I6,Gasoline,A,RWD,True,True,34.1,40.9,60.5,77.7,105.0
SAMPLE00001605,43548.29,17512.0,2016,237.3,3000,207,SUV / Crossover,BMW,3 Series,Los Angeles,I4,Gasoline,A,FWD,False,True,35.7,40.5,73.8,79.5,100.4
SAMPLE00001606,18718.69,19360.0,2014,212.7,2000,311,Sedan,Nissan,Camry,Phoenix,V6,Diesel,A,AWD,True,False,41.4,43.1,61.9,79.6,104.7
SAMPLE00001607,59019.61,80529.0,2021,273.3,1500,431,SUV / Crossover,Honda,F-150,Phoenix,I6,Diesel,A,FWD,True,True,37.4,40.0,76.2,84.5,104.7
SAMPLE00001608,27854.16,140486.0,2012,231.6,2000,468,Sedan,Toyota,Camry,Phoenix,V6,Hybrid,M,RWD,False,True,34.8,40.7,65.5,71.6,106.0
SAMPLE00001609,44700.66,46253.0,2019,105.2,2000,393,Coupe,Toyota,F-150,Houston,V6,Diesel,M,RWD,True,False,39.0,40.0,58.3,83.2,118.9
SAMPLE00001610,63404.35,130431.0,2018,398.2,2500,296,Truck,Honda,F-150,Chicago,I4,Gasoline,M,FWD,False,True,36.6,42.0,69.1,83.4,118.0
SAMPLE00001611,50798.26,114614.0,2018,263.1,3000,359,SUV / Crossover,Nissan,Civic,Houston,V6,Diesel,A,FWD,False,False,40.4,44.7,67.8,75.8,100.6
SAMPLE00001612,44312.68,37172.0,2021,242.1,2500,210,Coupe,Nissan,Silverado,Chicago,I6,Hybrid,A,RWD,False,True,33.8,40.7,64.7,84.2,104.8
SAMPLE00001613,32838.36,5451.0,2021,386.4,2500,354,SUV / Crossover,BMW,F-150,Houston,I6,Hybrid,A,AWD,False,True,37.7,44.8,73.9,71.4,108.8
SAMPLE00001614,33315.11,15277.0,2021,146.8,3000,58,Coupe,Toyota,Camry,Los Angeles,V6,Hybrid,A,FWD,False,False,40.2,42.6,64.7,73.8,105.6
SAMPLE00001615,51821.78,109274.0,2015,156.8,2500,155,SUV / Crossover,Toyota,Civic,Los Angeles,V6,Hybrid,A,AWD,True,False,40.7,43.6,58.1,80.9,107.9
SAMPLE00001616,69677.66,29950.0,2022,342.4,3000,121,Hatchback,Chevrolet,F-150,Phoenix,I6,Diesel,A,RWD,True,False,36.6,40.3,55.7,84.1,116.6
SAMPLE00001617,51401.16,55691.0,2017,178.2,1500,119,SUV / Crossover,Ford,Silverado,Houston,I4,Hybrid,M,FWD,True,False,39.7,39.6,75.5,69.3,111.4
SAMPLE00001618,45678.09,75255.0,2020,339.8,3000,296,Hatchback,BMW,Camry,Chicago,I4,Diesel,A,FWD,False,True,41.7,42.0,65.7,79.4,108.4
SAMPLE00001619,55185.78,108820.0,2014,181.5,3500,321,Sedan,Chevrolet,Civic,Chicago,I4,Hybrid,M,RWD,False,True,38.6,44.9,67.9,84.0,109.7
SAMPLE00001620,40586.31,16985.0,2020,110.0,3000,434,SUV / Crossover,Ford,3 Series,Los Angeles,V6,Hybrid,A,FWD,False,True,40.3,43.0,57.6,69.8,105.5
SAMPLE00001621,18307.83,60955.0,2015,255.1,3000,61,Sedan,Toyota,Altima,Phoenix,V6,Diesel,A,FWD,False,True,38.2,42.8,66.3,71.1,104.2
SAMPLE00001622,45926.32,72761.0,2016,159.0,3500,157,Truck,Ford,Silverado,Chicago,I6,Gasoline,A,AWD,False,False,40.1,41.2,67.3,79.5,104.2
SAMPLE00001623,67669.39,81124.0,2018,327.4,3000,39,Hatchback,Toyota,3 Series,Houston,I6,Gasoline,M,FWD,True,False,41.5,44.2,65.7,78.7,116.0
SAMPLE00001624,24641.66,122754.0,2017,292.4,2000,241,SUV / Crossover,Nissan,3 Series,Phoenix,I6,Gasoline,M,AWD,False,False,39.4,42.9,76.9,73.1,103.9
SAMPLE00001625,52950.27,25752.0,2021,377.1,2500,39,Sedan,Chevrolet,Civic,Houston,I6,Gasoline,M,FWD,False,False,34.4,42.7,68.1,83.9,118.2
SAMPLE00001626,26051.35,121175.0,2019,334.9,2500,452,Coupe,Toyota,Civic,Houston,I4,Hybrid,M,FWD,False,True,33.7,40.0,77.4,74.6,109.0
SAMPLE00001627,44470.52,103932.0,2019,154.2,1500,357,Sedan,Ford,Civic,Los Angeles,V6,Diesel,A,RWD,True,True,40.3,44.7,58.5,73.8,110.7
SAMPLE00001628,20317.2,83381.0,2019,340.0,1500,189,SUV / Crossover,Chevrolet,3 Series,Houston,V6,Gasoline,M,RWD,True,False,35.3,39.8,76.0,82.3,112.2
SAMPLE00001629,39770.4,104929.0,2014,292.5,3500,233,Truck,Ford,Altima,New York,I4,Hybrid,M,FWD,True,True,40.9,41.7,67.7,77.5,106.1
SAMPLE00001630,56588.98,61803.0,2021,300.7,2000,14,Hatchback,Ford,Camry,Phoenix,I6,Diesel,A,AWD,False,False,34.8,40.4,61.8,75.5,117.9
SAMPLE00001631,34116.43,20760.0,2017,349.7,1500,123,Coupe,Honda,Civic,New York,I6,Hybrid,A,RWD,False,True,41.2,39.3,72.2,77.3,112.2
SAMPLE00001632,51570.14,99865.0,2018,272.1,2500,227,Sedan,Toyota,Silverado,Houston,V6,Gasoline,A,RWD,False,False,40.2,39.0,67.8,80.2,118.0
SAMPLE00001633,58749.75,78701.0,2020,239.8,1500,386,SUV / Crossover,Toyota,Civic,Houston,I6,Diesel,M,RWD,True,True,40.9,40.1,68.2,69.4,110.2
SAMPLE00001634,65994.78,95906.0,2021,291.0,1500,279,SUV / Crossover,Ford,Altima,Los Angeles,V6,Diesel,M,FWD,False,True,35.1,42.8,59.0,73.7,100.8
SAMPLE00001635,27905.31,50700.0,2021,189.4,3000,424,Hatchback,Nissan,Civic,Los Angeles,I4,Hybrid,M,AWD,False,True,40.9,44.8,70.6,82.6,100.6
SAMPLE00001636,36962.38,136030.0,2015,154.8,1500,446,Coupe,Toyota,Altima,Los Angeles,V6,Hybrid,A,AWD,True,False,38.3,44.0,61.8,80.5,106.2
SAMPLE00001637,23382.88,88105.0,2016,285.0,3500,47,Sedan,BMW,Civic,Los Angeles,I4,Diesel,A,FWD,True,False,33.8,39.5,63.2,69.3,116.9
SAMPLE00001638,69586.59,12810.0,2019,170.2,2500,188,Sedan,Nissan,3 Series,Chicago,I6,Gasoline,A,RWD,True,False,41.4,38.5,75.9,75.8,105.3
SAMPLE00001639,65985.05,67471.0,2012,124.0,3500,303,Sedan,Nissan,Altima,Los Angeles,V6,Gasoline,A,AWD,True,True,34.8,42.8,59.1,73.2,109.7
SAMPLE00001640,44697.64,113453.0,2017,100.2,3500,46,Hatchback,Nissan,Camry,Houston,I6,Diesel,M,AWD,True,True,34.9,38.2,75.4,81.5,104.0
SAMPLE00001641,61311.83,119120.0,2015,282.5,2000,183,Hatchback,Toyota,Civic,Houston,I6,Diesel,A,FWD,True,True,39.3,44.0,66.5,70.4,115.0
SAMPLE00001642,43652.69,74190.0,2016,208.6,3000,104,Coupe,Nissan,3 Series,Phoenix,I6,Gasoline,A,AWD,True,True,38.2,43.8,59.1,70.5,113.4
SAMPLE00001643,49297.21,134212.0,2022,325.7,3500,368,Sedan,Nissan,Silverado,New York,V6,Gasoline,A,AWD,True,True,41.1,43.6,73.7,80.6,118.0
SAMPLE00001644,19901.84,40150.0,2016,212.6,2000,459,Sedan,Chevrolet,Camry,Chicago,I6,Hybrid,A,RWD,False,True,35.8,41.9,70.0,84.8,107.1
SAMPLE00001645,56539.87,61590.0,2013,245.8,2500,246,Coupe,Toyota,3 Series,Chicago,V6,Hybrid,M,RWD,True,True,33.4,44.8,63.0,74.6,119.7
SAMPLE00001646,22024.24,134790.0,2019,222.1,2500,263,Coupe,Nissan,Altima,Phoenix,I6,Gasoline,A,RWD,False,False,42.0,41.2,61.9,82.7,117.6
SAMPLE00001647,60433.72,134439.0,2013,295.2,2000,205,Coupe,BMW,F-150,Phoenix,I4,Diesel,A,AWD,True,False,35.8,44.9,64.7,74.8,109.0
SAMPLE00001648,58011.54,102857.0,2015,206.8,3500,17,SUV / Crossover,Nissan,Silverado,Los Angeles,V6,Diesel,M,RWD,False,False,34.5,44.2,58.1,79.2,117.2
SAMPLE00001649,53980.96,128847.0,2016,389.1,3500,363,Coupe,Ford,Silverado,Phoenix,I4,Hybrid,A,FWD,False,False,41.9,38.9,73.6,76.3,108.5
SAMPLE00001650,16988.82,13316.0,2012,380.8,3000,250,Truck,Toyota,F-150,Chicago,I4,Diesel,M,RWD,False,True,38.1,44.3,61.4,80.6,115.8
SAMPLE00001651,31672.06,129749.0,2017,354.4,3000,237,Hatchback,Chevrolet,3 Series,New York,V6,Diesel,A,RWD,False,True,34.3,40.1,74.0,69.0,107.2
SAMPLE00001652,29471.19,48093.0,2013,376.1,2500,339,Coupe,BMW,3 Series,New York,V6,Diesel,A,AWD,True,False,40.5,43.4,71.8,77.3,105.1
SAMPLE00001653,34807.5,26750.0,2016,234.7,3000,406,SUV / Crossover,Honda,Altima,Chicago,V6,Diesel,M,RWD,True,True,41.5,38.0,76.7,85.0,114.8
SAMPLE00001654,19820.35,35905.0,2017,260.9,2000,452,Truck,Ford,Silverado,Los Angeles,I6,Hybrid,A,FWD,False,True,40.9,39.9,57.3,80.8,119.3
SAMPLE00001655,66532.68,62695.0,2022,322.6,2500,320,SUV / Crossover,Ford,3 Series,New York,I6,Diesel,M,RWD,False,True,34.8,43.3,63.0,71.9,114.5
SAMPLE00001656,45459.12,37679.0,2019,308.8,3500,364,SUV / Crossover,Ford,F-150,New York,I4,Gasoline,A,RWD,True,False,33.5,44.8,69.3,73.2,119.5
SAMPLE00001657,31803.84,48085.0,2020,367.2,2500,301,SUV / Crossover,BMW,3 Series,Los Angeles,V6,Hybrid,M,FWD,True,False,36.3,39.2,74.7,79.7,118.4
SAMPLE00001658,36833.98,20247.0,2017,314.9,1500,65,SUV / Crossover,Toyota,Silverado,New York,I4,Diesel,M,FWD,True,True,36.2,41.2,58.6,70.5,108.5
SAMPLE00001659,39596.14,44427.0,2016,399.4,2500,335,Sedan,Toyota,3 Series,Houston,I6,Diesel,M,RWD,False,False,36.7,42.1,74.8,68.1,110.1
SAMPLE00001660,48032.69,85843.0,2015,204.6,3000,452,Hatchback,Nissan,Camry,Chicago,I4,Diesel,M,AWD,False,True,40.2,44.7,56.5,81.1,103.8
SAMPLE00001661,43362.37,66278.0,2013,349.9,2000,149,Sedan,Nissan,F-150,New York,I4,Hybrid,A,FWD,True,True,33.1,41.2,65.9,78.2,108.8
SAMPLE00001662,65566.56,52008.0,2013,309.3,3500,192,Truck,Toyota,F-150,New York,V6,Diesel,M,FWD,True,False,39.1,44.5,56.9,79.4,115.3
SAMPLE00001663,42332.99,111968.0,2018,307.4,3500,395,Sedan,Nissan,Civic,Los Angeles,V6,Hybrid,A,AWD,False,False,41.9,44.8,58.4,68.4,110.4
SAMPLE00001664,69568.69,134026.0,2016,197.8,3000,146,Truck,Toyota,3 Series,New York,I4,Gasoline,A,FWD,True,True,36.6,44.6,72.8,74.4,119.5
SAMPLE00001665,61828.37,113518.0,2018,335.7,3000,405,Coupe,Ford,Altima,Los Angeles,I6,Diesel,A,FWD,True,True,37.4,43.2,55.4,77.0,102.3
SAMPLE00001666,26468.08,49800.0,2022,370.1,3000,182,Truck,Honda,F-150,Chicago,I4,Hybrid,A,AWD,True,True,38.7,38.9,67.8,79.9,110.2
SAMPLE00001667,66182.74,111666.0,2012,165.6,1500,105,Sedan,Ford,3 Series,Houston,I6,Gasoline,M,RWD,False,True,35.6,42.2,57.3,82.4,110.6
SAMPLE00001668,21400.15,22797.0,2012,287.6,2000,235,Sedan,Nissan,Camry,Phoenix,I4,Hybrid,M,AWD,False,False,39.5,43.3,73.7,72.9,103.0
SAMPLE00001669,59959.73,19548.0,2016,217.6,1500,125,Truck,Honda,Silverado,Chicago,I4,Diesel,A,RWD,True,False,34.8,44.7,73.6,83.4,115.9
SAMPLE00001670,35934.28,51844.0,2013,396.9,3000,445,Sedan,Honda,Silverado,New York,V6,Hybrid,M,FWD,False,False,33.6,43.4,71.2,79.4,116.4
SAMPLE00001671,63288.59,121155.0,2019,243.6,2000,178,Truck,Toyota,Civic,Houston,I4,Diesel,M,FWD,True,False,40.2,41.8,72.4,74.8,117.9
SAMPLE00001672,62743.12,36952.0,2014,168.5,3000,431,SUV / Crossover,Chevrolet,Civic,Phoenix,I6,Hybrid,A,RWD,False,True,34.6,39.4,68.6,79.3,118.7
SAMPLE00001673,59325.9,9488.0,2012,214.6,2000,400,Hatchback,BMW,Altima,Phoenix,I4,Gasoline,A,AWD,True,True,39.6,41.2,66.2,79.2,114.9
SAMPLE00001674,58451.67,19756.0,2013,296.2,3500,12,Truck,Chevrolet,F-150,New York,I4,Diesel,A,FWD,False,False,40.8,42.5,64.4,71.6,116.8
SAMPLE00001675,31757.35,128812.0,2021,122.8,1500,230,SUV / Crossover,Honda,Altima,Phoenix,I6,Gasoline,M,AWD,False,True,33.4,40.3,70.2,68.1,101.5
SAMPLE00001676,19450.56,95067.0,2021,281.1,3000,27,SUV / Crossover,Chevrolet,F-150,Phoenix,I4,Diesel,A,RWD,False,False,39.4,41.2,63.8,70.1,107.7
SAMPLE00001677,37163.91,37980.0,2018,379.4,3000,378,SUV / Crossover,Nissan,F-150,Chicago,I4,Hybrid,M,RWD,True,True,38.8,38.1,55.1,84.2,105.7
SAMPLE00001678,24543.85,83294.0,2017,355.1,2500,322,SUV / Crossover,Honda,Camry,Chicago,I4,Gasoline,A,RWD,True,False,38.6,44.2,57.3,82.6,115.9
SAMPLE00001679,53222.31,79137.0,2019,120.3,3500,260,Truck,Ford,Civic,Phoenix,I4,Diesel,M,AWD,False,False,35.7,38.2,70.0,70.9,106.2
SAMPLE00001680,34035.48,98315.0,2018,398.0,3000,99,Sedan,Nissan,Civic,Los Angeles,I6,Gasoline,M,AWD,True,True,33.4,40.9,63.4,79.2,110.0
SAMPLE00001681,68658.56,34978.0,2021,309.6,1500,187,SUV / Crossover,Ford,Silverado,New York,I6,Gasoline,M,RWD,True,False,33.9,41.6,77.8,83.6,108.5
SAMPLE00001682,50253.46,129660.0,2019,148.7,3500,398,Coupe,Nissan,Civic,Los Angeles,I6,Diesel,A,FWD,False,False,35.5,44.8,63.1,83.6,115.2
SAMPLE00001683,60236.43,46405.0,2014,103.7,3000,336,SUV / Crossover,Toyota,Civic,Los Angeles,I6,Hybrid,A,RWD,True,False,36.7,44.5,57.5,77.6,111.5
SAMPLE00001684,22288.86,104120.0,2017,151.4,1500,299,Sedan,Nissan,Camry,Phoenix,I4,Gasoline,M,FWD,False,True,41.3,42.5,62.6,80.3,107.9
SAMPLE00001685,62410.8,2419.0,2018,351.5,2500,118,Sedan,BMW,Altima,New York,I6,Diesel,A,FWD,True,True,39.2,42.1,70.8,74.7,102.6
SAMPLE00001686,65751.65,55899.0,2021,106.5,2500,45,Hatchback,Ford,F-150,Los Angeles,I4,Gasoline,M,FWD,False,False,33.2,40.6,67.2,69.2,103.3
SAMPLE00001687,41788.41,52756.0,2022,169.9,1500,412,Hatchback,Nissan,Altima,Chicago,V6,Gasoline,M,AWD,False,False,41.3,38.3,69.0,77.0,114.4
SAMPLE00001688,48343.91,81523.0,2012,327.2,3500,67,SUV / Crossover,BMW,Camry,Chicago,I4,Hybrid,M,FWD,False,False,39.5,39.9,57.6,73.4,100.7
SAMPLE00001689,57064.54,10910.0,2012,275.8,1500,383,SUV / Crossover,Toyota,3 Series,New York,I4,Diesel,M,FWD,True,True,37.4,43.9,74.0,74.9,108.8
SAMPLE00001690,24616.12,118520.0,2018,334.8,1500,479,Hatchback,Nissan,Silverado,Los Angeles,I6,Diesel,M,RWD,False,False,37.2,42.5,75.8,71.0,114.6
SAMPLE00001691,42641.13,32667.0,2022,323.8,2500,304,SUV / Crossover,BMW,Silverado,Houston,I6,Gasoline,M,FWD,False,True,41.4,43.7,58.3,80.5,107.3
SAMPLE00001692,36926.47,101556.0,2014,115.2,2500,170,Coupe,Nissan,Silverado,Houston,I6,Hybrid,M,FWD,False,False,38.0,43.9,69.4,84.1,113.0
SAMPLE00001693,23050.57,120482.0,2014,367.8,2500,357,Truck,Ford,Altima,New York,V6,Hybrid,M,RWD,False,True,37.5,38.4,60.3,79.9,115.4
SAMPLE00001694,35214.39,84282.0,2016,168.1,3000,195,Hatchback,Ford,F-150,New York,I4,Hybrid,A,AWD,True,False,40.0,40.4,59.2,76.4,117.6
SAMPLE00001695,18749.48,111132.0,2022,266.0,3000,332,Hatchback,Chevrolet,F-150,Houston,V6,Diesel,A,FWD,True,False,38.3,42.7,59.7,75.1,104.5
SAMPLE00001696,16419.65,99279.0,2017,293.3,2000,19,Sedan,Chevrolet,F-150,Los Angeles,I4,Diesel,A,AWD,False,False,35.2,44.0,67.0,77.4,114.1
SAMPLE00001697,22434.15,53329.0,2013,150.6,3000,110,SUV / Crossover,Nissan,Silverado,Los Angeles,I4,Gasoline,M,RWD,True,False,42.0,43.6,75.4,79.1,111.2
SAMPLE00001698,67971.33,121329.0,2014,392.9,3500,145,Hatchback,Chevrolet,Silverado,Phoenix,V6,Hybrid,A,AWD,True,True,35.5,41.0,73.8,70.2,109.2
SAMPLE00001699,45224.12,44205.0,2017,246.4,3500,191,Hatchback,Nissan,Altima,New York,V6,Hybrid,M,FWD,True,False,39.1,44.5,58.3,81.4,108.4
SAMPLE00001700,68120.22,85682.0,2014,117.3,2500,432,Coupe,Nissan,Altima,Los Angeles,I4,Diesel,M,AWD,True,False,37.4,40.1,66.7,68.1,117.5
SAMPLE00001701,38787.38,111810.0,2016,381.2,1500,370,SUV / Crossover,BMW,Silverado,Houston,V6,Gasoline,A,AWD,False,True,34.1,40.6,58.5,82.4,103.6
SAMPLE00001702,32149.89,56843.0,2020,275.9,2500,425,Truck,Ford,3 Series,Houston,I6,Diesel,M,RWD,False,True,41.6,39.3,65.1,76.5,115.6
SAMPLE00001703,42837.8,45415.0,2014,309.8,1500,228,Coupe,Toyota,3 Series,Chicago,I4,Diesel,A,RWD,True,False,36.0,39.6,67.9,75.4,101.5
SAMPLE00001704,39173.14,68902.0,2022,257.6,2500,11,Truck,Honda,Altima,Los Angeles,I6,Gasoline,A,RWD,False,True,38.9,38.1,73.7,70.1,111.0
SAMPLE00001705,20811.56,122695.0,2017,350.4,2500,216,Sedan,Ford,Silverado,Phoenix,V6,Hybrid,A,RWD,False,False,39.6,40.2,74.8,77.9,103.2
SAMPLE00001706,50245.45,139488.0,2022,109.9,3500,477,Hatchback,Chevrolet,F-150,Phoenix,I6,Hybrid,M,RWD,True,True,36.6,40.1,55.6,69.5,109.2
SAMPLE00001707,26882.1,81763.0,2016,180.5,1500,78,Coupe,Nissan,F-150,New York,V6,Gasoline,A,RWD,True,False,35.3,38.5,70.9,82.7,109.6
SAMPLE00001708,49077.34,99220.0,2016,240.9,2000,374,Truck,Chevrolet,3 Series,Chicago,I6,Hybrid,M,RWD,False,True,33.5,40.4,64.4,73.1,114.6
SAMPLE00001709,50761.06,135491.0,2022,123.0,2000,35,SUV / Crossover,BMW,3 Series,Houston,V6,Gasoline,M,RWD,True,True,41.6,40.1,66.4,70.9,104.2
SAMPLE00001710,23361.37,14782.0,2017,311.8,2500,263,Sedan,Chevrolet,Silverado,Houston,I4,Gasoline,M,AWD,False,False,38.2,43.6,60.1,72.3,105.9
SAMPLE00001711,18374.23,34812.0,2017,218.1,2500,27,Sedan,BMW,Silverado,New York,I4,Diesel,M,RWD,False,True,39.4,39.1,55.8,77.1,110.0
SAMPLE00001712,57941.89,106335.0,2012,181.8,3500,371,Hatchback,Toyota,F-150,Phoenix,I4,Hybrid,M,AWD,True,True,37.2,43.1,74.2,77.5,115.1
SAMPLE00001713,40289.02,123562.0,2022,101.0,1500,85,Hatchback,Nissan,Altima,Phoenix,I4,Hybrid,M,FWD,True,False,35.1,38.9,60.3,73.8,110.9
SAMPLE00001714,18199.01,128554.0,2020,315.9,2500,187,Truck,Chevrolet,Civic,Houston,V6,Gasoline,A,RWD,True,True,42.0,41.5,75.2,81.4,115.9
SAMPLE00001715,69717.65,62266.0,2016,350.1,2000,304,Truck,BMW,Altima,New York,I6,Diesel,A,FWD,True,False,41.7,43.2,56.6,74.4,113.1
SAMPLE00001716,18177.93,13401.0,2012,218.5,1500,253,Sedan,Chevrolet,F-150,Los Angeles,I4,Diesel,M,RWD,False,False,40.7,42.2,64.4,75.4,118.4
SAMPLE00001717,53226.94,65667.0,2019,269.3,2500,421,Truck,BMW,Altima,Chicago,V6,Hybrid,A,FWD,True,True,41.2,42.5,72.1,70.2,113.4
SAMPLE00001718,69102.34,34610.0,2018,168.3,1500,79,Hatchback,Nissan,F-150,Phoenix,V6,Gasoline,M,AWD,False,True,38.2,39.4,60.9,70.3,106.9
SAMPLE00001719,28154.91,43679.0,2018,286.7,3500,185,Sedan,Nissan,Silverado,Phoenix,I4,Hybrid,A,RWD,True,False,36.3,43.8,77.3,69.7,102.0
SAMPLE00001720,22823.72,115840.0,2016,103.6,2000,4,Sedan,Ford,Civic,Phoenix,I4,Hybrid,A,AWD,True,False,36.1,44.7,69.7,70.5,114.1
SAMPLE00001721,21676.17,11329.0,2012,246.6,1500,45,SUV / Crossover,BMW,Civic,Los Angeles,V6,Diesel,A,FWD,True,True,41.4,39.1,60.0,83.3,119.7
SAMPLE00001722,31680.13,124137.0,2020,293.3,2000,353,SUV / Crossover,Honda,Silverado,Los Angeles,I6,Diesel,A,AWD,True,False,41.6,44.2,73.3,79.6,109.8
SAMPLE00001723,20557.52,64150.0,2022,375.5,2500,496,Truck,Toyota,Camry,Chicago,V6,Diesel,M,RWD,True,True,37.0,40.8,77.6,79.4,102.7
SAMPLE00001724,53068.87,89410.0,2020,214.4,3000,101,Truck,Ford,Silverado,Phoenix,I4,Diesel,A,AWD,True,True,38.5,42.9,60.7,70.5,106.4
SAMPLE00001725,18426.05,13448.0,2019,329.6,1500,458,Hatchback,Toyota,3 Series,Houston,I4,Gasoline,A,AWD,False,True,40.2,41.5,73.9,76.8,108.2
SAMPLE00001726,43018.22,50604.0,2016,279.3,2000,1,Hatchback,Ford,Altima,Phoenix,I4,Hybrid,M,FWD,False,True,39.3,43.6,77.5,76.3,102.7
SAMPLE00001727,69818.33,13455.0,2014,378.1,1500,216,SUV / Crossover,Chevrolet,Civic,Chicago,I6,Diesel,M,FWD,True,False,40.8,38.3,60.1,72.9,106.6
SAMPLE00001728,59768.36,144232.0,2019,219.5,2500,24,Sedan,BMW,Silverado,Chicago,I6,Hybrid,A,RWD,True,True,38.5,40.3,60.4,72.6,116.0
SAMPLE00001729,48837.07,121089.0,2012,195.7,2500,256,Coupe,Chevrolet,F-150,Houston,I6,Gasoline,A,FWD,True,False,38.2,38.3,71.5,81.0,106.3
SAMPLE00001730,31843.95,68945.0,2014,366.1,2000,222,Coupe,Toyota,F-150,Los Angeles,V6,Diesel,M,AWD,True,False,36.4,44.6,76.9,73.1,120.0
SAMPLE00001731,49314.27,33540.0,2022,114.8,3500,452,Truck,Nissan,Altima,Houston,V6,Gasoline,A,FWD,False,True,33.7,39.2,71.0,78.1,105.8
SAMPLE00001732,43987.28,140018.0,2018,140.9,1500,423,Coupe,Toyota,F-150,Chicago,I6,Diesel,A,RWD,False,True,33.5,41.0,66.6,83.6,102.0
SAMPLE00001733,38434.59,51689.0,2015,124.7,1500,323,Coupe,Ford,Silverado,Houston,I6,Hybrid,M,FWD,False,True,34.4,42.5,57.4,76.7,115.8
SAMPLE00001734,22189.07,24148.0,2018,352.9,2500,498,SUV / Crossover,Toyota,Camry,Phoenix,I4,Gasoline,A,RWD,False,True,33.5,41.2,76.3,78.3,102.4
SAMPLE00001735,63763.23,84475.0,2022,103.2,1500,68,Sedan,BMW,3 Series,Chicago,I4,Diesel,M,RWD,False,False,37.8,41.8,56.6,82.9,101.0
SAMPLE00001736,39738.16,141566.0,2016,358.5,2000,196,Hatchback,Toyota,F-150,Los Angeles,V6,Hybrid,M,AWD,True,True,36.6,39.4,59.9,80.3,107.9
SAMPLE00001737,25704.24,575.0,2017,235.4,3000,271,SUV / Crossover,Chevrolet,Silverado,Los Angeles,I6,Hybrid,A,AWD,True,False,33.2,38.5,65.4,68.2,118.0
SAMPLE00001738,35226.76,35719.0,2018,101.2,2500,181,Hatchback,Nissan,Camry,Houston,I6,Hybrid,M,AWD,False,False,33.2,39.8,66.5,70.5,111.4
SAMPLE00001739,37777.14,140767.0,2021,220.5,3000,446,SUV / Crossover,BMW,Civic,Houston,V6,Diesel,A,RWD,False,True,37.7,40.2,56.3,72.6,118.4
SAMPLE00001740,60514.58,25663.0,2018,156.0,1500,17,SUV / Crossover,Toyota,Civic,Houston,I6,Hybrid,A,FWD,True,True,37.9,40.9,56.9,75.3,117.5
SAMPLE00001741,55348.79,16987.0,2018,287.3,3500,106,Coupe,Honda,Altima,Phoenix,I4,Hybrid,A,FWD,True,False,33.3,40.1,57.9,72.7,101.5
SAMPLE00001742,57311.77,85528.0,2018,303.8,2000,16,Hatchback,Honda,3 Series,Los Angeles,I6,Diesel,A,RWD,True,False,39.0,38.3,55.9,75.8,101.1
SAMPLE00001743,15606.72,129277.0,2022,246.3,1500,124,SUV / Crossover,Nissan,Silverado,Chicago,V6,Gasoline,A,RWD,False,False,34.1,38.7,77.5,81.3,106.0
SAMPLE00001744,37888.47,71566.0,2018,112.2,2000,482,Coupe,Chevrolet,Silverado,Chicago,V6,Hybrid,M,FWD,True,False,37.5,42.7,60.5,84.5,117.7
SAMPLE00001745,41473.93,149185.0,2014,296.8,1500,81,Truck,Ford,F-150,Los Angeles,I6,Diesel,M,FWD,False,False,34.4,38.4,75.2,78.7,110.1
SAMPLE00001746,16055.58,101876.0,2014,352.6,1500,3,Hatchback,Ford,Camry,Houston,V6,Gasoline,M,RWD,False,True,33.4,38.3,73.0,82.8,119.2
SAMPLE00001747,29289.73,11111.0,2018,316.1,1500,114,SUV / Crossover,Nissan,3 Series,New York,I4,Hybrid,A,FWD,False,False,34.9,43.7,71.2,73.8,106.0
SAMPLE00001748,56815.94,148925.0,2013,349.0,2500,350,Truck,Toyota,Camry,Houston,I4,Diesel,M,FWD,False,False,37.2,38.3,70.1,70.3,108.9
SAMPLE00001749,22541.03,61184.0,2013,160.2,3000,350,Coupe,BMW,3 Series,Los Angeles,I4,Diesel,A,RWD,False,False,39.7,38.5,66.5,82.2,100.5
SAMPLE00001750,44442.06,43110.0,2014,366.7,3500,136,SUV / Crossover,Nissan,Silverado,Phoenix,I6,Hybrid,A,RWD,False,True,35.4,41.8,68.0,81.1,117.5
SAMPLE00001751,26836.1,83682.0,2015,196.7,3000,286,Coupe,Ford,Silverado,Houston,V6,Gasoline,M,AWD,False,False,39.2,41.1,75.5,72.0,103.2
SAMPLE00001752,15666.64,45646.0,2017,104.0,3000,388,Coupe,Honda,3 Series,Chicago,I4,Gasoline,M,AWD,False,True,40.8,44.8,72.9,77.2,119.7
SAMPLE00001753,28266.08,12969.0,2019,353.0,2000,227,Coupe,Ford,Camry,Phoenix,V6,Gasoline,M,FWD,False,False,35.4,44.6,60.3,84.9,106.1
SAMPLE00001754,68673.06,214.0,2021,382.5,2500,15,Hatchback,Honda,Altima,Los Angeles,V6,Hybrid,A,RWD,False,True,37.7,42.6,57.4,84.5,118.9
SAMPLE00001755,59084.54,67438.0,2021,296.7,2500,297,Truck,Ford,Civic,New York,V6,Hybrid,A,FWD,True,True,36.7,38.5,61.8,75.7,113.4
SAMPLE00001756,67776.72,125530.0,2018,169.4,1500,424,Truck,Chevrolet,Civic,Houston,I4,Gasoline,M,RWD,True,True,33.2,41.5,58.0,72.8,111.5
SAMPLE00001757,41831.97,85847.0,2015,175.5,3000,463,Sedan,Nissan,F-150,Phoenix,V6,Gasoline,M,FWD,True,False,36.5,38.3,77.0,73.0,102.4
SAMPLE00001758,21035.49,149881.0,2013,240.0,3500,211,SUV / Crossover,BMW,F-150,Phoenix,I4,Gasoline,A,FWD,True,False,36.4,44.4,63.8,82.9,102.1
SAMPLE00001759,45137.77,43027.0,2013,369.3,2000,245,Coupe,Nissan,Altima,Chicago,I4,Gasoline,M,RWD,True,True,38.6,42.6,59.0,79.4,105.3
SAMPLE00001760,39990.75,42068.0,2015,144.9,2500,285,SUV / Crossover,Toyota,Camry,Houston,I4,Diesel,A,AWD,True,True,40.8,42.0,69.3,78.2,107.2
SAMPLE00001761,61439.64,23962.0,2017,347.8,1500,281,Truck,Honda,Altima,New York,I6,Hybrid,A,AWD,True,False,39.0,41.0,64.2,72.6,112.3
SAMPLE00001762,20394.54,24610.0,2014,187.4,3500,176,Truck,Ford,Silverado,Phoenix,V6,Gasoline,A,RWD,False,True,36.2,41.6,60.0,74.9,103.4
SAMPLE00001763,41853.26,42778.0,2017,342.6,3000,30,Coupe,Toyota,Camry,Chicago,I6,Diesel,A,FWD,False,True,37.0,40.8,56.3,77.5,113.9
SAMPLE00001764,23252.68,118926.0,2016,376.1,3500,49,Hatchback,Honda,3 Series,Houston,I6,Gasoline,A,FWD,False,True,41.0,38.7,57.1,76.9,101.1
SAMPLE00001765,32857.18,135864.0,2016,228.2,2500,142,Coupe,Nissan,Civic,Houston,I6,Gasoline,M,FWD,False,True,38.8,42.6,68.0,68.9,117.3
SAMPLE00001766,55554.64,146263.0,2013,209.5,2000,51,Coupe,Honda,F-150,New York,I6,Diesel,M,RWD,False,True,36.5,45.0,72.3,76.3,117.5
SAMPLE00001767,41181.0,34843.0,2019,340.7,3000,232,Sedan,Chevrolet,Camry,Chicago,I4,Gasoline,M,AWD,True,True,38.4,38.8,76.3,78.4,117.9
SAMPLE00001768,35673.86,132195.0,2016,258.8,2000,165,Hatchback,Ford,Camry,New York,I4,Gasoline,A,RWD,True,True,38.8,45.0,68.5,81.4,108.5
SAMPLE00001769,36696.2,49238.0,2022,305.3,3500,37,SUV / Crossover,Nissan,3 Series,Phoenix,V6,Diesel,M,AWD,True,False,37.3,44.3,70.0,70.2,102.6
SAMPLE00001770,40269.57,16926.0,2013,286.8,3500,490,Hatchback,Toyota,Silverado,Los Angeles,V6,Diesel,M,AWD,True,True,40.8,44.3,60.6,82.0,110.2
SAMPLE00001771,58175.91,130504.0,2018,145.9,1500,443,Coupe,Ford,Silverado,Los Angeles,I4,Diesel,M,RWD,True,True,40.3,43.8,61.3,69.6,115.2
SAMPLE00001772,64064.66,95416.0,2020,353.4,3000,19,Coupe,Nissan,Civic,New York,V6,Diesel,A,AWD,True,True,37.7,44.5,64.6,76.5,105.4
SAMPLE00001773,67543.41,24710.0,2020,158.7,3500,98,Coupe,Ford,Altima,New York,V6,Diesel,M,AWD,True,False,41.6,39.7,75.0,69.4,113.3
SAMPLE00001774,58279.69,64475.0,2012,379.7,2500,214,Coupe,BMW,Altima,Los Angeles,I6,Gasoline,M,AWD,False,False,41.6,41.1,65.0,81.9,100.4
SAMPLE00001775,32347.38,43089.0,2018,175.2,2500,43,Coupe,Honda,F-150,Phoenix,I6,Hybrid,A,FWD,True,True,41.7,41.4,60.5,75.9,116.3
SAMPLE00001776,52847.41,110519.0,2020,320.2,2000,110,Hatchback,Honda,Silverado,New York,I6,Diesel,M,RWD,False,True,35.0,38.5,76.1,78.5,104.4
SAMPLE00001777,39068.17,68012.0,2017,185.4,2500,486,Coupe,BMW,Silverado,Phoenix,I6,Hybrid,M,FWD,True,False,33.9,44.9,64.5,76.5,118.2
SAMPLE00001778,29006.88,148392.0,2012,195.3,3500,88,Truck,BMW,Silverado,Phoenix,I6,Gasoline,A,RWD,False,True,38.6,42.8,56.8,75.8,110.8
SAMPLE00001779,61247.94,8212.0,2013,193.0,2500,318,Truck,Ford,Altima,Chicago,I4,Diesel,M,FWD,True,False,39.5,41.2,67.5,71.1,107.5
SAMPLE00001780,17113.45,53252.0,2015,324.4,3000,117,Sedan,Honda,Camry,Phoenix,I6,Hybrid,A,AWD,True,True,35.8,44.9,69.4,84.0,114.7
SAMPLE00001781,64596.91,72285.0,2015,267.0,2000,433,SUV / Crossover,Toyota,Silverado,Houston,I6,Hybrid,M,FWD,True,True,37.8,39.9,77.0,80.4,106.3
SAMPLE00001782,40381.26,75470.0,2013,364.9,3000,405,Truck,Chevrolet,Altima,Los Angeles,I4,Hybrid,A,FWD,True,False,38.8,40.4,73.6,77.6,114.3
SAMPLE00001783,50046.08,47390.0,2019,192.2,3500,238,Sedan,Nissan,3 Series,Los Angeles,I6,Hybrid,A,RWD,False,False,37.2,39.3,57.3,71.5,106.3
SAMPLE00001784,51264.47,109386.0,2013,307.6,3500,71,Hatchback,BMW,Altima,New York,V6,Hybrid,A,RWD,False,False,37.9,39.3,66.8,74.8,116.9
SAMPLE00001785,64231.48,131212.0,2014,325.9,2500,309,SUV / Crossover,Toyota,Civic,New York,I4,Diesel,A,FWD,False,True,33.7,39.3,65.0,73.8,119.6
SAMPLE00001786,50016.83,140808.0,2015,145.4,1500,392,Coupe,Toyota,Silverado,Chicago,V6,Diesel,M,RWD,False,True,41.9,42.3,64.0,80.8,113.2
SAMPLE00001787,48766.35,120764.0,2020,220.2,1500,398,Coupe,Ford,F-150,Chicago,V6,Diesel,A,AWD,False,True,36.4,40.1,58.2,71.3,110.8
SAMPLE00001788,18665.86,127587.0,2021,244.8,3500,303,Hatchback,BMW,Camry,Houston,I4,Hybrid,A,AWD,False,True,34.8,44.7,63.6,79.3,109.2
SAMPLE00001789,43512.44,82582.0,2012,206.7,3500,403,SUV / Crossover,Toyota,3 Series,New York,I4,Hybrid,M,AWD,True,True,37.3,43.7,65.8,83.3,118.6
SAMPLE00001790,23259.3,123883.0,2019,196.6,2000,162,Truck,Chevrolet,Altima,Los Angeles,I6,Gasoline,M,RWD,True,True,35.9,39.1,60.0,82.3,108.8
SAMPLE00001791,55558.86,45526.0,2016,305.9,3500,250,SUV / Crossover,Toyota,Civic,Houston,I4,Hybrid,M,RWD,False,True,36.5,43.8,68.2,73.8,116.2
SAMPLE00001792,43172.21,59772.0,2018,164.8,3500,356,Sedan,Chevrolet,Camry,New York,I4,Gasoline,A,FWD,False,False,38.1,40.4,60.1,70.6,100.1
SAMPLE00001793,52412.53,47537.0,2019,312.8,2000,194,Hatchback,Chevrolet,3 Series,Houston,I6,Gasoline,M,RWD,False,True,35.5,39.6,57.8,74.2,117.8
SAMPLE00001794,17292.01,70108.0,2016,380.5,3000,59,Truck,Chevrolet,Camry,Phoenix,I6,Diesel,A,FWD,False,False,39.0,43.5,77.6,74.7,107.7
SAMPLE00001795,19663.56,42837.0,2019,269.6,3000,97,SUV / Crossover,BMW,Civic,Phoenix,I4,Hybrid,M,RWD,True,True,36.9,44.0,70.8,77.1,105.6
SAMPLE00001796,54397.79,144242.0,2021,283.4,2000,417,SUV / Crossover,Chevrolet,Civic,Houston,I6,Hybrid,M,RWD,False,False,33.8,44.7,68.7,68.8,103.0
SAMPLE00001797,18964.64,46927.0,2022,120.7,2000,355,Truck,BMW,Silverado,New York,I6,Gasoline,M,FWD,True,False,41.0,40.9,62.5,76.7,101.4
SAMPLE00001798,18919.12,14707.0,2019,359.3,3000,354,Sedan,Toyota,F-150,Phoenix,I6,Gasoline,A,AWD,True,True,37.3,41.9,59.8,78.3,117.6
SAMPLE00001799,15665.97,79023.0,2020,185.6,3000,72,Sedan,Chevrolet,Silverado,Phoenix,V6,Hybrid,A,RWD,True,True,41.3,42.3,58.0,84.0,106.6
SAMPLE00001800,67607.58,8565.0,2013,284.5,3000,221,SUV / Crossover,Honda,Altima,Houston,I6,Gasoline,A,FWD,True,True,36.4,42.4,56.4,80.3,119.4
SAMPLE00001801,55562.96,16581.0,2014,393.7,3000,118,Coupe,Toyota,Camry,Phoenix,V6,Hybrid,A,RWD,False,True,37.9,40.8,71.1,68.5,108.4
SAMPLE00001802,34428.83,32908.0,2012,278.7,2500,181,Truck,Nissan,Silverado,Los Angeles,I4,Hybrid,A,RWD,True,True,40.9,39.1,61.4,71.0,119.0
SAMPLE00001803,31309.46,69653.0,2015,317.4,2000,383,Sedan,Honda,Civic,Phoenix,V6,Gasoline,A,RWD,False,False,37.2,38.5,62.3,76.1,113.2
SAMPLE00001804,34233.68,64988.0,2016,233.6,1500,217,Sedan,Honda,Civic,Houston,V6,Diesel,A,RWD,False,True,38.7,44.3,58.7,84.6,103.1
SAMPLE00001805,57605.94,119954.0,2022,118.1,2500,255,Sedan,Ford,Civic,Phoenix,V6,Hybrid,A,RWD,False,True,35.2,40.6,57.7,78.2,106.1
SAMPLE00001806,51375.38,110921.0,2012,339.3,1500,395,Hatchback,BMW,Silverado,Phoenix,V6,Gasoline,A,FWD,True,False,35.1,39.3,66.4,82.4,118.8
SAMPLE00001807,25185.76,63948.0,2019,110.5,1500,87,Coupe,Ford,Altima,Chicago,V6,Gasoline,A,RWD,False,True,37.9,44.9,71.7,69.8,108.6
SAMPLE00001808,24576.01,50056.0,2013,310.2,3500,360,Sedan,BMW,Altima,Houston,V6,Gasoline,A,FWD,False,False,38.5,43.6,77.8,75.4,101.1
SAMPLE00001809,20411.76,47470.0,2012,106.9,2000,274,Coupe,Ford,3 Series,Houston,I4,Hybrid,A,FWD,False,False,38.9,44.9,62.8,68.4,106.8
SAMPLE00001810,51316.65,116099.0,2013,358.7,2500,491,SUV / Crossover,Toyota,Silverado,Chicago,I4,Hybrid,M,AWD,True,True,39.9,40.0,70.3,72.2,117.5
SAMPLE00001811,57040.5,7811.0,2016,147.3,2000,335,SUV / Crossover,Honda,Silverado,Chicago,I4,Hybrid,M,FWD,False,False,41.3,41.2,57.7,81.8,120.0
SAMPLE00001812,29577.55,1923.0,2020,254.3,3000,25,Hatchback,Toyota,Silverado,Los Angeles,V6,Gasoline,M,FWD,True,True,35.2,43.7,67.8,78.6,100.6
SAMPLE00001813,16151.97,119332.0,2020,279.1,2000,406,Coupe,BMW,Silverado,Phoenix,I6,Diesel,M,AWD,False,False,38.6,41.9,66.9,72.8,109.4
SAMPLE00001814,19519.44,71572.0,2013,237.3,1500,120,Truck,Honda,Civic,New York,V6,Diesel,A,RWD,True,False,37.0,40.5,55.7,82.3,104.9
SAMPLE00001815,68232.3,19632.0,2013,202.2,3000,288,Hatchback,Honda,F-150,New York,I4,Hybrid,M,AWD,True,False,33.8,39.1,66.1,80.5,119.6
SAMPLE00001816,31249.46,35335.0,2014,240.3,2000,361,Sedan,BMW,Silverado,Chicago,V6,Hybrid,M,RWD,False,True,37.1,41.9,66.4,76.5,107.7
SAMPLE00001817,57307.27,139876.0,2018,193.4,2000,440,SUV / Crossover,Toyota,Silverado,Houston,I4,Hybrid,A,RWD,True,True,40.1,42.2,63.6,68.8,118.7
SAMPLE00001818,49356.5,128925.0,2022,231.4,1500,29,SUV / Crossover,Honda,F-150,Houston,I6,Diesel,A,FWD,False,True,33.7,43.0,68.2,83.4,112.2
SAMPLE00001819,36006.68,106468.0,2014,207.7,3000,406,Truck,Nissan,Silverado,Los Angeles,I6,Diesel,M,RWD,False,False,38.5,43.5,56.0,79.4,117.8
SAMPLE00001820,26312.8,72334.0,2012,269.9,1500,201,Hatchback,Toyota,F-150,New York,I4,Hybrid,M,AWD,False,False,36.7,38.8,74.4,81.8,119.0
SAMPLE00001821,21676.25,78049.0,2017,171.4,2000,381,Coupe,Toyota,Civic,Houston,I4,Gasoline,A,AWD,False,False,38.9,42.4,67.0,83.9,102.1
SAMPLE00001822,48825.71,146287.0,2014,396.6,2500,35,SUV / Crossover,Toyota,3 Series,Los Angeles,V6,Diesel,M,RWD,False,True,40.4,43.5,55.7,70.4,104.0
SAMPLE00001823,57604.86,144866.0,2012,250.3,2500,124,Sedan,Honda,Silverado,Los Angeles,V6,Hybrid,A,AWD,False,False,37.9,40.7,77.6,80.8,105.3
SAMPLE00001824,50414.73,32290.0,2015,158.2,3500,222,Truck,Chevrolet,3 Series,Chicago,V6,Diesel,M,AWD,False,True,35.7,39.9,63.8,70.6,110.7
SAMPLE00001825,44166.62,121666.0,2012,243.1,2500,234,Truck,Ford,Silverado,New York,I6,Gasoline,A,FWD,True,False,33.8,41.4,77.7,76.8,104.8
SAMPLE00001826,17307.32,29586.0,2012,359.9,3000,123,Truck,BMW,Camry,Los Angeles,I6,Gasoline,A,FWD,False,False,35.6,40.2,59.1,80.4,118.7
SAMPLE00001827,68266.88,32031.0,2013,106.5,3500,469,Sedan,Toyota,Altima,Los Angeles,I6,Diesel,M,FWD,False,False,36.3,41.6,55.7,76.8,103.6
SAMPLE00001828,58929.28,101414.0,2021,303.9,3000,170,Truck,Honda,Camry,Los Angeles,V6,Hybrid,M,RWD,True,False,38.8,40.2,71.4,76.0,103.4
SAMPLE00001829,31105.21,60750.0,2019,264.4,2500,490,Coupe,BMW,Civic,New York,I4,Diesel,M,FWD,True,False,36.5,41.0,76.7,72.8,103.0
SAMPLE00001830,68898.37,139732.0,2013,150.9,2500,485,Coupe,Chevrolet,3 Series,Chicago,I4,Hybrid,A,AWD,True,True,36.6,44.4,56.8,81.1,108.7
SAMPLE00001831,48103.49,13351.0,2022,345.2,2000,494,Hatchback,Nissan,3 Series,Phoenix,V6,Diesel,M,FWD,True,False,35.6,44.4,71.9,69.5,100.9
SAMPLE00001832,47033.25,76729.0,2013,210.7,3000,449,Hatchback,Chevrolet,F-150,Houston,V6,Gasoline,A,AWD,True,False,36.3,44.9,56.6,71.9,113.6
SAMPLE00001833,56144.02,137778.0,2022,188.1,1500,180,Coupe,Honda,F-150,New York,I4,Diesel,A,FWD,False,False,35.4,41.4,73.3,68.8,105.0
SAMPLE00001834,59647.34,135617.0,2022,348.4,2000,214,Sedan,Toyota,Silverado,New York,I4,Hybrid,M,AWD,False,False,39.6,39.2,68.4,71.0,118.7
SAMPLE00001835,51106.32,23479.0,2021,291.6,3000,117,Hatchback,Chevrolet,F-150,New York,I6,Hybrid,M,FWD,False,False,41.8,44.2,73.0,74.9,103.6
SAMPLE00001836,22045.27,54996.0,2021,369.5,3500,226,Truck,Chevrolet,F-150,Phoenix,V6,Gasoline,A,FWD,False,True,39.6,42.2,63.5,68.5,101.6
SAMPLE00001837,33604.71,92868.0,2019,289.0,3000,378,Coupe,Chevrolet,3 Series,Houston,I6,Hybrid,M,FWD,True,True,33.7,43.2,75.8,71.9,108.0
SAMPLE00001838,66044.6,23909.0,2017,322.2,3500,443,SUV / Crossover,Nissan,Camry,Houston,I6,Hybrid,A,FWD,True,True,38.7,39.1,62.0,68.7,104.9
SAMPLE00001839,27353.86,145203.0,2022,350.9,3500,36,Sedan,Honda,3 Series,Los Angeles,I4,Gasoline,A,AWD,False,False,39.3,40.2,61.5,82.9,117.4
SAMPLE00001840,35469.19,137212.0,2015,116.4,2500,316,Sedan,BMW,F-150,Los Angeles,V6,Hybrid,M,FWD,False,True,40.0,39.9,77.1,83.1,110.4
SAMPLE00001841,38764.23,25043.0,2014,332.8,1500,95,Coupe,Ford,Silverado,Chicago,I4,Hybrid,A,RWD,False,False,39.9,41.9,57.8,79.9,109.5
SAMPLE00001842,39167.27,18173.0,2012,284.1,3000,119,SUV / Crossover,Honda,Camry,New York,I6,Diesel,A,FWD,False,False,37.6,45.0,68.6,78.1,115.6
SAMPLE00001843,48711.68,12811.0,2022,120.9,1500,490,Sedan,Toyota,F-150,Chicago,V6,Diesel,M,FWD,True,False,35.4,42.3,68.2,81.5,113.1
SAMPLE00001844,66869.17,136417.0,2014,252.6,3500,436,Hatchback,Honda,F-150,New York,I6,Diesel,A,RWD,True,True,34.1,42.0,60.4,72.8,100.2
SAMPLE00001845,28238.1,29044.0,2020,124.7,2500,11,SUV / Crossover,Honda,Altima,Houston,I6,Diesel,A,AWD,False,False,33.1,43.3,62.3,80.6,113.7
SAMPLE00001846,21682.58,62443.0,2016,320.8,1500,121,Truck,Nissan,Silverado,Chicago,I4,Diesel,A,RWD,True,True,33.0,40.3,61.6,73.6,114.2
SAMPLE00001847,25860.88,67328.0,2017,264.0,2000,34,Hatchback,Ford,Silverado,Houston,V6,Diesel,M,AWD,False,True,41.4,39.8,74.5,75.5,103.5
SAMPLE00001848,63780.87,89852.0,2016,386.1,3500,488,SUV / Crossover,Ford,F-150,Los Angeles,V6,Diesel,M,RWD,True,False,38.5,43.9,64.0,84.7,114.2
SAMPLE00001849,50519.59,10760.0,2012,154.9,2000,250,Coupe,Ford,F-150,Houston,V6,Gasoline,A,RWD,True,False,38.2,44.7,63.3,82.4,119.9
SAMPLE00001850,30724.87,34014.0,2021,281.8,1500,66,Sedan,BMW,3 Series,Phoenix,V6,Diesel,M,RWD,True,False,36.4,40.9,69.6,75.1,105.9
SAMPLE00001851,59877.08,139724.0,2012,163.5,1500,481,Hatchback,Honda,Civic,Chicago,I6,Hybrid,M,AWD,True,False,40.2,38.3,66.4,83.4,100.8
SAMPLE00001852,62375.35,136262.0,2015,284.2,1500,37,Coupe,Nissan,Silverado,New York,I4,Gasoline,M,FWD,False,True,35.0,39.3,64.8,69.7,117.0
SAMPLE00001853,61558.29,117194.0,2014,316.8,3000,279,SUV / Crossover,Toyota,Silverado,Houston,V6,Diesel,M,FWD,False,True,39.6,44.0,71.3,83.3,104.1
SAMPLE00001854,65540.96,2910.0,2022,316.7,3500,229,Truck,Ford,Altima,Chicago,I6,Diesel,A,RWD,False,False,36.3,38.9,64.5,83.1,115.6
SAMPLE00001855,28873.26,49051.0,2019,344.5,3500,336,Sedan,Ford,3 Series,New York,I4,Hybrid,M,AWD,False,True,39.4,43.3,60.1,79.0,108.1
SAMPLE00001856,56527.31,94194.0,2018,356.1,3500,167,Sedan,Honda,Camry,Chicago,I4,Gasoline,M,AWD,True,False,39.4,42.3,72.1,73.5,118.1
SAMPLE00001857,40329.67,41279.0,2022,123.2,3000,448,Hatchback,Toyota,Altima,Chicago,I4,Hybrid,A,FWD,False,True,35.8,43.1,56.6,82.0,118.8
SAMPLE00001858,61309.92,136438.0,2018,203.0,1500,440,Coupe,Nissan,Altima,Phoenix,V6,Hybrid,A,AWD,False,True,41.4,39.8,78.0,72.6,107.9
SAMPLE00001859,55066.99,95083.0,2019,306.1,1500,327,SUV / Crossover,Ford,Camry,Houston,I6,Gasoline,M,AWD,False,True,37.6,38.1,68.7,70.4,119.6
SAMPLE00001860,57704.61,10786.0,2021,249.6,2000,245,SUV / Crossover,Honda,Camry,Phoenix,I4,Hybrid,A,RWD,False,True,35.3,38.3,60.0,77.4,100.6
SAMPLE00001861,51088.9,136351.0,2018,157.2,3000,78,Coupe,Chevrolet,Silverado,Los Angeles,I4,Gasoline,M,AWD,True,True,39.1,43.1,59.6,70.2,111.4
SAMPLE00001862,24758.58,143665.0,2021,265.8,2500,113,Sedan,Nissan,Civic,Chicago,I4,Hybrid,A,AWD,False,False,39.8,42.3,61.3,74.1,114.8
SAMPLE00001863,44976.48,11657.0,2013,222.2,3000,300,Coupe,BMW,Civic,Houston,I6,Gasoline,A,RWD,True,True,41.6,43.9,75.2,77.9,108.6
SAMPLE00001864,69156.84,79854.0,2015,217.0,2000,216,SUV / Crossover,Nissan,3 Series,Los Angeles,I6,Diesel,M,FWD,True,False,33.7,40.8,74.0,71.5,113.2
SAMPLE00001865,66556.34,45505.0,2022,342.9,2000,199,Coupe,Honda,Camry,Los Angeles,V6,Gasoline,M,FWD,True,True,37.9,41.9,58.3,75.0,106.1
SAMPLE00001866,17374.56,58926.0,2017,222.3,2000,380,Sedan,Ford,Camry,Phoenix,V6,Hybrid,M,AWD,True,True,37.4,43.5,68.8,73.2,101.5
SAMPLE00001867,24064.81,26948.0,2014,107.9,1500,499,Hatchback,Nissan,F-150,Los Angeles,I6,Hybrid,A,RWD,True,False,35.8,41.5,76.0,70.6,116.7
SAMPLE00001868,22245.08,86711.0,2014,117.4,2500,351,Sedan,Toyota,3 Series,New York,V6,Diesel,M,FWD,False,False,39.9,45.0,71.9,78.8,105.9
SAMPLE00001869,54928.9,143697.0,2017,356.9,2000,241,Truck,Chevrolet,Altima,New York,I6,Diesel,A,AWD,True,True,34.7,43.2,68.5,78.2,103.9
SAMPLE00001870,59978.19,75461.0,2012,388.2,3500,12,Truck,Toyota,Altima,New York,V6,Diesel,A,FWD,True,False,35.9,42.8,59.8,77.5,104.0
SAMPLE00001871,26743.13,12437.0,2012,306.5,1500,365,Coupe,Toyota,3 Series,Los Angeles,V6,Gasoline,A,AWD,True,False,39.9,43.6,76.7,83.8,116.5
SAMPLE00001872,42821.9,93000.0,2016,209.3,2500,206,Sedan,Toyota,Silverado,Chicago,I6,Gasoline,M,FWD,False,True,37.3,43.4,75.5,83.8,101.3
SAMPLE00001873,61238.67,51033.0,2012,381.6,3500,261,Sedan,Honda,Silverado,Houston,I4,Gasoline,A,RWD,True,False,34.2,39.5,62.4,77.7,110.0
SAMPLE00001874,55304.08,128389.0,2021,298.8,2500,96,SUV / Crossover,Honda,3 Series,New York,I4,Gasoline,M,RWD,False,True,41.0,39.5,66.4,80.6,103.9
SAMPLE00001875,44823.05,65202.0,2019,353.3,2500,70,Hatchback,Nissan,Civic,New York,V6,Gasoline,A,FWD,True,True,39.6,42.2,56.9,81.7,113.0
SAMPLE00001876,47469.12,28926.0,2013,329.8,3500,480,Sedan,BMW,3 Series,New York,I4,Hybrid,A,RWD,False,False,38.1,41.1,69.5,69.9,116.0
SAMPLE00001877,42959.83,28666.0,2017,213.7,3000,302,Coupe,Chevrolet,Civic,Phoenix,I4,Hybrid,A,FWD,True,False,38.5,44.1,56.3,82.4,111.2
SAMPLE00001878,31365.16,115315.0,2021,243.6,2500,348,SUV / Crossover,Nissan,Silverado,Phoenix,V6,Hybrid,A,FWD,False,True,38.6,40.0,75.8,68.1,112.3
SAMPLE00001879,46076.21,39838.0,2021,155.8,3000,229,SUV / Crossover,Toyota,3 Series,New York,I4,Gasoline,A,RWD,False,False,37.5,40.3,75.2,68.0,112.5
SAMPLE00001880,52888.69,115085.0,2016,187.6,2500,356,Coupe,Nissan,Civic,New York,I6,Diesel,M,AWD,False,True,39.7,39.2,61.5,73.3,111.5
SAMPLE00001881,63032.76,30883.0,2021,333.4,3500,299,Coupe,Ford,F-150,Phoenix,I6,Hybrid,A,RWD,False,True,39.4,44.9,72.1,81.5,104.4
SAMPLE00001882,49996.02,48253.0,2015,368.2,2500,31,Sedan,Nissan,F-150,Houston,I4,Hybrid,M,AWD,True,False,33.0,38.8,65.1,83.7,113.1
SAMPLE00001883,56861.68,69823.0,2012,317.3,2000,249,Sedan,Nissan,3 Series,Chicago,I6,Gasoline,M,AWD,False,True,34.0,44.9,74.4,74.8,115.5
SAMPLE00001884,23803.94,141479.0,2014,239.6,2000,253,SUV / Crossover,Toyota,Camry,Houston,I6,Gasoline,M,AWD,False,True,33.2,42.9,56.4,78.7,116.5
SAMPLE00001885,40385.66,139760.0,2015,126.0,2500,258,SUV / Crossover,Nissan,3 Series,Chicago,I4,Gasoline,A,FWD,True,True,34.5,38.6,66.6,76.0,101.6
SAMPLE00001886,15513.24,31031.0,2013,117.1,3500,181,Hatchback,Chevrolet,Silverado,Los Angeles,I6,Hybrid,M,AWD,True,True,33.7,39.1,64.1,72.8,108.0
SAMPLE00001887,28567.34,53733.0,2013,212.3,3500,339,SUV / Crossover,Toyota,Silverado,Los Angeles,V6,Diesel,A,AWD,False,True,34.7,40.3,61.0,82.8,107.4
SAMPLE00001888,54955.39,22410.0,2013,239.1,1500,461,Coupe,Honda,F-150,Houston,V6,Gasoline,A,RWD,True,True,37.8,39.8,59.8,78.0,118.5
SAMPLE00001889,69549.55,76498.0,2022,282.7,3500,475,Coupe,Honda,Civic,Phoenix,V6,Gasoline,M,FWD,False,False,39.0,44.8,70.6,79.7,113.2
SAMPLE00001890,20454.8,69087.0,2012,101.9,3000,165,Hatchback,Nissan,F-150,New York,I4,Diesel,A,FWD,False,False,41.3,42.3,59.6,78.5,109.5
SAMPLE00001891,37082.19,135114.0,2021,396.9,2500,3,Truck,Nissan,Civic,Los Angeles,I6,Diesel,A,AWD,False,False,39.7,38.5,69.5,69.4,119.2
SAMPLE00001892,59003.9,139501.0,2013,209.2,2000,462,Truck,Chevrolet,3 Series,Phoenix,I4,Diesel,A,RWD,True,True,33.3,41.7,64.0,82.1,103.2
SAMPLE00001893,26221.96,57535.0,2017,354.4,3500,144,Coupe,BMW,Camry,Phoenix,I4,Gasoline,A,AWD,True,True,37.2,44.3,60.6,68.7,107.2
SAMPLE00001894,45529.67,73761.0,2014,260.5,2000,164,Truck,Toyota,Silverado,Chicago,I6,Gasoline,A,FWD,False,False,39.1,40.9,73.0,79.7,112.6
SAMPLE00001895,55318.92,134435.0,2021,139.1,1500,343,Truck,Chevrolet,3 Series,Los Angeles,I6,Hybrid,M,RWD,False,True,35.8,42.7,63.4,70.4,110.2
SAMPLE00001896,48879.2,121006.0,2016,339.3,2500,485,Hatchback,Nissan,F-150,Houston,I6,Hybrid,M,FWD,False,True,36.3,43.4,55.3,77.3,111.8
SAMPLE00001897,25341.36,548.0,2012,312.9,3500,361,SUV / Crossover,Nissan,Altima,Phoenix,I4,Hybrid,A,FWD,True,False,40.2,39.3,74.6,70.2,115.2
SAMPLE00001898,34546.15,48009.0,2019,258.2,2000,104,SUV / Crossover,Nissan,Altima,Houston,I4,Hybrid,A,FWD,True,True,33.4,44.0,62.2,84.5,113.9
SAMPLE00001899,58108.55,63266.0,2015,254.4,3500,35,Truck,Nissan,3 Series,Houston,V6,Hybrid,M,FWD,True,False,37.9,41.1,73.9,75.4,113.1
SAMPLE00001900,45482.46,34457.0,2020,126.2,1500,313,Sedan,Ford,Camry,Los Angeles,I4,Hybrid,M,FWD,True,True,40.2,38.4,67.6,81.5,114.3
SAMPLE00001901,15287.63,29936.0,2015,296.8,2000,168,Hatchback,Nissan,Civic,Houston,I6,Gasoline,M,RWD,False,False,40.2,44.2,75.3,81.5,115.6
SAMPLE00001902,56854.49,5668.0,2013,373.4,2000,7,Truck,Nissan,Camry,Houston,I4,Hybrid,A,RWD,False,False,34.1,42.0,64.6,70.1,104.2
SAMPLE00001903,16942.12,96505.0,2014,128.0,2500,450,Sedan,Ford,F-150,New York,V6,Gasoline,M,FWD,False,True,40.6,39.4,58.9,77.6,113.8
SAMPLE00001904,56015.36,39377.0,2016,179.1,2500,413,Sedan,BMW,Camry,Houston,I6,Gasoline,M,AWD,False,True,33.7,40.2,55.4,85.0,113.3
SAMPLE00001905,26136.43,7852.0,2021,370.7,2000,85,Hatchback,Honda,Silverado,New York,V6,Diesel,M,AWD,True,False,41.3,42.0,72.9,74.5,114.1
SAMPLE00001906,67694.04,34647.0,2017,185.3,2500,435,SUV / Crossover,Nissan,Altima,Los Angeles,I4,Gasoline,A,FWD,False,True,34.9,40.6,72.9,69.6,104.9
SAMPLE00001907,35236.74,120287.0,2018,296.2,2000,96,Coupe,Nissan,Camry,Houston,I4,Gasoline,M,RWD,True,False,34.0,39.6,59.5,81.0,105.6
SAMPLE00001908,32981.24,127723.0,2015,260.4,3000,408,Sedan,Chevrolet,3 Series,Phoenix,V6,Gasoline,A,AWD,True,False,33.7,41.4,77.0,78.1,115.4
SAMPLE00001909,23188.84,72460.0,2018,278.9,3500,435,Coupe,Toyota,Civic,Houston,V6,Diesel,A,RWD,True,True,36.1,39.3,76.8,80.1,107.6
SAMPLE00001910,31808.23,62411.0,2021,224.7,3000,314,Coupe,Chevrolet,Silverado,New York,I6,Gasoline,A,RWD,False,False,36.1,39.7,63.4,77.0,118.5
SAMPLE00001911,63215.79,146678.0,2014,190.0,3000,29,Hatchback,Nissan,Silverado,Phoenix,I6,Diesel,A,AWD,False,False,37.7,43.8,58.4,72.6,102.3
SAMPLE00001912,69798.39,30085.0,2018,114.6,3500,100,SUV / Crossover,BMW,Silverado,Los Angeles,V6,Hybrid,A,AWD,False,True,39.6,39.6,61.5,76.0,103.4
SAMPLE00001913,35257.02,32304.0,2015,323.3,2000,66,Hatchback,Chevrolet,F-150,Chicago,I6,Gasoline,M,RWD,False,True,37.6,42.9,76.4,78.0,103.7
SAMPLE00001914,39673.58,43780.0,2019,323.8,2000,387,Sedan,BMW,F-150,Chicago,V6,Hybrid,A,AWD,False,False,41.8,39.8,69.0,72.0,105.7
SAMPLE00001915,54713.9,25914.0,2020,301.2,2500,348,SUV / Crossover,BMW,3 Series,New York,V6,Gasoline,A,FWD,True,False,34.9,39.5,76.0,82.5,118.0
SAMPLE00001916,63740.77,56905.0,2018,293.1,1500,440,Truck,Nissan,Civic,Los Angeles,I4,Diesel,M,AWD,False,True,34.9,39.8,55.5,75.0,107.5
SAMPLE00001917,47617.44,136625.0,2019,173.1,2000,62,SUV / Crossover,BMW,Camry,Los Angeles,V6,Hybrid,M,RWD,False,False,39.3,41.3,77.8,80.2,109.2
SAMPLE00001918,36533.91,92302.0,2019,106.7,3500,31,Hatchback,Chevrolet,3 Series,Houston,I6,Gasoline,A,RWD,False,True,35.8,39.0,69.4,84.0,108.5
SAMPLE00001919,37694.2,61792.0,2013,342.6,1500,86,Hatchback,Ford,F-150,Chicago,V6,Gasoline,M,RWD,False,False,34.5,38.7,59.3,75.1,116.1
SAMPLE00001920,53259.0,140162.0,2020,247.3,3500,210,Coupe,Toyota,3 Series,Houston,I4,Diesel,M,RWD,True,False,40.1,43.3,66.7,75.8,107.5
SAMPLE00001921,15177.0,7270.0,2017,192.1,3500,462,Truck,BMW,Civic,Los Angeles,I6,Gasoline,A,RWD,True,True,35.0,38.2,73.9,71.1,116.6
SAMPLE00001922,49077.41,31541.0,2022,130.6,3500,50,SUV / Crossover,Nissan,3 Series,New York,V6,Hybrid,A,RWD,True,False,39.7,40.7,58.2,74.4,109.6
SAMPLE00001923,34552.12,84883.0,2015,118.8,1500,62,Truck,Honda,Altima,New York,I4,Diesel,M,FWD,False,False,34.9,40.8,69.0,77.0,104.9
SAMPLE00001924,58680.85,92333.0,2016,204.7,3000,79,Coupe,BMW,Altima,Phoenix,I6,Hybrid,M,RWD,True,True,41.5,44.3,71.0,71.9,108.6
SAMPLE00001925,20114.49,5934.0,2021,341.4,3500,342,Truck,Chevrolet,Silverado,New York,I4,Hybrid,A,RWD,False,False,35.7,43.4,64.5,68.4,107.9
SAMPLE00001926,47351.12,60456.0,2016,375.6,2500,231,Truck,BMW,Camry,Chicago,I4,Gasoline,M,FWD,True,False,39.7,41.6,67.5,72.4,104.8
SAMPLE00001927,41453.51,97373.0,2018,369.0,2000,365,SUV / Crossover,Honda,F-150,Phoenix,I6,Gasoline,M,RWD,False,True,40.6,41.4,74.3,79.6,102.4
SAMPLE00001928,50327.9,104711.0,2020,376.0,2000,100,Truck,Ford,F-150,Chicago,I4,Diesel,A,RWD,False,False,34.1,42.0,76.9,82.6,116.8
SAMPLE00001929,18566.95,95721.0,2018,372.3,2000,128,Coupe,Chevrolet,Altima,Houston,I4,Diesel,A,FWD,True,True,33.6,40.5,67.7,70.2,110.3
SAMPLE00001930,46899.11,48084.0,2020,258.2,1500,18,Sedan,Chevrolet,Civic,Houston,I4,Diesel,A,AWD,True,False,38.4,42.9,71.2,79.4,104.9
SAMPLE00001931,45881.65,14028.0,2015,165.8,2500,356,Sedan,Nissan,Civic,New York,I6,Hybrid,M,AWD,True,False,38.6,42.8,62.4,73.8,108.5
SAMPLE00001932,45836.31,64067.0,2021,339.4,2500,418,Hatchback,Chevrolet,Civic,Phoenix,I4,Hybrid,M,RWD,False,False,38.6,42.0,62.7,73.1,112.1
SAMPLE00001933,48191.82,19313.0,2021,164.1,2500,446,Sedan,Honda,F-150,Chicago,V6,Hybrid,A,AWD,False,True,37.1,38.4,75.4,75.4,114.4
SAMPLE00001934,52205.74,142144.0,2015,180.2,2500,93,SUV / Crossover,Chevrolet,Silverado,Chicago,I4,Hybrid,M,AWD,False,False,41.4,38.9,57.3,82.8,112.4
SAMPLE00001935,59274.39,71276.0,2017,170.0,2500,80,Hatchback,Ford,Camry,Los Angeles,V6,Gasoline,M,FWD,False,False,39.2,38.3,59.7,77.9,104.7
SAMPLE00001936,29840.14,47589.0,2019,254.5,3000,102,Sedan,Toyota,Civic,New York,I4,Diesel,A,AWD,False,False,33.7,43.0,61.2,78.9,102.2
SAMPLE00001937,60377.72,114946.0,2020,196.5,2500,368,Sedan,Toyota,F-150,Houston,V6,Gasoline,M,RWD,True,False,40.1,41.3,57.2,69.9,101.5
SAMPLE00001938,42404.06,74692.0,2012,146.2,2500,153,Hatchback,BMW,Silverado,Los Angeles,I6,Gasoline,A,FWD,False,False,35.5,44.7,70.4,70.1,102.2
SAMPLE00001939,19238.21,46505.0,2012,236.0,1500,268,SUV / Crossover,Toyota,Civic,Houston,I4,Hybrid,A,AWD,False,False,39.5,44.7,75.8,76.5,106.9
SAMPLE00001940,18220.3,121795.0,2019,362.2,1500,117,Hatchback,Honda,Civic,Houston,V6,Diesel,M,RWD,True,True,33.5,43.6,55.6,80.2,107.1
SAMPLE00001941,33383.11,130073.0,2022,271.2,2500,341,SUV / Crossover,Toyota,Camry,Chicago,I6,Hybrid,M,FWD,True,True,39.9,41.1,60.8,71.3,119.6
SAMPLE00001942,58169.33,100951.0,2018,363.5,3000,493,SUV / Crossover,Honda,Altima,Houston,I4,Hybrid,M,RWD,False,False,37.9,40.2,76.2,77.3,100.5
SAMPLE00001943,53922.45,7045.0,2020,158.8,2500,278,Coupe,Honda,Camry,Phoenix,I4,Diesel,A,AWD,False,True,39.5,39.4,65.7,83.6,112.6
SAMPLE00001944,58373.82,84948.0,2022,150.1,2500,491,Sedan,BMW,3 Series,Houston,I4,Diesel,A,RWD,False,True,37.4,39.6,75.4,76.7,110.2
SAMPLE00001945,43449.8,114494.0,2014,272.7,2500,362,Sedan,Toyota,Altima,Phoenix,I6,Gasoline,M,AWD,False,False,40.2,44.9,76.7,76.2,102.9
SAMPLE00001946,39210.94,20475.0,2021,239.0,3500,224,Truck,BMW,Altima,Houston,I6,Hybrid,A,AWD,False,False,41.5,41.7,77.8,77.9,119.0
SAMPLE00001947,23109.89,34301.0,2016,298.1,3000,474,Hatchback,Chevrolet,Altima,Los Angeles,V6,Hybrid,M,AWD,True,False,39.7,38.1,64.1,79.8,116.2
SAMPLE00001948,33050.6,132374.0,2014,338.4,2000,418,Coupe,Ford,Civic,Chicago,I4,Hybrid,M,AWD,False,True,39.7,38.3,62.9,73.1,104.4
SAMPLE00001949,38871.07,3018.0,2016,325.4,2500,267,Sedan,Toyota,3 Series,Los Angeles,V6,Diesel,M,AWD,True,False,35.0,41.2,72.2,73.7,105.8
SAMPLE00001950,19873.02,112909.0,2021,382.7,2000,136,Truck,Chevrolet,F-150,Chicago,V6,Hybrid,M,FWD,True,True,36.2,41.1,68.7,70.7,104.0
SAMPLE00001951,27133.66,71066.0,2012,219.5,3000,225,Coupe,Nissan,Camry,Los Angeles,V6,Hybrid,A,AWD,False,False,34.1,40.8,70.2,84.1,106.2
SAMPLE00001952,47902.39,67016.0,2022,161.9,2500,333,SUV / Crossover,Chevrolet,Altima,New York,V6,Hybrid,M,FWD,True,False,37.8,43.8,67.2,68.8,104.6
SAMPLE00001953,55461.47,1064.0,2015,265.3,2000,228,Sedan,BMW,Altima,Houston,V6,Hybrid,A,RWD,False,False,37.0,42.9,66.8,75.8,105.2
SAMPLE00001954,69909.11,122910.0,2017,133.2,2000,322,Hatchback,BMW,Silverado,Houston,I4,Gasoline,M,RWD,False,False,35.7,38.8,62.2,79.6,110.3
SAMPLE00001955,66321.23,53974.0,2013,186.7,3000,107,Coupe,Ford,Civic,New York,I6,Diesel,A,FWD,True,False,33.6,40.5,68.7,80.1,106.8
SAMPLE00001956,50341.09,81115.0,2018,162.4,2500,299,Truck,Ford,Civic,New York,V6,Gasoline,M,FWD,True,False,41.4,42.2,61.2,78.6,109.8
SAMPLE00001957,38168.64,101595.0,2019,219.0,3500,444,Hatchback,Ford,3 Series,Phoenix,I6,Diesel,A,RWD,True,False,38.4,40.7,63.2,73.8,100.6
SAMPLE00001958,49989.76,105394.0,2012,133.4,3000,404,SUV / Crossover,Ford,Camry,Los Angeles,V6,Hybrid,A,FWD,False,True,35.9,39.5,69.5,69.3,114.8
SAMPLE00001959,58210.84,143397.0,2015,109.6,3500,6,Hatchback,BMW,Altima,Houston,I4,Diesel,M,FWD,True,False,36.1,42.4,69.6,83.8,118.6
SAMPLE00001960,21508.49,79701.0,2022,297.0,2500,127,Truck,Honda,Altima,Phoenix,V6,Gasoline,M,AWD,True,True,36.6,42.2,68.3,71.2,119.9
SAMPLE00001961,37544.77,59958.0,2015,283.1,2000,352,SUV / Crossover,BMW,3 Series,Houston,V6,Hybrid,A,RWD,True,False,40.3,44.8,70.5,83.4,104.0
SAMPLE00001962,61189.13,143056.0,2016,312.5,3000,482,Truck,Honda,Civic,New York,V6,Gasoline,M,FWD,True,True,34.9,41.9,64.5,71.8,107.7
SAMPLE00001963,36110.81,96317.0,2015,298.1,3000,266,Sedan,BMW,Camry,Phoenix,I4,Gasoline,A,FWD,True,True,40.7,44.1,68.7,69.2,119.5
SAMPLE00001964,46452.97,44723.0,2020,134.3,3000,172,Truck,Nissan,Civic,Phoenix,V6,Gasoline,A,FWD,True,False,35.8,44.6,57.2,69.4,104.2
SAMPLE00001965,47327.31,18970.0,2018,187.3,1500,415,Hatchback,BMW,Camry,Phoenix,I4,Diesel,A,AWD,True,True,40.8,41.0,66.1,74.1,110.8
SAMPLE00001966,25146.19,126383.0,2013,138.9,2500,213,Sedan,Ford,Civic,Los Angeles,I6,Gasoline,M,RWD,True,False,41.1,38.4,68.5,70.6,116.0
SAMPLE00001967,34922.95,54327.0,2012,352.9,1500,246,Sedan,Honda,Silverado,Phoenix,I6,Diesel,A,RWD,False,False,39.3,39.0,64.7,76.2,100.6
SAMPLE00001968,33398.12,99070.0,2020,324.1,3000,105,Coupe,Chevrolet,Altima,Houston,I6,Gasoline,A,FWD,False,True,41.1,41.5,55.4,75.7,102.1
SAMPLE00001969,16440.82,70622.0,2012,160.5,3000,82,Hatchback,Nissan,3 Series,Los Angeles,I4,Gasoline,A,FWD,True,True,39.7,44.3,71.1,82.2,103.9
SAMPLE00001970,16330.55,29839.0,2017,202.4,3500,291,Hatchback,Chevrolet,Camry,Houston,V6,Diesel,M,AWD,False,True,34.3,42.6,65.5,79.8,109.1
SAMPLE00001971,60743.34,90253.0,2013,390.0,1500,373,SUV / Crossover,Nissan,3 Series,Phoenix,I6,Diesel,A,FWD,False,False,41.6,39.4,58.6,79.9,100.3
SAMPLE00001972,30018.89,9102.0,2015,278.2,2000,420,Truck,Chevrolet,Camry,Phoenix,I6,Gasoline,M,FWD,False,True,34.7,42.9,77.4,78.0,108.6
SAMPLE00001973,43494.33,62001.0,2017,340.3,2500,202,Truck,Ford,Camry,Houston,V6,Gasoline,A,AWD,True,False,37.5,44.3,76.7,68.8,103.2
SAMPLE00001974,31429.91,81992.0,2016,179.4,2000,40,Hatchback,Chevrolet,Altima,Chicago,I6,Hybrid,M,FWD,False,True,36.5,38.2,58.6,80.7,117.0
SAMPLE00001975,66737.36,65407.0,2022,163.0,2000,204,Truck,BMW,Camry,Phoenix,I6,Gasoline,A,RWD,False,False,36.1,39.7,71.3,74.1,109.7
SAMPLE00001976,29261.32,112301.0,2017,335.2,2500,347,Hatchback,Ford,Civic,Phoenix,V6,Gasoline,M,RWD,True,False,40.1,39.1,66.9,82.2,101.4
SAMPLE00001977,38631.12,124189.0,2014,305.8,3000,48,Sedan,Chevrolet,F-150,Los Angeles,I4,Hybrid,M,RWD,True,False,35.6,43.5,61.7,72.2,109.3
SAMPLE00001978,63000.16,115686.0,2016,304.3,3500,142,Truck,Ford,Civic,Houston,I4,Gasoline,M,AWD,False,True,37.8,44.2,70.7,79.4,109.6
SAMPLE00001979,61306.35,5822.0,2013,265.8,3000,140,Truck,BMW,F-150,Phoenix,I6,Gasoline,M,AWD,False,False,36.0,41.9,65.3,78.3,106.0
SAMPLE00001980,25235.58,29119.0,2018,269.1,3000,52,Hatchback,Ford,Altima,Houston,I6,Diesel,M,RWD,False,True,41.0,43.9,75.7,69.9,107.4
SAMPLE00001981,59145.38,80491.0,2014,320.7,1500,106,Hatchback,Chevrolet,Altima,Los Angeles,I4,Diesel,M,RWD,True,True,34.4,42.6,71.2,70.3,119.4
SAMPLE00001982,40200.28,140223.0,2012,181.0,2000,32,SUV / Crossover,Ford,Civic,Houston,I6,Diesel,A,AWD,True,False,34.6,42.6,66.7,85.0,104.9
SAMPLE00001983,41563.29,125244.0,2019,205.8,2000,199,Truck,Nissan,F-150,Houston,I4,Gasoline,M,FWD,False,False,34.0,42.1,65.4,73.7,113.5
SAMPLE00001984,22341.4,126380.0,2019,361.5,2000,118,Coupe,Toyota,Altima,Los Angeles,I6,Diesel,A,FWD,False,True,39.8,38.4,55.7,74.9,113.2
SAMPLE00001985,19433.08,45481.0,2014,192.7,3500,287,Hatchback,Chevrolet,Camry,Phoenix,I6,Gasoline,A,AWD,True,False,34.5,44.6,58.7,82.5,108.4
SAMPLE00001986,55036.66,64417.0,2018,263.9,3500,228,Coupe,BMW,Camry,Houston,I4,Hybrid,M,RWD,True,True,37.8,40.5,56.0,78.7,118.6
SAMPLE00001987,42305.36,70606.0,2020,310.8,3500,117,Sedan,Honda,F-150,Chicago,V6,Diesel,A,AWD,True,False,39.9,43.6,56.5,79.5,115.4
SAMPLE00001988,39026.79,23606.0,2019,400.0,2500,175,Sedan,Ford,F-150,Phoenix,I6,Hybrid,M,RWD,False,False,34.0,43.7,56.5,78.8,100.4
SAMPLE00001989,55122.95,4660.0,2014,230.6,3500,451,Coupe,Nissan,3 Series,Los Angeles,I6,Gasoline,A,AWD,False,False,41.4,44.8,55.3,73.5,109.7
SAMPLE00001990,57103.21,142035.0,2013,228.4,1500,184,Sedan,Ford,Camry,New York,V6,Gasoline,M,AWD,True,False,35.6,40.3,73.2,82.1,102.3
SAMPLE00001991,23739.95,36107.0,2021,352.8,1500,317,Coupe,Chevrolet,Civic,Chicago,I6,Hybrid,A,AWD,True,False,40.1,45.0,66.0,68.6,105.7
SAMPLE00001992,48562.38,35992.0,2018,341.7,3000,498,SUV / Crossover,Nissan,3 Series,Phoenix,V6,Hybrid,M,AWD,False,False,40.1,40.1,72.2,74.2,104.8
SAMPLE00001993,22444.47,12507.0,2018,319.3,3000,337,SUV / Crossover,Chevrolet,F-150,Los Angeles,V6,Hybrid,M,AWD,False,False,36.1,41.2,58.9,84.2,115.1
SAMPLE00001994,56325.63,139276.0,2020,239.0,3000,214,Sedan,Toyota,Altima,Chicago,I4,Hybrid,M,AWD,False,True,38.0,42.9,74.3,74.4,105.0
SAMPLE00001995,51132.53,86961.0,2016,197.2,3000,220,Coupe,BMW,Civic,Phoenix,V6,Diesel,A,RWD,False,False,38.7,39.1,57.2,68.3,119.9
SAMPLE00001996,67613.8,100056.0,2015,282.6,1500,129,Coupe,Nissan,Silverado,New York,I4,Hybrid,A,RWD,False,False,36.7,39.9,62.4,71.3,102.6
SAMPLE00001997,18792.69,136737.0,2019,362.9,3000,332,Coupe,Nissan,Silverado,Phoenix,I4,Diesel,M,FWD,False,True,36.2,43.1,63.5,84.1,108.2
SAMPLE00001998,18138.01,51843.0,2015,365.1,1500,271,Sedan,Ford,Altima,New York,I4,Hybrid,M,AWD,True,True,40.7,44.8,60.4,82.4,109.8
SAMPLE00001999,30520.29,93226.0,2015,132.5,3500,245,Coupe,Ford,Silverado,New York,I6,Hybrid,A,FWD,True,False,34.8,43.1,58.2,71.3,108.7
SAMPLE00002000,29393.81,5820.0,2013,228.5,3500,122,Hatchback,Honda,Altima,Houston,I6,Diesel,A,FWD,True,True,40.2,44.0,69.4,84.6,101.9
SAMPLE00002001,28583.83,28016.0,2012,239.4,2500,7,Coupe,Nissan,Civic,Los Angeles,V6,Gasoline,A,AWD,False,True,34.8,38.3,55.2,70.7,104.5
SAMPLE00002002,64844.0,124687.0,2015,393.3,3000,402,Hatchback,Ford,Altima,Houston,I4,Gasoline,A,AWD,False,True,39.3,42.0,73.2,84.9,110.4
SAMPLE00002003,28725.04,115015.0,2018,303.4,3500,415,SUV / Crossover,Ford,F-150,New York,I6,Gasoline,A,FWD,True,True,35.6,44.4,56.0,82.4,116.0
SAMPLE00002004,29957.23,52596.0,2020,222.2,3500,66,Hatchback,Toyota,Civic,Los Angeles,I6,Gasoline,M,FWD,False,False,41.3,42.8,77.2,83.5,113.8
SAMPLE00002005,56766.9,56522.0,2020,107.8,2000,114,SUV / Crossover,Honda,3 Series,Los Angeles,V6,Diesel,M,AWD,True,False,38.4,42.7,75.0,70.4,110.9
SAMPLE00002006,39735.69,80033.0,2021,269.6,2000,368,Sedan,Ford,3 Series,Los Angeles,I6,Gasoline,A,AWD,True,False,37.8,39.4,64.5,73.1,119.6
SAMPLE00002007,57719.08,36.0,2012,128.8,1500,287,SUV / Crossover,Ford,Silverado,Chicago,I6,Diesel,A,AWD,True,False,35.7,44.0,58.3,79.9,115.2
SAMPLE00002008,18595.14,36187.0,2016,350.3,2500,104,SUV / Crossover,BMW,F-150,Phoenix,I6,Diesel,M,RWD,True,True,37.6,44.1,75.0,76.6,117.3
SAMPLE00002009,41816.42,31235.0,2018,325.8,2000,468,Coupe,Nissan,3 Series,New York,I6,Diesel,M,FWD,True,True,33.6,42.3,69.8,73.0,100.3
SAMPLE00002010,16848.75,37572.0,2018,238.2,2500,24,Truck,Ford,Camry,Los Angeles,I6,Diesel,A,FWD,False,True,34.3,41.0,66.6,79.8,104.3
SAMPLE00002011,18445.93,120886.0,2021,228.8,3500,52,SUV / Crossover,Toyota,Camry,Chicago,I6,Diesel,A,FWD,True,True,35.7,43.8,62.3,81.3,114.4
SAMPLE00002012,64854.06,41951.0,2017,369.2,1500,246,Hatchback,Ford,Silverado,Chicago,V6,Hybrid,A,RWD,False,False,41.5,41.3,67.9,72.9,105.6
SAMPLE00002013,22658.5,28728.0,2022,186.5,2500,336,Sedan,Nissan,Silverado,New York,I4,Diesel,M,FWD,False,False,37.2,43.8,64.5,69.5,107.1
SAMPLE00002014,44283.14,75640.0,2021,174.7,2000,280,Hatchback,Ford,Silverado,Houston,I6,Gasoline,A,AWD,True,False,36.6,41.4,65.7,77.8,111.8
SAMPLE00002015,37610.26,129847.0,2015,381.8,3500,32,Sedan,Chevrolet,3 Series,Chicago,I4,Diesel,M,RWD,False,True,40.0,42.1,74.4,74.7,110.9
SAMPLE00002016,34103.88,36202.0,2014,342.8,3000,286,Hatchback,Ford,F-150,New York,V6,Gasoline,A,FWD,True,False,39.2,43.2,76.9,82.9,104.4
SAMPLE00002017,64490.83,11780.0,2020,346.2,3500,35,SUV / Crossover,Honda,Altima,Chicago,V6,Diesel,A,RWD,False,True,39.0,39.9,77.1,68.8,117.6
SAMPLE00002018,16200.29,53461.0,2021,158.6,2000,342,Truck,Nissan,Altima,New York,I4,Gasoline,M,RWD,False,False,38.5,39.7,75.9,78.8,112.6
SAMPLE00002019,51508.43,112148.0,2015,143.0,2000,378,SUV / Crossover,Nissan,Silverado,Los Angeles,I4,Diesel,A,AWD,False,True,34.2,42.7,73.5,68.8,113.7
SAMPLE00002020,67986.69,82604.0,2019,107.8,3000,238,Coupe,Chevrolet,Civic,Houston,V6,Hybrid,M,RWD,True,True,36.5,44.7,65.4,69.9,116.6
SAMPLE00002021,45809.25,122519.0,2012,171.1,3500,491,Hatchback,Honda,Silverado,Chicago,I6,Gasoline,A,AWD,False,True,41.1,41.1,57.0,74.3,102.0
SAMPLE00002022,66525.24,143939.0,2018,332.3,2500,216,Truck,Honda,Altima,Chicago,I4,Gasoline,M,AWD,True,False,41.6,44.3,69.5,71.9,109.5
SAMPLE00002023,17874.18,118899.0,2017,172.0,2500,176,Hatchback,Nissan,Altima,Chicago,I4,Diesel,M,FWD,False,False,36.9,41.6,64.2,70.8,101.7
SAMPLE00002024,38033.63,90570.0,2012,318.7,3500,43,Coupe,Toyota,Altima,Phoenix,I6,Gasoline,A,AWD,False,True,33.0,44.8,70.8,81.5,101.5
SAMPLE00002025,29308.68,74001.0,2015,175.6,2500,303,Coupe,Ford,3 Series,Phoenix,I4,Diesel,A,FWD,False,True,37.5,43.5,60.1,71.9,114.4
SAMPLE00002026,55195.15,6010.0,2016,218.6,3500,157,Coupe,Honda,F-150,Los Angeles,I6,Hybrid,M,FWD,True,True,35.0,44.0,72.6,74.2,115.8
SAMPLE00002027,68971.34,147648.0,2022,394.9,3500,268,SUV / Crossover,Ford,Silverado,Chicago,V6,Hybrid,A,FWD,False,True,34.7,42.8,58.9,83.4,101.0
SAMPLE00002028,29109.15,57522.0,2019,173.4,2000,170,SUV / Crossover,Ford,Camry,Houston,I4,Diesel,M,AWD,False,True,35.6,44.1,73.6,81.4,116.8
SAMPLE00002029,50979.6,22834.0,2015,212.9,1500,494,Truck,Toyota,Silverado,Phoenix,I6,Diesel,M,FWD,True,True,34.1,42.1,76.0,76.9,105.6
SAMPLE00002030,25895.37,100006.0,2014,190.3,2000,220,Coupe,Toyota,Silverado,New York,I6,Hybrid,A,AWD,False,False,33.4,42.0,75.7,69.6,113.1
SAMPLE00002031,46093.16,42643.0,2013,132.9,2500,399,SUV / Crossover,Honda,F-150,New York,V6,Gasoline,M,AWD,True,False,37.0,44.1,63.0,84.1,113.7
SAMPLE00002032,40516.29,87867.0,2015,247.0,1500,229,Sedan,Honda,Civic,New York,I4,Gasoline,A,FWD,False,True,35.4,38.1,64.0,80.1,113.9
SAMPLE00002033,68460.29,88015.0,2022,213.6,3500,90,Sedan,Nissan,Silverado,Los Angeles,I6,Gasoline,A,AWD,False,False,35.3,41.4,74.3,68.6,111.6
SAMPLE00002034,48469.0,66859.0,2021,308.5,2500,409,SUV / Crossover,Chevrolet,Silverado,Chicago,I4,Hybrid,M,FWD,True,False,35.0,44.1,70.9,84.1,102.3
SAMPLE00002035,34222.85,125418.0,2015,345.3,3000,458,Truck,Ford,Altima,Chicago,I6,Diesel,M,FWD,False,False,37.5,39.4,67.1,69.2,102.2
SAMPLE00002036,21275.27,39745.0,2021,263.3,2500,430,Hatchback,Nissan,3 Series,Phoenix,I4,Hybrid,A,FWD,True,False,39.6,44.7,77.1,78.3,102.8
SAMPLE00002037,23318.58,67295.0,2016,109.7,1500,420,Coupe,Ford,F-150,New York,I4,Gasoline,M,RWD,False,False,38.9,43.2,66.9,74.7,118.4
SAMPLE00002038,27392.43,80654.0,2018,285.7,1500,130,SUV / Crossover,Toyota,3 Series,Los Angeles,I6,Diesel,M,AWD,True,False,41.8,43.3,60.6,84.7,104.2
SAMPLE00002039,28803.17,99544.0,2020,116.6,3500,409,Truck,Toyota,Altima,Houston,I6,Diesel,A,RWD,True,False,41.2,42.7,70.6,83.7,103.1
SAMPLE00002040,61783.88,117596.0,2013,284.9,3000,225,Hatchback,Nissan,Silverado,Chicago,I4,Gasoline,A,RWD,True,True,36.8,41.1,66.8,78.2,119.8
SAMPLE00002041,45867.25,59221.0,2016,305.5,3500,224,Truck,Honda,Silverado,Chicago,I4,Diesel,A,AWD,False,False,40.3,41.2,59.7,79.9,100.1
SAMPLE00002042,43786.5,96907.0,2022,159.3,3000,142,Hatchback,Chevrolet,Camry,Los Angeles,V6,Gasoline,M,AWD,False,True,34.7,43.9,58.5,82.0,115.5
SAMPLE00002043,21312.29,22592.0,2021,345.8,3000,65,Sedan,Chevrolet,3 Series,Phoenix,I6,Hybrid,M,FWD,True,False,34.9,39.0,63.2,81.9,116.9
SAMPLE00002044,62307.68,139897.0,2020,373.3,3500,27,Hatchback,Toyota,Altima,Los Angeles,I4,Diesel,A,RWD,True,False,39.3,41.7,77.3,78.2,113.2
SAMPLE00002045,54754.79,57459.0,2014,343.9,2500,124,Sedan,Toyota,F-150,Phoenix,I4,Gasoline,A,AWD,False,True,35.0,40.2,58.4,72.3,119.5
SAMPLE00002046,18721.76,109428.0,2012,191.5,2000,211,Coupe,Chevrolet,Silverado,Chicago,I6,Gasoline,A,FWD,False,True,37.1,44.9,65.8,73.3,106.7
SAMPLE00002047,53930.93,3051.0,2013,276.0,3000,421,SUV / Crossover,Chevrolet,Camry,Phoenix,I4,Hybrid,A,AWD,False,False,35.9,38.0,62.5,79.3,101.8
SAMPLE00002048,44894.6,30778.0,2017,374.4,1500,427,Sedan,Honda,Camry,Phoenix,I4,Diesel,M,AWD,False,False,35.1,38.4,76.7,79.7,104.8
SAMPLE00002049,19494.89,73062.0,2016,196.2,3500,436,Truck,Chevrolet,Civic,Phoenix,V6,Diesel,M,FWD,True,True,34.4,44.8,63.7,74.3,102.0
SAMPLE00002050,40206.54,131738.0,2012,346.0,2500,79,Hatchback,Ford,F-150,Phoenix,V6,Diesel,A,AWD,True,False,38.5,41.8,60.2,83.1,109.7
SAMPLE00002051,41658.3,79088.0,2012,102.8,3000,237,Truck,Chevrolet,Camry,New York,I6,Diesel,M,FWD,False,False,33.5,39.0,66.0,74.8,119.3
SAMPLE00002052,24117.6,139481.0,2022,101.1,2500,131,Sedan,BMW,F-150,New York,I6,Hybrid,M,RWD,True,False,39.3,41.1,58.5,79.9,110.4
SAMPLE00002053,67013.4,72570.0,2015,327.9,3500,327,Truck,Chevrolet,Silverado,New York,I6,Hybrid,M,FWD,True,True,41.1,40.3,63.7,71.6,106.5
SAMPLE00002054,61748.65,73567.0,2015,328.4,1500,299,Hatchback,Toyota,Civic,New York,V6,Diesel,A,AWD,True,False,36.1,44.4,71.8,74.0,118.1
SAMPLE00002055,51796.23,17962.0,2017,336.7,3000,118,SUV / Crossover,Toyota,Altima,Los Angeles,V6,Gasoline,A,RWD,False,False,36.7,42.8,68.8,77.3,112.3
SAMPLE00002056,40426.26,120398.0,2017,379.0,3000,45,Truck,BMW,F-150,Houston,V6,Diesel,M,RWD,False,True,38.3,38.9,55.3,68.6,118.6
SAMPLE00002057,37647.1,37045.0,2021,135.4,2500,83,Coupe,Ford,Altima,Phoenix,I4,Diesel,A,FWD,False,False,39.0,41.8,66.5,68.7,119.3
SAMPLE00002058,50803.54,134942.0,2017,169.6,3500,281,Hatchback,Chevrolet,Civic,Los Angeles,V6,Gasoline,A,FWD,True,False,37.9,38.9,73.7,72.6,118.7
SAMPLE00002059,44998.75,136624.0,2012,371.1,2000,351,Hatchback,Chevrolet,Altima,New York,V6,Diesel,M,FWD,False,False,39.2,42.7,67.9,82.1,113.8
SAMPLE00002060,18425.02,141497.0,2021,153.2,3000,12,Coupe,BMW,F-150,Phoenix,I6,Gasoline,M,RWD,False,False,40.3,43.1,65.8,71.7,110.0
SAMPLE00002061,43187.65,78035.0,2020,304.7,1500,124,Sedan,Honda,Altima,Houston,V6,Hybrid,A,FWD,True,False,41.9,41.9,64.5,83.1,105.8
SAMPLE00002062,59352.2,101564.0,2022,259.1,3000,324,Coupe,Honda,F-150,Phoenix,V6,Gasoline,M,AWD,False,True,36.5,44.8,67.3,80.2,118.8
SAMPLE00002063,40258.19,116777.0,2018,125.0,3000,171,Sedan,Ford,3 Series,Chicago,I4,Hybrid,M,RWD,True,True,38.3,44.6,56.7,79.7,110.9
SAMPLE00002064,17857.61,19652.0,2018,185.6,2000,233,SUV / Crossover,Chevrolet,Civic,Chicago,V6,Diesel,M,FWD,True,True,36.4,39.4,73.4,79.5,119.9
SAMPLE00002065,58245.3,90144.0,2022,256.1,2000,180,Sedan,Chevrolet,F-150,Los Angeles,I6,Gasoline,A,RWD,False,True,35.1,38.0,74.7,84.6,118.4
SAMPLE00002066,26075.01,5145.0,2018,355.7,3500,50,SUV / Crossover,Chevrolet,3 Series,Houston,I4,Gasoline,M,AWD,False,False,42.0,42.6,68.6,78.8,107.6
SAMPLE00002067,29224.15,74635.0,2013,312.3,3000,268,SUV / Crossover,Toyota,3 Series,Los Angeles,V6,Diesel,M,AWD,False,False,33.1,41.3,77.5,79.0,117.5
SAMPLE00002068,24058.85,23226.0,2013,286.6,3000,168,Coupe,Nissan,Civic,Phoenix,V6,Hybrid,A,AWD,True,False,33.6,40.3,67.8,75.7,110.7
SAMPLE00002069,33161.83,27438.0,2017,248.8,2500,394,SUV / Crossover,Honda,Silverado,Houston,V6,Gasoline,A,FWD,True,False,38.2,44.4,55.6,82.8,114.9
SAMPLE00002070,56621.33,54757.0,2018,189.6,2500,420,Sedan,Nissan,Civic,Los Angeles,I4,Gasoline,A,FWD,False,False,39.4,44.8,65.7,69.0,109.6
SAMPLE00002071,43566.22,64866.0,2014,135.8,1500,315,Truck,BMW,F-150,Phoenix,I4,Diesel,A,RWD,False,True,39.6,44.5,64.2,73.9,119.8
SAMPLE00002072,26268.47,93476.0,2015,222.7,1500,287,Hatchback,Nissan,Silverado,New York,V6,Hybrid,M,FWD,False,False,39.3,41.5,59.5,72.9,108.0
SAMPLE00002073,63280.65,11164.0,2014,108.6,2500,428,Hatchback,Toyota,Civic,Phoenix,I6,Diesel,A,RWD,True,False,40.1,42.9,67.3,74.8,101.9
SAMPLE00002074,63377.0,75554.0,2018,163.3,1500,489,Sedan,Toyota,Civic,Los Angeles,V6,Gasoline,A,FWD,True,False,39.7,39.2,65.5,76.2,117.2
SAMPLE00002075,62881.81,27394.0,2018,229.7,3000,273,Truck,Honda,Civic,Houston,I4,Diesel,A,AWD,True,True,37.9,44.7,58.9,84.3,115.1
SAMPLE00002076,28133.79,86096.0,2015,225.6,2000,348,SUV / Crossover,Chevrolet,Civic,Houston,I4,Diesel,M,FWD,True,False,37.2,40.0,66.6,83.7,102.5
SAMPLE00002077,39818.16,95611.0,2018,113.3,3000,206,Sedan,Ford,Silverado,New York,I4,Hybrid,A,FWD,True,True,39.5,39.3,74.2,78.4,110.1
SAMPLE00002078,69174.43,83506.0,2016,276.7,2500,147,SUV / Crossover,Nissan,F-150,Los Angeles,I6,Hybrid,A,FWD,True,True,39.6,38.4,66.7,68.3,113.6
SAMPLE00002079,57460.69,110744.0,2012,264.9,3500,299,Coupe,BMW,3 Series,New York,V6,Diesel,M,AWD,False,False,36.0,41.9,60.0,77.4,108.2
SAMPLE00002080,16494.21,50341.0,2021,123.4,3500,419,Truck,Honda,Civic,Chicago,V6,Diesel,M,RWD,False,False,33.0,44.6,70.8,69.2,118.2
SAMPLE00002081,18586.25,114766.0,2015,382.9,2500,452,Hatchback,Ford,3 Series,Phoenix,I4,Diesel,M,FWD,False,True,35.8,38.9,75.0,74.1,118.9
SAMPLE00002082,40516.23,64915.0,2018,129.8,3000,487,Sedan,Honda,3 Series,Chicago,V6,Gasoline,M,AWD,True,True,37.8,38.8,62.9,73.2,117.4
SAMPLE00002083,65007.11,72628.0,2013,356.5,1500,36,Hatchback,Honda,3 Series,Chicago,I6,Hybrid,M,FWD,True,False,37.7,39.9,56.6,79.0,110.6
SAMPLE00002084,44628.6,97215.0,2013,100.1,1500,160,SUV / Crossover,Honda,Civic,New York,I6,Gasoline,M,FWD,False,False,36.4,42.7,76.0,68.3,109.1
SAMPLE00002085,42379.69,2754.0,2012,364.7,3500,465,SUV / Crossover,Honda,Civic,New York,V6,Hybrid,M,AWD,True,True,41.4,41.8,70.7,81.4,111.7
SAMPLE00002086,20801.05,98099.0,2013,105.9,2500,382,Coupe,Chevrolet,Altima,Phoenix,V6,Hybrid,A,FWD,True,True,37.3,38.7,77.8,82.0,110.3
SAMPLE00002087,51122.91,92788.0,2021,327.3,2500,274,SUV / Crossover,Toyota,Civic,New York,V6,Gasoline,A,FWD,True,False,34.3,41.1,71.0,68.5,102.0
SAMPLE00002088,60215.67,46477.0,2019,208.5,2000,434,SUV / Crossover,Nissan,Civic,New York,V6,Gasoline,A,FWD,False,False,34.7,38.5,57.9,69.4,115.8
SAMPLE00002089,35923.1,12869.0,2022,321.5,3500,287,Hatchback,Honda,Camry,New York,V6,Diesel,M,FWD,False,True,33.9,44.0,65.0,83.7,118.8
SAMPLE00002090,57658.65,13640.0,2019,220.5,2500,105,Hatchback,Ford,F-150,New York,V6,Hybrid,M,FWD,False,True,35.4,38.7,56.0,78.5,109.8
SAMPLE00002091,68046.22,138484.0,2019,121.3,2000,21,Sedan,Nissan,Camry,New York,I4,Hybrid,A,AWD,True,True,35.7,41.3,62.9,84.3,101.2
SAMPLE00002092,26207.16,103392.0,2012,330.3,1500,232,Sedan,Ford,Altima,Chicago,I4,Hybrid,M,AWD,False,True,36.0,41.6,73.1,75.8,106.5
SAMPLE00002093,43783.13,19065.0,2012,121.4,3500,121,SUV / Crossover,Ford,Silverado,Chicago,I4,Diesel,A,FWD,True,False,40.5,41.7,67.8,71.2,102.5
SAMPLE00002094,30792.59,53508.0,2021,376.6,3500,128,Truck,Toyota,Camry,Phoenix,I6,Hybrid,A,FWD,False,False,39.9,42.3,65.6,74.3,119.6
SAMPLE00002095,58606.99,88872.0,2015,115.3,2500,309,Sedan,Toyota,Camry,Houston,I6,Hybrid,A,RWD,False,False,37.5,42.9,74.5,83.8,102.7
SAMPLE00002096,46767.64,125336.0,2017,243.8,2500,216,SUV / Crossover,Ford,Camry,Phoenix,I6,Gasoline,M,AWD,False,True,37.0,38.0,59.1,70.0,101.6
SAMPLE00002097,49902.03,6549.0,2019,316.9,3000,147,Hatchback,Chevrolet,F-150,Los Angeles,I6,Gasoline,A,FWD,True,False,36.4,38.2,67.4,83.2,110.4
SAMPLE00002098,58885.28,35495.0,2013,218.0,1500,57,Coupe,Toyota,3 Series,Phoenix,I4,Diesel,M,RWD,True,False,33.1,42.3,69.9,77.0,101.3
SAMPLE00002099,36778.38,133462.0,2014,165.2,1500,418,Hatchback,Toyota,Silverado,Phoenix,V6,Hybrid,A,AWD,True,True,41.3,39.3,76.3,69.2,112.7
SAMPLE00002100,65329.95,1375.0,2017,327.7,2000,236,Hatchback,Chevrolet,Silverado,New York,V6,Diesel,A,RWD,True,True,35.6,43.8,58.8,74.8,117.4
SAMPLE00002101,44316.59,30210.0,2021,335.3,2000,69,Coupe,Honda,F-150,New York,V6,Gasoline,A,RWD,True,True,40.6,42.4,71.3,72.1,105.0
SAMPLE00002102,23687.52,143854.0,2015,376.8,3000,453,Hatchback,Toyota,Altima,New York,I6,Hybrid,M,FWD,True,True,39.7,44.9,56.1,77.8,118.5
SAMPLE00002103,53274.45,92010.0,2013,212.8,1500,188,Sedan,Nissan,Camry,Houston,I4,Hybrid,A,FWD,False,True,34.0,43.1,68.0,70.6,112.9
SAMPLE00002104,58629.37,39251.0,2018,251.9,2000,241,Hatchback,Ford,3 Series,New York,V6,Diesel,A,AWD,True,False,35.8,38.6,69.8,84.0,103.3
SAMPLE00002105,32421.89,10049.0,2015,208.9,1500,62,Coupe,Ford,Civic,Los Angeles,I6,Hybrid,M,RWD,False,True,37.4,39.2,74.3,71.6,112.9
SAMPLE00002106,62144.86,4229.0,2019,177.1,1500,484,SUV / Crossover,Chevrolet,F-150,Chicago,I6,Hybrid,A,RWD,False,False,35.4,38.3,62.4,78.8,101.5
SAMPLE00002107,64837.88,36712.0,2019,325.3,2000,240,SUV / Crossover,Ford,Altima,Los Angeles,I6,Gasoline,A,FWD,False,False,36.6,43.2,71.0,82.1,107.0
SAMPLE00002108,30229.75,132223.0,2018,201.9,2500,444,SUV / Crossover,BMW,3 Series,Houston,V6,Diesel,A,AWD,False,True,35.5,38.9,57.1,78.1,100.3
SAMPLE00002109,69093.68,62387.0,2021,228.4,2500,184,Coupe,Ford,Altima,New York,I4,Gasoline,A,FWD,False,False,38.7,42.6,60.1,79.1,108.8
SAMPLE00002110,22739.13,108050.0,2020,221.1,2000,258,Coupe,Chevrolet,F-150,Phoenix,V6,Diesel,M,AWD,True,True,36.2,41.9,72.8,75.0,116.6
SAMPLE00002111,26110.86,137743.0,2015,313.8,3000,228,Sedan,Chevrolet,F-150,Chicago,I4,Gasoline,A,RWD,True,False,36.1,42.4,75.5,69.7,113.9
SAMPLE00002112,25132.37,61206.0,2018,375.3,3500,222,Coupe,Chevrolet,Civic,Houston,I4,Diesel,A,AWD,False,False,35.4,41.6,55.4,70.2,104.0
SAMPLE00002113,64169.43,28692.0,2021,300.0,1500,98,SUV / Crossover,Nissan,Altima,Los Angeles,V6,Hybrid,M,RWD,True,False,40.2,38.1,58.8,79.9,103.7
SAMPLE00002114,50986.09,77568.0,2021,241.5,3500,246,Coupe,BMW,3 Series,New York,V6,Hybrid,M,AWD,True,True,38.8,39.8,59.8,81.6,114.1
SAMPLE00002115,23365.74,136213.0,2012,333.8,2000,44,Truck,Toyota,Altima,Houston,I6,Diesel,A,FWD,True,False,39.5,44.2,66.9,82.3,113.3
SAMPLE00002116,39217.79,120656.0,2015,292.3,1500,398,Hatchback,Honda,Altima,Houston,I6,Diesel,A,FWD,False,False,36.5,44.5,58.5,74.2,102.8
SAMPLE00002117,48841.39,9874.0,2013,118.2,3500,272,Sedan,Ford,Camry,Phoenix,V6,Diesel,A,FWD,True,False,40.6,38.7,77.4,84.5,113.4
SAMPLE00002118,19590.52,103886.0,2020,128.7,2500,398,SUV / Crossover,Nissan,Altima,Phoenix,V6,Diesel,M,AWD,False,False,36.7,44.7,63.9,78.9,115.6
SAMPLE00002119,63532.9,85785.0,2016,111.4,3000,4,SUV / Crossover,Toyota,3 Series,Phoenix,I4,Hybrid,M,RWD,False,False,34.6,42.7,58.3,70.6,115.3
SAMPLE00002120,59198.19,136119.0,2014,237.0,3500,469,Truck,Chevrolet,3 Series,Los Angeles,I4,Diesel,M,FWD,False,True,37.6,44.5,72.8,69.1,108.1
SAMPLE00002121,42786.37,18372.0,2015,347.8,3000,429,Sedan,Toyota,Camry,Phoenix,I6,Hybrid,A,AWD,True,True,37.0,40.8,67.9,77.3,116.3
SAMPLE00002122,68191.96,80105.0,2017,193.9,2500,10,Hatchback,Toyota,Civic,Houston,I4,Hybrid,A,AWD,False,False,33.8,38.7,76.0,80.6,107.8
SAMPLE00002123,37976.85,131919.0,2021,215.2,3500,447,Sedan,BMW,3 Series,Houston,V6,Diesel,M,FWD,True,False,39.0,40.1,76.5,68.3,112.9
SAMPLE00002124,69126.07,61504.0,2012,372.8,2000,347,Sedan,Chevrolet,Altima,Houston,I4,Hybrid,M,FWD,True,False,40.3,42.8,74.7,68.4,115.2
SAMPLE00002125,51735.6,72299.0,2018,351.1,1500,397,SUV / Crossover,Nissan,Altima,Chicago,I4,Diesel,A,FWD,False,False,36.2,43.6,68.0,77.8,115.1
SAMPLE00002126,49906.92,10569.0,2019,299.5,2500,38,Coupe,Nissan,Camry,Chicago,I4,Hybrid,M,FWD,False,False,39.8,38.4,60.1,84.8,106.9
SAMPLE00002127,24127.52,41722.0,2018,180.0,3000,450,Hatchback,Chevrolet,F-150,Los Angeles,V6,Diesel,A,AWD,False,True,38.3,41.4,64.9,80.5,111.4
SAMPLE00002128,63506.03,48676.0,2018,135.1,3000,438,Sedan,Ford,F-150,Phoenix,I6,Diesel,M,RWD,False,False,35.5,38.5,66.1,70.6,112.3
SAMPLE00002129,38511.93,141768.0,2020,104.8,2500,499,Truck,Nissan,Camry,Houston,I4,Gasoline,A,RWD,True,True,36.1,44.0,77.4,69.5,104.7
SAMPLE00002130,23922.84,42400.0,2015,132.1,2000,41,SUV / Crossover,Nissan,F-150,Phoenix,V6,Gasoline,M,AWD,False,True,41.5,41.3,60.8,81.8,100.2
SAMPLE00002131,15693.41,69130.0,2018,187.8,2000,202,Coupe,Ford,3 Series,Houston,I4,Diesel,A,RWD,True,True,34.9,44.4,65.0,81.8,102.0
SAMPLE00002132,45786.56,100696.0,2020,265.5,3000,93,Coupe,Ford,Camry,Chicago,I4,Gasoline,M,AWD,False,False,34.4,38.6,67.9,75.8,100.7
SAMPLE00002133,44006.98,24328.0,2016,119.2,2500,485,SUV / Crossover,Nissan,Altima,Houston,V6,Hybrid,M,AWD,False,True,33.7,40.3,64.0,68.6,106.0
SAMPLE00002134,54564.45,72966.0,2013,140.9,2500,4,Sedan,Nissan,3 Series,Los Angeles,I4,Diesel,M,AWD,True,False,40.9,42.7,57.8,81.0,106.5
SAMPLE00002135,63964.19,110781.0,2016,154.3,1500,51,SUV / Crossover,Nissan,Silverado,New York,V6,Diesel,M,RWD,True,True,39.0,40.1,75.5,75.0,117.3
SAMPLE00002136,19367.36,130028.0,2015,289.6,3000,149,Coupe,Ford,Civic,Houston,I6,Diesel,M,AWD,True,False,34.0,43.9,73.4,81.9,102.5
SAMPLE00002137,55232.31,93939.0,2019,284.7,2000,204,Coupe,Nissan,Altima,Los Angeles,I4,Gasoline,M,AWD,True,True,39.9,44.9,60.9,70.4,103.7
SAMPLE00002138,25307.66,100358.0,2016,265.2,3500,299,Truck,Toyota,Altima,Chicago,V6,Gasoline,A,FWD,False,True,38.7,40.0,65.3,75.9,112.4
SAMPLE00002139,62199.74,18943.0,2020,175.2,2000,498,Truck,Toyota,Civic,Chicago,I4,Hybrid,M,FWD,False,False,41.9,40.5,71.9,76.9,109.4
SAMPLE00002140,60048.49,141866.0,2020,211.3,2000,370,Coupe,Ford,Civic,New York,I4,Gasoline,A,RWD,False,False,37.6,44.8,77.4,74.3,119.9
SAMPLE00002141,44743.66,19886.0,2014,129.0,3500,468,Truck,Ford,Camry,Phoenix,I4,Gasoline,M,FWD,True,True,37.6,40.5,58.9,84.8,115.2
SAMPLE00002142,54063.35,116201.0,2021,167.9,3000,186,Truck,Ford,Silverado,Phoenix,V6,Hybrid,M,FWD,False,False,35.2,41.9,69.7,81.0,105.4
SAMPLE00002143,32289.26,39722.0,2017,369.3,1500,484,Truck,Honda,Civic,Houston,V6,Diesel,A,FWD,True,True,34.7,43.4,73.8,82.1,114.4
SAMPLE00002144,40914.23,140039.0,2017,393.9,2000,152,Coupe,Ford,3 Series,Chicago,V6,Diesel,A,AWD,True,True,39.6,41.1,55.6,72.1,104.6
SAMPLE00002145,60190.03,107994.0,2015,294.3,2000,382,Sedan,Honda,Altima,Los Angeles,I6,Hybrid,A,FWD,False,False,36.4,40.6,73.7,74.5,113.6
SAMPLE00002146,40259.59,113072.0,2022,375.0,3000,115,Sedan,Ford,Civic,New York,I4,Gasoline,M,RWD,True,False,39.5,41.5,73.2,69.9,100.7
SAMPLE00002147,34678.9,32859.0,2021,292.8,3000,148,Hatchback,Chevrolet,Silverado,Phoenix,V6,Hybrid,M,AWD,True,False,40.0,43.5,76.2,85.0,104.0
SAMPLE00002148,42181.68,66456.0,2014,110.0,2500,219,Truck,BMW,3 Series,Houston,I4,Hybrid,A,RWD,True,False,41.1,40.2,56.9,72.4,102.1
SAMPLE00002149,60553.71,92672.0,2012,399.0,3000,191,Sedan,Nissan,3 Series,Houston,I4,Diesel,A,RWD,True,True,36.8,40.5,57.9,69.7,108.6
SAMPLE00002150,33436.44,115496.0,2018,129.7,3000,232,Hatchback,Nissan,Camry,Chicago,I4,Gasoline,A,RWD,True,True,33.9,39.3,66.9,71.5,111.1
SAMPLE00002151,24556.89,15594.0,2016,304.8,2000,323,SUV / Crossover,Toyota,Camry,Los Angeles,V6,Diesel,M,RWD,True,True,33.2,42.9,75.0,77.7,105.2
SAMPLE00002152,54160.77,144355.0,2021,175.9,1500,220,Truck,Chevrolet,F-150,Los Angeles,I6,Diesel,A,RWD,False,False,35.6,44.3,75.1,73.7,119.6
SAMPLE00002153,60428.8,133533.0,2018,217.6,2000,46,Sedan,BMW,Silverado,Phoenix,I6,Hybrid,A,FWD,True,True,41.4,39.3,71.1,70.8,108.2
SAMPLE00002154,20535.06,40552.0,2012,293.8,3000,126,Sedan,Nissan,3 Series,Houston,I6,Diesel,M,FWD,False,False,39.7,38.2,65.3,76.0,111.2
SAMPLE00002155,28193.08,123414.0,2019,230.9,2500,290,Sedan,Nissan,Silverado,Chicago,I6,Diesel,A,RWD,True,True,38.0,40.7,60.3,79.4,109.3
SAMPLE00002156,22808.46,77749.0,2014,175.2,1500,214,Hatchback,Honda,Civic,Los Angeles,V6,Diesel,M,RWD,False,False,35.2,40.9,65.9,79.3,117.3
SAMPLE00002157,34136.78,69271.0,2018,200.3,2500,6,SUV / Crossover,Toyota,Altima,Houston,I6,Gasoline,A,FWD,False,True,39.4,42.5,60.0,68.3,107.4
SAMPLE00002158,39769.3,47165.0,2014,202.5,3500,183,Truck,Honda,Civic,Los Angeles,I6,Gasoline,A,RWD,False,False,39.7,38.6,72.8,80.8,118.9
SAMPLE00002159,56185.45,87145.0,2014,387.8,2500,115,Sedan,Honda,Altima,New York,V6,Diesel,A,FWD,True,False,35.1,43.8,64.7,72.1,116.1
SAMPLE00002160,50813.12,109483.0,2021,339.6,2500,51,Coupe,Toyota,F-150,Los Angeles,V6,Hybrid,A,RWD,False,True,39.4,42.0,67.4,83.7,101.5
SAMPLE00002161,49151.07,61640.0,2020,237.6,3000,365,Truck,BMW,3 Series,Los Angeles,I4,Hybrid,A,RWD,False,False,34.1,41.8,70.7,70.4,117.7
SAMPLE00002162,34380.62,94383.0,2013,159.9,3000,45,Coupe,Toyota,Altima,Houston,I4,Diesel,M,AWD,False,False,33.9,40.2,67.1,74.8,103.6
SAMPLE00002163,61279.62,104897.0,2015,343.3,3000,392,Hatchback,Ford,3 Series,Los Angeles,I6,Gasoline,A,RWD,False,True,33.5,40.6,72.4,73.3,101.2
SAMPLE00002164,40920.79,106668.0,2017,147.2,3000,441,Sedan,Honda,Altima,Los Angeles,I4,Hybrid,A,AWD,False,True,40.3,38.4,73.1,76.4,104.4
SAMPLE00002165,68850.77,7795.0,2014,163.1,3000,22,Truck,Ford,F-150,New York,V6,Hybrid,A,RWD,True,False,35.4,43.3,60.6,73.3,101.7
SAMPLE00002166,49877.82,128962.0,2021,209.8,2500,130,Truck,Toyota,Civic,Los Angeles,I4,Gasoline,A,AWD,True,True,38.4,42.2,61.9,81.1,112.4
SAMPLE00002167,21944.56,68738.0,2021,364.1,3500,126,Sedan,Toyota,3 Series,Los Angeles,I4,Gasoline,M,FWD,True,True,34.3,44.8,56.4,74.5,108.9
SAMPLE00002168,52189.77,39362.0,2018,139.5,3000,444,SUV / Crossover,Nissan,Altima,Houston,V6,Hybrid,A,RWD,False,False,37.0,40.5,57.1,74.0,109.5
SAMPLE00002169,32880.72,36265.0,2018,136.7,3500,264,Hatchback,BMW,Silverado,Chicago,I6,Diesel,M,FWD,False,True,33.2,42.7,74.1,84.5,112.3
SAMPLE00002170,52748.0,72452.0,2016,248.2,3500,308,Sedan,Honda,3 Series,New York,I4,Hybrid,M,AWD,True,True,40.7,44.4,59.9,74.9,110.0
SAMPLE00002171,18830.26,133025.0,2014,182.9,2000,195,Truck,Chevrolet,Altima,Los Angeles,I4,Gasoline,M,AWD,False,True,37.9,43.0,74.2,70.2,119.8
SAMPLE00002172,24618.48,56752.0,2013,270.6,2000,432,SUV / Crossover,Toyota,Altima,Chicago,I6,Gasoline,M,AWD,False,True,41.0,38.3,77.7,72.6,112.5
SAMPLE00002173,62065.55,112459.0,2015,235.5,1500,472,Truck,Nissan,Civic,Houston,I4,Gasoline,A,AWD,False,False,37.2,42.4,60.6,80.3,111.7
SAMPLE00002174,27494.88,14523.0,2015,230.5,2000,453,Coupe,Chevrolet,3 Series,New York,I6,Gasoline,M,FWD,False,True,35.8,41.8,65.6,72.5,108.3
SAMPLE00002175,61037.26,71409.0,2022,133.6,3000,47,Truck,Honda,3 Series,Houston,V6,Diesel,A,AWD,False,False,36.6,41.5,67.4,79.6,108.9
SAMPLE00002176,30360.18,148753.0,2019,142.3,3500,378,Hatchback,Ford,Camry,Chicago,V6,Hybrid,M,RWD,False,True,35.2,41.9,76.7,83.6,119.8
SAMPLE00002177,50358.51,115566.0,2019,346.3,1500,81,Sedan,Honda,Altima,New York,I6,Gasoline,M,AWD,True,True,41.0,41.2,59.1,74.4,100.1
SAMPLE00002178,53178.28,31579.0,2016,365.8,2000,108,Truck,BMW,3 Series,Los Angeles,V6,Gasoline,M,FWD,False,False,35.7,42.8,74.2,71.3,103.1
SAMPLE00002179,43196.01,75216.0,2017,170.4,2500,262,Coupe,Chevrolet,Altima,Chicago,V6,Gasoline,M,FWD,False,True,35.6,38.1,77.0,80.2,106.9
SAMPLE00002180,31792.09,35044.0,2019,134.0,1500,354,Coupe,Nissan,F-150,Houston,V6,Hybrid,M,RWD,True,True,38.7,39.3,67.8,75.4,118.1
SAMPLE00002181,26695.44,61434.0,2012,116.0,3000,30,Sedan,Chevrolet,F-150,New York,V6,Gasoline,A,FWD,True,False,34.1,40.6,58.5,68.8,118.8
SAMPLE00002182,16825.41,117013.0,2016,282.5,3500,357,Coupe,Ford,Silverado,Chicago,V6,Hybrid,A,AWD,True,True,35.0,41.2,62.7,77.8,101.2
SAMPLE00002183,31717.05,115684.0,2015,314.6,3000,55,Sedan,Nissan,3 Series,Chicago,V6,Diesel,A,RWD,True,True,36.9,38.9,77.1,77.9,102.8
SAMPLE00002184,50923.95,34215.0,2015,211.8,3000,479,Hatchback,Ford,Silverado,Houston,I4,Gasoline,M,RWD,True,False,34.6,43.7,58.9,79.6,117.6
SAMPLE00002185,66606.77,138333.0,2022,303.9,2500,354,Sedan,Toyota,Civic,Houston,I4,Diesel,M,FWD,True,True,35.3,44.5,66.2,80.5,105.4
SAMPLE00002186,62916.25,88885.0,2013,313.9,2500,188,SUV / Crossover,Honda,Altima,Los Angeles,I4,Hybrid,A,RWD,True,True,39.3,43.3,59.4,79.0,108.0
SAMPLE00002187,57133.56,56989.0,2021,380.6,3500,475,Coupe,BMW,Civic,Los Angeles,V6,Diesel,M,AWD,False,True,35.5,44.5,75.8,73.8,100.1
SAMPLE00002188,58364.6,75290.0,2012,119.5,2000,491,Coupe,Toyota,Camry,Chicago,I4,Gasoline,M,AWD,True,False,38.7,43.2,68.6,82.2,109.8
SAMPLE00002189,51574.17,90761.0,2017,157.7,3000,4,Truck,Honda,Camry,Houston,I6,Diesel,M,FWD,True,True,37.4,41.1,76.2,83.9,117.3
SAMPLE00002190,29315.78,83984.0,2018,120.6,2000,285,SUV / Crossover,Ford,3 Series,Chicago,I6,Diesel,A,AWD,True,False,39.9,40.8,76.8,73.1,107.3
SAMPLE00002191,64895.73,72961.0,2016,360.4,3500,277,Truck,BMW,3 Series,Phoenix,I6,Diesel,A,AWD,True,False,39.8,39.2,66.2,72.8,117.6
SAMPLE00002192,51890.28,75740.0,2019,337.8,3000,144,Sedan,Ford,Silverado,Houston,I4,Diesel,M,FWD,False,False,34.8,38.6,76.6,76.7,106.9
SAMPLE00002193,45824.23,26462.0,2020,272.4,2000,393,Hatchback,Nissan,Silverado,Phoenix,V6,Diesel,A,AWD,False,False,41.5,39.5,55.0,84.8,113.2
SAMPLE00002194,21104.42,121910.0,2022,125.1,3000,454,Coupe,Ford,3 Series,Phoenix,I6,Hybrid,M,FWD,False,False,40.2,41.7,59.4,70.8,105.9
SAMPLE00002195,39588.05,81264.0,2022,182.0,2500,195,Hatchback,Chevrolet,3 Series,Houston,I4,Hybrid,A,FWD,False,True,37.8,38.9,71.9,76.4,110.3
SAMPLE00002196,40319.7,19662.0,2013,189.3,2500,425,Sedan,Honda,Camry,Los Angeles,I4,Gasoline,A,FWD,True,False,38.0,44.7,67.1,71.3,116.6
SAMPLE00002197,62551.0,114924.0,2022,268.2,1500,26,Sedan,Toyota,Camry,Chicago,V6,Hybrid,A,RWD,False,False,40.5,39.5,77.8,75.0,117.0
SAMPLE00002198,45065.65,139867.0,2015,177.4,3500,126,SUV / Crossover,Chevrolet,Camry,New York,V6,Hybrid,A,AWD,True,True,37.4,43.8,73.0,74.4,101.5
SAMPLE00002199,35922.03,142096.0,2022,121.9,2000,134,Truck,Nissan,3 Series,New York,I4,Gasoline,M,AWD,False,True,37.3,43.7,70.3,77.7,118.6
SAMPLE00002200,68724.02,55353.0,2020,319.2,3000,22,Coupe,Honda,Silverado,Houston,V6,Hybrid,A,AWD,False,False,38.7,39.0,76.0,68.6,110.4
SAMPLE00002201,21089.63,20328.0,2016,189.7,1500,330,Coupe,Nissan,F-150,Los Angeles,V6,Gasoline,A,FWD,True,False,33.8,43.0,62.8,81.7,104.4
SAMPLE00002202,38240.16,77760.0,2014,235.7,3500,116,Hatchback,Honda,F-150,Los Angeles,V6,Gasoline,M,FWD,True,False,38.2,43.8,58.9,80.1,116.6
SAMPLE00002203,17311.36,16891.0,2017,138.3,3500,391,SUV / Crossover,Honda,Silverado,Los Angeles,V6,Hybrid,M,AWD,False,True,35.0,44.2,67.6,85.0,112.7
SAMPLE00002204,55694.73,140098.0,2014,340.8,3500,7,Sedan,BMW,Silverado,New York,V6,Diesel,A,AWD,False,True,34.1,44.7,60.5,72.3,110.2
SAMPLE00002205,65494.21,27537.0,2016,269.7,2000,100,SUV / Crossover,Chevrolet,Silverado,Phoenix,I4,Gasoline,M,AWD,False,False,40.3,44.5,60.3,82.8,116.2
SAMPLE00002206,30402.05,37915.0,2014,370.5,2500,260,Coupe,Toyota,Camry,New York,I6,Diesel,A,AWD,False,False,36.4,40.2,62.0,78.4,104.1
SAMPLE00002207,62208.79,60995.0,2017,248.6,1500,198,Truck,Chevrolet,Civic,Los Angeles,I4,Gasoline,A,RWD,False,True,37.5,39.9,70.5,71.9,111.6
SAMPLE00002208,31072.0,57475.0,2021,382.4,2000,85,Hatchback,Nissan,3 Series,New York,I4,Hybrid,A,FWD,True,False,35.6,40.8,55.5,73.0,119.2
SAMPLE00002209,65092.36,119199.0,2016,367.6,3000,227,Sedan,Ford,Camry,New York,I4,Diesel,A,RWD,False,True,33.3,41.3,74.5,68.3,112.7
SAMPLE00002210,56467.9,68448.0,2020,272.9,2000,385,Sedan,Nissan,F-150,Chicago,I4,Gasoline,M,AWD,False,False,37.0,39.6,69.1,73.8,112.0
SAMPLE00002211,59269.87,25615.0,2014,380.2,3000,471,Sedan,Honda,3 Series,Houston,I4,Hybrid,M,FWD,False,False,39.8,38.6,62.0,83.3,100.6
SAMPLE00002212,15990.36,40081.0,2017,196.9,3000,178,Truck,Ford,Silverado,Phoenix,V6,Diesel,A,RWD,True,False,39.8,42.6,57.6,69.3,103.7
SAMPLE00002213,67954.57,76367.0,2019,209.7,3500,449,Coupe,Chevrolet,Altima,Chicago,I6,Hybrid,M,RWD,False,True,41.3,39.2,73.2,83.8,112.2
SAMPLE00002214,54966.9,22118.0,2018,113.6,2000,239,Coupe,Toyota,F-150,Houston,V6,Hybrid,M,FWD,True,True,40.6,44.4,65.0,74.5,114.1
SAMPLE00002215,31761.31,91748.0,2017,276.8,2500,11,SUV / Crossover,Ford,Silverado,Los Angeles,I6,Diesel,A,RWD,True,False,41.8,40.0,65.0,80.6,118.0
SAMPLE00002216,60616.71,84862.0,2013,316.6,3000,302,SUV / Crossover,Ford,Altima,Chicago,I4,Gasoline,A,AWD,True,False,38.1,39.4,65.8,79.2,117.4
SAMPLE00002217,30483.67,107205.0,2018,332.1,3500,233,Coupe,BMW,Silverado,Houston,I4,Gasoline,A,RWD,False,True,33.5,39.4,64.5,79.4,107.2
SAMPLE00002218,63001.46,140656.0,2019,144.9,2500,182,Sedan,Chevrolet,Silverado,Chicago,I4,Hybrid,A,RWD,True,False,40.8,40.0,66.8,77.3,113.8
SAMPLE00002219,21191.92,136838.0,2012,233.2,2000,281,Truck,Ford,3 Series,New York,I4,Gasoline,M,AWD,False,False,41.6,42.3,69.5,75.9,109.3
SAMPLE00002220,53702.73,141911.0,2020,153.1,2500,357,Coupe,Chevrolet,F-150,New York,I4,Diesel,A,AWD,False,True,37.2,44.8,64.9,83.8,109.5
SAMPLE00002221,44738.42,36707.0,2015,298.6,2000,375,Truck,Toyota,F-150,Chicago,I4,Diesel,A,RWD,False,False,34.0,41.4,77.4,79.6,118.9
SAMPLE00002222,20309.4,19735.0,2019,147.4,3000,428,Hatchback,Ford,Silverado,Chicago,I4,Hybrid,M,AWD,False,False,33.2,42.2,64.1,78.4,114.7
SAMPLE00002223,28304.16,45342.0,2021,371.2,1500,189,Sedan,Toyota,Camry,Phoenix,I6,Hybrid,A,FWD,True,True,38.5,43.9,59.9,75.1,119.4
SAMPLE00002224,15682.22,134263.0,2018,169.2,1500,325,Hatchback,Nissan,Civic,Los Angeles,I4,Diesel,A,FWD,True,True,39.0,40.3,77.5,71.8,115.5
SAMPLE00002225,40782.24,145808.0,2021,187.4,3000,214,Coupe,Ford,Altima,New York,I4,Diesel,M,AWD,False,False,33.1,39.3,61.8,68.0,114.5
SAMPLE00002226,31569.59,128899.0,2018,355.3,2500,257,SUV / Crossover,Honda,Camry,Chicago,I4,Hybrid,M,AWD,False,True,41.5,41.0,69.3,84.7,108.6
SAMPLE00002227,47909.66,16503.0,2013,237.5,2000,25,Coupe,BMW,3 Series,Houston,I6,Hybrid,A,FWD,True,True,37.9,40.2,74.1,80.9,102.1
SAMPLE00002228,31348.08,142114.0,2012,107.2,1500,269,Hatchback,BMW,Altima,Los Angeles,I6,Diesel,A,FWD,True,True,38.5,44.1,55.1,84.9,112.6
SAMPLE00002229,31495.55,63504.0,2015,248.4,2000,81,Truck,BMW,Civic,Houston,I4,Hybrid,M,RWD,False,True,38.1,44.8,61.5,81.1,109.4
SAMPLE00002230,55875.63,1397.0,2013,125.4,3000,357,Coupe,Toyota,Camry,Los Angeles,V6,Gasoline,A,RWD,False,True,35.9,42.8,67.2,68.8,111.8
SAMPLE00002231,17647.86,66359.0,2019,395.6,2500,184,SUV / Crossover,Chevrolet,Altima,Houston,I6,Diesel,M,RWD,True,False,41.1,42.6,65.5,75.5,105.6
SAMPLE00002232,64659.22,6910.0,2021,276.4,2000,287,Hatchback,BMW,F-150,New York,I4,Diesel,M,RWD,False,False,33.0,43.0,56.7,70.0,103.9
SAMPLE00002233,61874.51,81582.0,2018,177.0,2500,61,Coupe,Nissan,Camry,Chicago,I6,Hybrid,A,FWD,True,True,39.7,41.3,65.3,81.6,105.3
SAMPLE00002234,51729.26,50783.0,2019,269.1,1500,370,Hatchback,Ford,Silverado,Chicago,V6,Hybrid,M,FWD,False,True,36.2,42.4,57.4,71.2,113.2
SAMPLE00002235,47627.19,71015.0,2022,123.1,2000,461,Hatchback,Ford,3 Series,Phoenix,I4,Diesel,A,FWD,False,False,34.7,38.5,60.7,79.2,119.1
SAMPLE00002236,64076.64,91976.0,2017,340.0,3500,29,Sedan,Honda,Camry,Chicago,I6,Hybrid,M,AWD,False,False,36.9,41.5,72.2,79.2,119.8
SAMPLE00002237,25193.16,130320.0,2012,377.6,1500,396,Truck,Toyota,Altima,New York,V6,Gasoline,M,FWD,False,False,34.8,40.3,59.1,78.9,116.2
SAMPLE00002238,19343.3,99285.0,2020,362.3,2500,423,Sedan,Ford,Camry,Los Angeles,I6,Hybrid,A,AWD,False,True,40.8,38.4,70.3,82.9,119.2
SAMPLE00002239,28173.06,65107.0,2017,202.5,3000,30,Hatchback,Ford,Altima,Los Angeles,I6,Diesel,A,AWD,False,False,40.2,41.8,77.4,80.3,105.7
SAMPLE00002240,58701.81,122914.0,2021,197.7,3500,292,SUV / Crossover,Honda,Civic,Chicago,I4,Hybrid,M,AWD,False,False,40.7,40.5,60.7,73.6,100.1
SAMPLE00002241,16906.86,135837.0,2012,110.5,2000,172,SUV / Crossover,Honda,Silverado,Houston,I4,Diesel,A,RWD,False,True,40.5,42.1,61.0,73.4,103.9
SAMPLE00002242,47054.38,17964.0,2012,295.4,1500,101,Sedan,Chevrolet,Civic,Chicago,I6,Gasoline,M,AWD,True,True,40.4,41.6,76.9,68.4,112.7
SAMPLE00002243,69749.06,79790.0,2019,260.5,2000,127,SUV / Crossover,Chevrolet,3 Series,Los Angeles,V6,Diesel,A,FWD,False,False,38.2,39.9,70.3,83.4,118.0
SAMPLE00002244,62063.29,42677.0,2017,237.8,2000,85,Hatchback,Chevrolet,3 Series,Phoenix,I4,Gasoline,A,FWD,True,True,41.1,41.8,72.7,69.8,118.3
SAMPLE00002245,43679.51,7059.0,2019,372.3,3500,314,Coupe,Ford,Altima,Los Angeles,I6,Gasoline,A,FWD,True,True,33.5,40.7,73.2,76.1,116.6
SAMPLE00002246,18500.25,100282.0,2019,150.4,3500,27,Hatchback,Honda,Silverado,Houston,I6,Gasoline,A,FWD,False,True,35.6,44.4,71.8,76.6,115.2
SAMPLE00002247,60725.54,129416.0,2022,102.9,3500,121,Coupe,Nissan,Civic,Houston,I4,Gasoline,M,FWD,False,False,34.9,40.6,77.5,75.6,106.1
SAMPLE00002248,47943.82,24435.0,2019,122.0,3500,250,SUV / Crossover,Toyota,Silverado,Phoenix,I4,Gasoline,A,FWD,True,False,34.1,38.3,61.3,77.8,101.8
SAMPLE00002249,21321.31,121862.0,2021,167.0,3000,60,Truck,Chevrolet,Civic,Houston,I6,Hybrid,A,AWD,False,False,33.1,43.3,66.9,80.4,110.5
SAMPLE00002250,20162.15,128009.0,2018,110.0,2500,402,Truck,Nissan,Altima,Chicago,I4,Gasoline,A,FWD,True,False,36.6,44.7,70.3,71.3,106.7
SAMPLE00002251,65029.48,137151.0,2018,250.9,3500,170,Hatchback,BMW,Altima,Chicago,I6,Hybrid,A,AWD,True,False,39.5,39.2,71.3,69.3,102.6
SAMPLE00002252,51806.01,39793.0,2021,194.2,1500,442,Hatchback,Ford,Altima,Los Angeles,V6,Hybrid,A,RWD,True,False,38.8,44.8,59.4,82.6,109.2
SAMPLE00002253,60610.77,135593.0,2015,154.1,2000,271,SUV / Crossover,Toyota,F-150,New York,I4,Hybrid,A,FWD,True,True,38.9,42.3,75.1,76.4,110.5
SAMPLE00002254,63343.84,48099.0,2020,325.0,3500,324,Truck,Ford,Silverado,Chicago,I4,Diesel,A,RWD,True,False,41.0,43.9,73.7,70.2,115.5
SAMPLE00002255,46447.48,82851.0,2013,161.3,1500,299,Truck,Nissan,3 Series,Chicago,I6,Diesel,M,RWD,False,False,41.6,41.3,61.1,79.4,116.2
SAMPLE00002256,43459.55,7576.0,2022,306.3,3000,112,Hatchback,Chevrolet,Civic,Phoenix,I4,Gasoline,M,RWD,True,False,39.1,42.4,67.5,71.8,109.4
SAMPLE00002257,38673.51,6582.0,2020,204.8,1500,193,Truck,Nissan,F-150,Chicago,V6,Hybrid,A,FWD,True,True,33.8,43.9,61.8,69.4,118.4
SAMPLE00002258,32432.06,108056.0,2021,253.5,1500,393,Hatchback,Nissan,3 Series,Los Angeles,I6,Diesel,M,AWD,False,True,39.1,44.9,63.4,72.8,115.8
SAMPLE00002259,38902.78,66672.0,2014,380.2,3000,430,Sedan,Ford,Civic,Phoenix,V6,Hybrid,A,RWD,True,False,38.0,39.3,67.3,73.0,108.6
SAMPLE00002260,57563.38,38444.0,2013,111.2,3000,18,Truck,Chevrolet,F-150,Chicago,V6,Diesel,M,FWD,False,True,33.6,44.3,67.4,82.8,107.0
SAMPLE00002261,48105.79,28562.0,2015,250.1,2000,339,Coupe,Ford,3 Series,Los Angeles,V6,Hybrid,A,AWD,False,True,35.3,42.7,67.2,73.2,106.4
SAMPLE00002262,64088.78,100493.0,2016,356.3,3500,92,SUV / Crossover,Chevrolet,3 Series,Phoenix,V6,Diesel,A,RWD,True,False,35.1,44.6,67.5,81.3,109.3
SAMPLE00002263,39385.9,60.0,2013,276.4,1500,216,Hatchback,Honda,F-150,New York,I6,Gasoline,A,FWD,False,True,40.0,40.2,69.6,77.8,106.6
SAMPLE00002264,48389.93,120884.0,2012,183.1,2500,464,Truck,Honda,3 Series,Los Angeles,I4,Gasoline,M,AWD,True,True,36.1,39.7,55.4,69.6,109.4
SAMPLE00002265,49721.92,11887.0,2021,219.3,2500,178,Truck,Honda,Civic,Chicago,V6,Gasoline,A,AWD,False,False,37.5,40.6,58.2,70.7,111.5
SAMPLE00002266,47543.34,28723.0,2022,304.1,2000,498,Hatchback,Honda,Civic,Phoenix,V6,Hybrid,A,FWD,False,True,40.1,44.2,65.8,69.4,103.3
SAMPLE00002267,53644.86,57935.0,2016,367.2,2500,396,Coupe,Honda,3 Series,New York,I6,Gasoline,A,RWD,False,True,41.4,41.2,71.3,74.8,116.0
SAMPLE00002268,28058.84,72729.0,2020,112.3,2000,190,Truck,BMW,Camry,Los Angeles,V6,Gasoline,A,FWD,True,False,37.8,44.7,66.7,84.5,102.3
SAMPLE00002269,43180.01,53249.0,2016,121.5,3500,492,Sedan,Ford,Altima,New York,V6,Diesel,A,RWD,False,False,38.0,39.7,69.5,71.1,108.1
SAMPLE00002270,20732.36,48107.0,2022,197.5,2000,399,SUV / Crossover,Nissan,F-150,Los Angeles,V6,Diesel,M,FWD,True,True,33.9,39.5,77.3,73.8,103.3
SAMPLE00002271,36148.12,144587.0,2021,169.8,3000,436,Hatchback,Honda,Camry,Chicago,V6,Diesel,M,AWD,True,True,37.4,42.7,71.8,81.9,106.1
SAMPLE00002272,41821.69,96237.0,2020,179.5,3000,162,Truck,BMW,Civic,Los Angeles,I4,Gasoline,M,AWD,True,False,39.2,40.0,76.6,82.9,109.2
SAMPLE00002273,50872.33,3515.0,2021,166.4,3000,99,SUV / Crossover,BMW,3 Series,Chicago,V6,Diesel,A,AWD,False,True,34.7,38.9,55.4,80.5,115.0
SAMPLE00002274,67279.21,64526.0,2017,158.7,3000,186,Hatchback,Ford,Silverado,Los Angeles,I6,Diesel,A,AWD,False,True,34.0,40.6,65.3,75.9,112.5
SAMPLE00002275,48035.81,131251.0,2014,139.2,3000,294,Hatchback,Ford,Silverado,Phoenix,I4,Gasoline,A,AWD,False,True,40.8,39.9,63.2,79.0,107.2
SAMPLE00002276,55897.67,45218.0,2015,380.2,3000,66,Hatchback,Chevrolet,Altima,Los Angeles,I6,Diesel,M,FWD,False,True,34.0,40.9,71.2,75.7,111.8
SAMPLE00002277,42844.63,14183.0,2015,143.3,3000,72,Coupe,Chevrolet,Camry,Los Angeles,I4,Hybrid,A,FWD,False,False,41.2,39.3,76.4,82.4,105.9
SAMPLE00002278,49875.72,113758.0,2012,161.3,3000,231,Sedan,Honda,Camry,Houston,I4,Diesel,M,FWD,False,False,35.5,44.7,55.9,75.0,116.8
SAMPLE00002279,18901.27,90902.0,2014,173.9,3000,188,Hatchback,Toyota,Camry,Houston,V6,Hybrid,A,RWD,False,False,36.0,43.6,56.3,81.9,109.7
SAMPLE00002280,28991.54,85547.0,2014,379.9,3500,49,Coupe,Chevrolet,Civic,Los Angeles,V6,Diesel,A,RWD,False,True,37.7,43.9,70.5,78.0,114.3
SAMPLE00002281,34901.92,8036.0,2012,326.7,3000,308,Hatchback,Toyota,Altima,Houston,I6,Diesel,M,AWD,False,True,34.7,40.1,63.0,76.9,106.2
SAMPLE00002282,40987.13,21075.0,2020,336.9,2000,301,Hatchback,Nissan,Altima,Chicago,I4,Hybrid,A,AWD,False,False,39.2,44.0,59.7,79.2,113.5
SAMPLE00002283,17510.68,93382.0,2022,131.4,3500,307,Coupe,Chevrolet,Civic,Houston,I4,Gasoline,A,AWD,True,True,37.7,42.1,77.0,73.0,118.5
SAMPLE00002284,22701.33,31174.0,2012,350.9,2500,123,Sedan,Nissan,Altima,Los Angeles,V6,Hybrid,M,RWD,False,False,41.5,38.4,55.3,74.7,102.2
SAMPLE00002285,30224.79,75611.0,2020,222.5,1500,156,SUV / Crossover,BMW,3 Series,New York,I4,Gasoline,M,RWD,False,False,41.2,39.1,61.3,81.7,111.8
SAMPLE00002286,68434.3,81732.0,2012,178.8,3500,260,Truck,BMW,Civic,New York,V6,Diesel,M,FWD,True,True,39.9,41.1,62.6,74.5,110.0
SAMPLE00002287,33224.09,42526.0,2013,272.7,3000,194,Hatchback,Nissan,3 Series,Los Angeles,V6,Gasoline,A,RWD,True,True,34.7,40.8,73.0,79.1,110.8
SAMPLE00002288,41512.26,142264.0,2013,346.7,3500,329,Sedan,BMW,3 Series,Los Angeles,I6,Gasoline,A,AWD,False,False,34.9,43.6,67.9,79.3,103.9
SAMPLE00002289,25785.37,126370.0,2017,333.6,1500,350,Truck,Nissan,Camry,New York,V6,Hybrid,M,FWD,True,True,35.4,44.1,62.6,82.8,100.5
SAMPLE00002290,48592.9,108356.0,2018,367.0,1500,330,Hatchback,Toyota,Silverado,Phoenix,V6,Gasoline,M,RWD,False,False,40.5,44.1,58.9,75.5,101.4
SAMPLE00002291,30437.58,11699.0,2022,378.4,3000,255,Truck,Honda,Camry,Houston,I4,Gasoline,A,FWD,True,True,38.8,40.6,60.0,83.3,105.7
SAMPLE00002292,26384.59,15920.0,2012,171.4,3000,464,Coupe,Nissan,Civic,Phoenix,I6,Hybrid,A,RWD,True,False,34.6,42.5,55.9,84.9,117.1
SAMPLE00002293,43411.49,73917.0,2014,227.2,2000,423,Sedan,Chevrolet,F-150,Chicago,I6,Gasoline,A,RWD,False,True,37.1,41.5,74.2,70.9,116.1
SAMPLE00002294,15302.82,24107.0,2013,104.4,1500,488,Sedan,Chevrolet,Civic,New York,I6,Gasoline,A,RWD,True,True,41.8,44.2,57.7,80.2,119.9
SAMPLE00002295,15421.52,146740.0,2019,363.8,3000,199,SUV / Crossover,Toyota,Silverado,New York,V6,Hybrid,A,AWD,False,True,39.6,44.2,73.9,79.9,114.8
SAMPLE00002296,27048.78,23778.0,2020,146.4,1500,371,SUV / Crossover,Nissan,Civic,Phoenix,I6,Hybrid,M,RWD,False,False,41.4,38.4,58.2,75.8,107.0
SAMPLE00002297,17019.67,73120.0,2013,358.4,2000,385,Truck,BMW,Silverado,Chicago,V6,Hybrid,A,AWD,True,False,40.3,42.0,75.8,73.2,118.4
SAMPLE00002298,20941.42,54618.0,2013,198.8,2500,67,Coupe,Honda,F-150,Phoenix,V6,Gasoline,A,FWD,False,True,39.5,41.5,70.6,68.5,115.8
SAMPLE00002299,33637.34,95908.0,2021,210.4,1500,445,Truck,Chevrolet,F-150,Chicago,V6,Diesel,M,RWD,True,True,40.5,43.4,63.1,78.8,114.0
SAMPLE00002300,59142.21,19355.0,2020,111.7,2000,79,Hatchback,Honda,Altima,Los Angeles,V6,Hybrid,M,AWD,False,True,39.2,39.4,64.0,73.4,110.7
SAMPLE00002301,46462.68,64547.0,2015,198.1,2000,232,Sedan,Honda,3 Series,Los Angeles,I6,Hybrid,A,AWD,False,True,38.1,42.9,61.5,77.4,114.3
SAMPLE00002302,43196.72,41206.0,2016,366.5,2000,185,Truck,Ford,Civic,New York,I6,Gasoline,A,FWD,True,False,39.6,43.2,59.9,70.1,119.2
SAMPLE00002303,31141.89,133163.0,2022,107.7,3500,104,Truck,Honda,3 Series,Los Angeles,I4,Diesel,A,FWD,False,True,35.1,38.2,76.0,68.8,117.2
SAMPLE00002304,66246.45,6088.0,2020,221.9,3000,468,Sedan,Nissan,Camry,Phoenix,I6,Diesel,M,FWD,True,True,37.4,41.0,59.2,81.6,103.9
SAMPLE00002305,36835.83,137059.0,2017,109.4,1500,324,Sedan,Ford,Camry,Chicago,I4,Gasoline,A,RWD,True,False,41.6,44.9,59.0,70.1,102.0
SAMPLE00002306,19790.1,124949.0,2021,211.3,3500,441,SUV / Crossover,Toyota,Camry,New York,I6,Hybrid,A,RWD,False,True,40.3,40.1,63.3,70.3,100.3
SAMPLE00002307,48938.66,44636.0,2020,151.8,1500,418,SUV / Crossover,BMW,Altima,Los Angeles,I6,Gasoline,A,FWD,True,True,41.3,44.2,77.6,77.7,114.3
SAMPLE00002308,21261.11,118394.0,2020,175.7,3500,141,Sedan,Ford,Camry,New York,I6,Diesel,M,RWD,False,True,41.7,42.1,65.7,80.4,105.6
SAMPLE00002309,33987.27,4682.0,2018,363.3,3000,398,Truck,Honda,Camry,New York,V6,Hybrid,A,AWD,False,False,38.3,40.1,63.2,68.1,114.4
SAMPLE00002310,42907.66,145030.0,2021,230.8,2000,389,Hatchback,BMW,Civic,Chicago,I6,Diesel,A,AWD,True,True,34.8,43.9,78.0,75.5,103.7
SAMPLE00002311,63082.24,78989.0,2020,182.1,1500,271,Truck,Honda,3 Series,Phoenix,I6,Diesel,A,RWD,True,True,39.7,44.9,72.0,78.7,108.7
SAMPLE00002312,42145.06,45492.0,2016,276.8,2000,342,Hatchback,Honda,3 Series,Phoenix,I4,Diesel,A,RWD,False,False,33.1,43.2,76.7,80.5,100.3
SAMPLE00002313,53624.23,54387.0,2016,142.6,3000,123,Sedan,Ford,Silverado,Houston,I6,Diesel,M,AWD,False,False,33.8,38.4,60.7,84.1,102.2
SAMPLE00002314,69604.93,9961.0,2019,177.8,1500,222,Hatchback,Toyota,Camry,Phoenix,V6,Hybrid,A,AWD,False,True,35.6,38.4,72.3,68.3,101.6
SAMPLE00002315,22231.9,148402.0,2021,263.9,2500,489,SUV / Crossover,Honda,F-150,Los Angeles,I6,Hybrid,M,RWD,False,False,33.1,41.4,75.5,83.3,115.8
SAMPLE00002316,30110.23,5894.0,2015,171.3,2500,173,Sedan,Nissan,Silverado,Houston,I4,Hybrid,M,RWD,True,False,39.2,38.0,67.2,84.4,118.1
SAMPLE00002317,36701.68,98236.0,2020,303.7,2500,190,Coupe,Ford,Silverado,Houston,I6,Gasoline,M,FWD,True,False,40.3,42.7,64.7,82.7,103.5
SAMPLE00002318,38200.55,66410.0,2018,247.4,3000,139,Hatchback,Nissan,Civic,Houston,I6,Hybrid,A,FWD,False,True,39.8,38.1,61.8,84.1,110.5
SAMPLE00002319,37606.16,142337.0,2018,331.6,2500,296,Hatchback,Nissan,Silverado,Houston,I4,Diesel,A,RWD,True,True,34.3,44.8,68.0,70.0,103.0
SAMPLE00002320,64918.61,36900.0,2014,384.5,1500,118,Coupe,Honda,F-150,Phoenix,I6,Diesel,A,AWD,True,False,40.2,44.2,59.4,84.9,115.6
SAMPLE00002321,54271.8,79813.0,2015,134.7,2500,274,Coupe,Nissan,3 Series,Houston,I4,Hybrid,M,RWD,False,False,40.5,43.7,64.9,81.0,116.4
SAMPLE00002322,48434.79,72353.0,2018,200.4,1500,75,Sedan,BMW,Silverado,Los Angeles,I4,Hybrid,A,AWD,True,True,33.9,43.7,70.7,69.2,115.7
SAMPLE00002323,32015.5,105430.0,2022,195.9,3000,108,Truck,Toyota,Civic,Los Angeles,V6,Gasoline,M,RWD,False,True,37.4,43.8,70.0,79.5,105.0
SAMPLE00002324,60308.47,10202.0,2022,145.4,2000,118,Coupe,Honda,Camry,New York,V6,Hybrid,M,RWD,True,True,39.2,41.0,71.1,80.0,106.8
SAMPLE00002325,67528.33,29068.0,2016,343.1,3500,460,Hatchback,Nissan,F-150,Los Angeles,I4,Gasoline,M,AWD,False,True,36.7,43.5,68.5,78.7,104.2
SAMPLE00002326,60165.91,32185.0,2014,328.0,2500,368,Coupe,Toyota,Camry,New York,V6,Hybrid,A,AWD,True,False,41.0,40.6,55.1,82.9,100.1
SAMPLE00002327,15086.08,110723.0,2012,245.3,3500,257,Sedan,Toyota,Altima,Los Angeles,V6,Gasoline,A,RWD,False,False,37.8,43.9,55.6,80.7,101.3
SAMPLE00002328,50002.08,28371.0,2018,261.3,2000,19,Sedan,BMW,Silverado,Houston,I4,Hybrid,M,AWD,False,True,34.1,42.3,68.3,70.7,119.7
SAMPLE00002329,17812.45,86024.0,2017,117.9,3000,118,Hatchback,BMW,3 Series,Chicago,I6,Hybrid,M,AWD,False,True,37.8,40.5,77.2,72.3,118.3
SAMPLE00002330,29168.4,32287.0,2021,266.7,3000,350,Hatchback,Chevrolet,Civic,Houston,I6,Hybrid,M,RWD,False,False,38.2,43.2,59.5,75.9,101.6
SAMPLE00002331,18273.86,129244.0,2018,337.4,2000,136,Hatchback,Toyota,F-150,Phoenix,I6,Gasoline,A,FWD,False,True,41.6,39.7,71.5,74.7,109.2
SAMPLE00002332,48208.75,141328.0,2013,272.1,3500,276,Truck,Honda,3 Series,New York,V6,Diesel,M,FWD,True,False,36.8,44.8,65.0,79.3,119.5
SAMPLE00002333,52762.45,77774.0,2015,179.6,2500,254,Hatchback,BMW,F-150,Chicago,V6,Gasoline,A,AWD,True,True,41.0,42.7,58.2,70.3,101.1
SAMPLE00002334,21296.82,52846.0,2013,300.3,1500,263,Sedan,Honda,Civic,Los Angeles,I6,Hybrid,A,RWD,True,True,35.9,40.8,55.8,74.0,113.4
SAMPLE00002335,36111.14,35109.0,2019,208.4,3000,166,Sedan,Toyota,Civic,Houston,I4,Diesel,M,AWD,True,True,37.1,41.9,71.4,72.1,102.1
SAMPLE00002336,40093.01,7467.0,2018,263.5,2000,164,Coupe,BMW,Silverado,New York,I4,Gasoline,A,RWD,False,False,39.1,43.2,58.3,73.0,107.0
SAMPLE00002337,35297.92,40275.0,2012,246.3,3500,28,Hatchback,Chevrolet,F-150,New York,I4,Gasoline,A,FWD,False,False,41.0,43.6,61.9,80.1,100.9
SAMPLE00002338,21656.38,98135.0,2013,214.4,2500,466,Truck,Toyota,Altima,Los Angeles,V6,Diesel,M,FWD,True,False,40.0,44.8,64.2,69.4,112.0
SAMPLE00002339,38042.13,80043.0,2013,315.7,3500,34,SUV / Crossover,Honda,Altima,New York,I6,Hybrid,A,FWD,False,False,34.4,39.5,71.2,83.1,114.0
SAMPLE00002340,56314.79,141606.0,2015,365.2,2500,236,Coupe,Chevrolet,Silverado,Los Angeles,I4,Diesel,A,AWD,True,True,34.7,41.5,63.9,78.9,100.8
SAMPLE00002341,18905.42,59442.0,2014,101.6,1500,293,Truck,Toyota,F-150,Los Angeles,I6,Hybrid,A,FWD,True,True,33.6,38.6,63.9,75.0,110.1
SAMPLE00002342,19409.9,104080.0,2012,380.1,1500,89,Hatchback,BMW,F-150,Houston,I6,Diesel,A,FWD,False,False,38.6,38.6,73.3,76.3,106.0
SAMPLE00002343,34512.42,73398.0,2013,253.5,2000,202,Truck,Nissan,Camry,New York,V6,Gasoline,A,AWD,True,False,37.0,38.7,55.2,79.9,114.2
SAMPLE00002344,66794.91,76886.0,2022,310.2,2000,227,SUV / Crossover,Toyota,Silverado,Phoenix,I4,Gasoline,A,RWD,True,False,40.9,39.8,72.3,80.4,110.2
SAMPLE00002345,51771.5,40166.0,2020,356.7,2500,418,Truck,Ford,F-150,Phoenix,V6,Gasoline,A,FWD,True,True,41.9,42.9,67.0,81.7,100.3
SAMPLE00002346,52326.85,68243.0,2012,240.1,2500,67,SUV / Crossover,Honda,F-150,Houston,I6,Hybrid,M,RWD,False,True,40.9,44.0,67.5,72.5,105.3
SAMPLE00002347,34905.6,70618.0,2020,350.5,2500,130,SUV / Crossover,BMW,Civic,Houston,I6,Hybrid,M,RWD,True,False,33.4,41.1,62.9,82.6,109.7
SAMPLE00002348,47651.34,105996.0,2018,153.3,2500,364,SUV / Crossover,BMW,Camry,Los Angeles,I6,Diesel,A,AWD,True,False,41.5,41.9,57.1,82.1,101.9
SAMPLE00002349,15557.22,141096.0,2013,147.8,1500,110,Truck,Ford,Altima,Phoenix,I4,Hybrid,A,RWD,False,False,33.9,39.4,57.1,82.5,117.7
SAMPLE00002350,49985.28,49398.0,2013,297.2,2000,11,Hatchback,Nissan,Altima,New York,I4,Hybrid,M,RWD,False,True,37.0,43.5,62.8,69.4,117.9
SAMPLE00002351,65230.78,6330.0,2016,361.0,2000,287,Sedan,Chevrolet,Civic,Phoenix,I4,Diesel,A,AWD,False,True,35.7,44.2,71.6,70.4,102.3
SAMPLE00002352,48691.54,74444.0,2016,367.7,3000,174,Sedan,BMW,Silverado,Houston,I6,Hybrid,A,RWD,False,True,34.4,41.4,75.5,78.6,117.7
SAMPLE00002353,63053.42,81669.0,2015,293.1,2000,318,Truck,Chevrolet,Altima,Houston,I6,Diesel,A,FWD,False,False,34.5,39.1,73.7,84.2,111.5
SAMPLE00002354,54818.52,25266.0,2021,257.6,2000,153,Hatchback,Chevrolet,Silverado,Los Angeles,I4,Hybrid,A,AWD,False,True,36.1,38.0,73.4,69.9,117.3
SAMPLE00002355,21630.71,114070.0,2021,199.4,3500,42,Sedan,Chevrolet,F-150,New York,I6,Hybrid,M,AWD,False,True,33.2,41.8,55.1,80.6,112.6
SAMPLE00002356,64634.93,147739.0,2014,394.0,3500,362,SUV / Crossover,Nissan,3 Series,Houston,I6,Gasoline,M,AWD,True,True,33.6,41.5,59.4,70.3,118.3
SAMPLE00002357,18654.41,141866.0,2015,195.9,3000,204,Truck,Toyota,Civic,New York,I6,Hybrid,A,FWD,False,True,39.4,44.5,76.7,84.2,109.2
SAMPLE00002358,44368.21,29566.0,2021,323.3,2500,171,Truck,Ford,Silverado,Phoenix,I4,Diesel,M,RWD,True,False,38.6,38.3,75.0,81.6,120.0
SAMPLE00002359,22817.54,131304.0,2015,259.6,3000,293,Coupe,Honda,F-150,Los Angeles,V6,Diesel,A,RWD,True,True,33.9,39.0,57.9,72.9,117.2
SAMPLE00002360,15643.86,105674.0,2013,282.6,3000,284,Coupe,Ford,F-150,Phoenix,V6,Gasoline,M,RWD,False,True,36.9,39.4,69.6,68.8,112.6
SAMPLE00002361,38211.88,68077.0,2016,218.0,1500,310,Coupe,BMW,Civic,Houston,V6,Diesel,A,FWD,True,False,38.5,41.8,65.0,75.4,107.8
SAMPLE00002362,31227.24,81092.0,2016,389.4,2000,51,Hatchback,Ford,Altima,Houston,I4,Gasoline,M,RWD,True,True,33.9,40.0,55.2,76.9,112.3
SAMPLE00002363,41730.03,127440.0,2016,271.5,1500,114,Truck,Honda,F-150,New York,I6,Hybrid,A,RWD,False,False,41.7,39.4,73.4,77.0,114.6
SAMPLE00002364,46745.99,72020.0,2022,381.3,2000,18,Coupe,Toyota,Camry,Houston,V6,Gasoline,A,FWD,True,False,40.6,41.6,76.7,82.5,106.9
SAMPLE00002365,17405.65,55981.0,2022,102.3,3000,34,Truck,BMW,Altima,New York,V6,Hybrid,M,FWD,True,True,35.0,38.3,76.2,84.7,110.8
SAMPLE00002366,21765.18,73987.0,2021,271.8,2000,47,SUV / Crossover,Toyota,3 Series,Chicago,I4,Diesel,M,RWD,True,True,37.7,44.8,63.8,75.3,117.8
SAMPLE00002367,45725.33,86869.0,2012,315.2,2500,232,Coupe,BMW,Civic,Houston,I6,Gasoline,A,FWD,False,True,37.6,44.0,73.1,70.8,119.0
SAMPLE00002368,33874.2,28362.0,2017,323.5,2500,218,Truck,Honda,Civic,Phoenix,I6,Diesel,M,FWD,False,False,36.0,39.9,66.5,74.4,112.4
SAMPLE00002369,55104.54,135136.0,2022,371.5,3000,109,Hatchback,Toyota,Civic,Phoenix,I4,Diesel,M,FWD,False,False,39.8,40.4,77.5,80.1,103.0
SAMPLE00002370,50876.04,101128.0,2013,101.3,3500,253,Hatchback,Honda,F-150,New York,V6,Diesel,A,AWD,True,False,38.9,39.7,77.2,77.9,115.3
SAMPLE00002371,61508.24,94990.0,2018,100.1,2500,187,Hatchback,Honda,F-150,Chicago,I6,Diesel,M,AWD,True,False,40.8,44.5,72.8,69.5,105.0
SAMPLE00002372,53087.11,14924.0,2015,241.7,3000,30,Coupe,Nissan,Civic,Houston,I6,Diesel,A,RWD,False,True,33.0,42.6,65.8,71.6,101.3
SAMPLE00002373,38646.21,90626.0,2016,108.8,1500,258,Hatchback,Ford,Civic,Los Angeles,V6,Gasoline,M,RWD,False,True,38.4,41.6,75.7,79.8,107.4
SAMPLE00002374,52013.16,18144.0,2016,392.4,3500,162,Sedan,BMW,Camry,Los Angeles,I4,Diesel,A,FWD,True,False,41.9,41.6,60.2,79.9,105.4
SAMPLE00002375,30145.96,11805.0,2016,166.6,2500,343,SUV / Crossover,Chevrolet,Silverado,Phoenix,V6,Gasoline,A,RWD,True,True,40.1,39.2,59.9,78.4,110.3
SAMPLE00002376,31847.24,79097.0,2013,241.8,3000,307,Truck,Chevrolet,Altima,Houston,I6,Gasoline,M,AWD,True,False,36.1,44.7,67.8,73.0,100.0
SAMPLE00002377,58394.18,60418.0,2016,118.3,3000,70,Sedan,Toyota,Altima,Los Angeles,I4,Gasoline,A,RWD,True,True,34.4,44.4,73.8,70.8,113.6
SAMPLE00002378,39553.07,88322.0,2014,256.6,1500,306,Coupe,Honda,Camry,New York,V6,Diesel,A,RWD,True,False,36.9,44.7,56.4,71.9,108.8
SAMPLE00002379,58910.92,13383.0,2015,214.0,1500,55,Truck,Ford,Civic,Houston,V6,Diesel,M,AWD,False,False,36.8,40.0,73.0,81.7,105.2
SAMPLE00002380,60233.23,64647.0,2013,113.4,3500,98,Truck,BMW,F-150,Phoenix,I4,Gasoline,A,AWD,False,False,38.3,41.3,76.8,76.3,105.4
SAMPLE00002381,62165.93,26218.0,2015,200.5,2500,20,Hatchback,Toyota,F-150,Chicago,I6,Diesel,M,FWD,True,True,33.6,41.6,67.6,74.0,100.8
SAMPLE00002382,65414.94,148065.0,2020,217.4,3000,384,Truck,Honda,Civic,New York,I4,Gasoline,M,FWD,True,True,36.5,41.4,59.9,70.3,104.5
SAMPLE00002383,38704.19,84173.0,2019,397.0,3500,107,Truck,Nissan,Silverado,New York,I4,Diesel,A,FWD,True,False,40.7,38.1,69.5,74.7,102.4
SAMPLE00002384,32537.68,103116.0,2022,162.4,3500,52,SUV / Crossover,Chevrolet,3 Series,Houston,I6,Diesel,M,RWD,False,False,38.8,43.8,59.5,75.1,108.7
SAMPLE00002385,47020.93,48813.0,2014,263.4,1500,5,Coupe,Chevrolet,3 Series,Chicago,V6,Gasoline,M,RWD,False,False,36.9,43.2,64.0,83.1,109.9
SAMPLE00002386,35414.48,14211.0,2012,396.2,3000,230,Sedan,BMW,Camry,New York,I4,Diesel,A,RWD,True,True,35.8,41.3,71.1,84.0,116.5
SAMPLE00002387,48059.08,146381.0,2012,337.6,2000,481,Hatchback,BMW,Altima,Chicago,I4,Gasoline,M,AWD,True,False,35.5,39.9,63.8,82.3,111.3
SAMPLE00002388,53807.22,42939.0,2017,398.0,1500,81,SUV / Crossover,BMW,Silverado,Phoenix,V6,Gasoline,A,RWD,True,True,39.7,42.4,66.1,74.6,111.7
SAMPLE00002389,52862.28,63571.0,2014,390.5,3000,445,Sedan,Toyota,3 Series,New York,I6,Diesel,M,AWD,False,True,36.9,39.0,67.5,77.5,101.9
SAMPLE00002390,35600.41,97480.0,2015,246.9,3500,216,Sedan,BMW,Silverado,Los Angeles,V6,Diesel,A,RWD,False,False,35.2,45.0,62.8,82.3,107.0
SAMPLE00002391,24177.31,3705.0,2012,308.9,3500,334,SUV / Crossover,Toyota,F-150,Phoenix,V6,Gasoline,M,RWD,False,True,40.3,38.9,56.8,68.9,115.9
SAMPLE00002392,38679.11,121539.0,2019,133.1,2500,46,Hatchback,Ford,F-150,Phoenix,I4,Gasoline,A,AWD,True,False,35.4,38.4,66.8,77.1,111.7
SAMPLE00002393,22842.68,80487.0,2012,232.3,2000,351,Coupe,Honda,Silverado,New York,I4,Gasoline,A,AWD,True,False,33.6,42.3,66.2,74.8,107.5
SAMPLE00002394,63955.34,41733.0,2016,342.7,1500,361,SUV / Crossover,Chevrolet,Civic,Los Angeles,I6,Hybrid,M,AWD,False,True,37.9,41.2,64.8,74.5,108.6
SAMPLE00002395,34023.26,9241.0,2017,251.6,2500,240,SUV / Crossover,Toyota,3 Series,Chicago,I4,Diesel,A,FWD,False,True,35.5,43.0,59.2,74.0,102.3
SAMPLE00002396,23495.29,24375.0,2013,310.8,2500,177,SUV / Crossover,Honda,3 Series,Los Angeles,V6,Hybrid,A,FWD,False,True,33.0,38.9,56.2,78.9,100.5
SAMPLE00002397,16399.63,134255.0,2018,323.7,2000,81,Hatchback,Nissan,F-150,Phoenix,V6,Gasoline,A,RWD,False,True,37.5,40.5,74.0,75.1,102.9
SAMPLE00002398,50520.23,102904.0,2018,176.0,1500,286,SUV / Crossover,BMW,Altima,New York,I6,Hybrid,M,RWD,True,True,41.1,41.5,67.2,73.5,105.9
SAMPLE00002399,50029.63,37485.0,2012,362.7,1500,191,SUV / Crossover,Chevrolet,Camry,Los Angeles,I4,Gasoline,A,RWD,True,True,38.8,41.1,77.5,77.6,105.7
SAMPLE00002400,33733.23,9840.0,2015,237.9,3500,412,Truck,Nissan,3 Series,Los Angeles,I4,Hybrid,M,FWD,True,True,33.2,42.1,77.5,74.3,114.1
SAMPLE00002401,18944.15,103592.0,2015,163.1,1500,142,Truck,Toyota,F-150,Phoenix,I6,Hybrid,M,RWD,True,False,36.4,38.7,68.3,68.6,103.2
SAMPLE00002402,37529.59,85861.0,2016,359.6,2500,313,Truck,BMW,F-150,Chicago,I6,Diesel,M,AWD,False,True,35.2,41.5,66.3,75.1,115.2
SAMPLE00002403,32116.96,60678.0,2012,225.3,3500,278,Truck,Honda,Silverado,Los Angeles,I4,Diesel,A,AWD,True,False,39.0,41.9,59.3,71.3,114.2
SAMPLE00002404,52241.64,54542.0,2012,325.1,1500,421,SUV / Crossover,Ford,Silverado,Los Angeles,I6,Hybrid,M,FWD,False,True,37.1,44.2,63.7,69.7,103.0
SAMPLE00002405,48317.86,32522.0,2018,264.4,2000,40,Truck,Honda,Altima,Houston,V6,Gasoline,A,AWD,False,True,34.6,42.0,73.1,82.8,113.2
SAMPLE00002406,35052.66,100442.0,2020,214.6,2500,458,Sedan,Toyota,Silverado,Phoenix,I6,Diesel,M,AWD,True,False,37.1,41.8,77.2,79.8,106.6
SAMPLE00002407,26984.09,145600.0,2012,343.0,3000,270,Coupe,Ford,Camry,Houston,V6,Hybrid,M,RWD,False,False,41.4,43.7,68.8,74.5,102.1
SAMPLE00002408,69341.98,26357.0,2013,275.3,2000,86,Truck,Ford,3 Series,Phoenix,V6,Gasoline,M,AWD,False,False,36.7,38.5,69.2,84.7,112.5
SAMPLE00002409,39970.09,89567.0,2017,217.2,2000,2,Hatchback,BMW,Camry,Phoenix,V6,Diesel,A,AWD,True,False,40.8,42.5,76.7,74.2,115.9
SAMPLE00002410,52855.08,63628.0,2017,132.9,1500,210,Coupe,Honda,Camry,Houston,I4,Hybrid,M,FWD,True,True,37.3,43.7,57.9,72.2,119.2
SAMPLE00002411,22730.41,67003.0,2013,368.6,3500,0,Sedan,Toyota,Silverado,Chicago,V6,Gasoline,A,AWD,True,True,39.8,38.7,69.1,76.0,111.0
SAMPLE00002412,41707.43,38122.0,2020,110.6,3500,471,Coupe,Nissan,Altima,Chicago,I6,Gasoline,A,AWD,True,False,40.1,43.7,68.5,84.1,111.3
SAMPLE00002413,16514.52,123770.0,2015,359.0,2500,496,Coupe,Nissan,F-150,Phoenix,V6,Hybrid,M,RWD,False,True,39.8,43.5,59.7,79.3,109.3
SAMPLE00002414,42800.03,72788.0,2018,208.0,1500,74,Sedan,Ford,Civic,Houston,I4,Gasoline,M,RWD,True,True,38.7,38.0,72.8,80.4,106.2
SAMPLE00002415,68020.96,81511.0,2017,291.8,3500,477,Truck,BMW,F-150,Los Angeles,I4,Hybrid,M,RWD,True,False,41.6,39.7,57.7,70.8,102.9
SAMPLE00002416,36131.37,45714.0,2022,376.7,3000,497,Sedan,Nissan,F-150,Phoenix,I4,Gasoline,A,FWD,True,False,41.4,39.1,56.5,68.7,106.0
SAMPLE00002417,17144.78,27271.0,2022,145.5,1500,394,Hatchback,Ford,F-150,Phoenix,I4,Hybrid,A,RWD,False,True,35.7,41.6,66.2,77.1,106.7
SAMPLE00002418,16702.57,12887.0,2014,270.1,1500,443,Sedan,Honda,F-150,New York,I6,Diesel,A,AWD,True,False,39.3,44.4,61.9,73.6,114.7
SAMPLE00002419,36339.27,107118.0,2019,329.3,3500,230,SUV / Crossover,Nissan,Camry,Chicago,I4,Gasoline,M,FWD,False,True,39.0,42.2,65.0,68.7,102.6
SAMPLE00002420,23801.37,29435.0,2018,327.3,2000,448,SUV / Crossover,Chevrolet,Silverado,Houston,I6,Hybrid,A,AWD,False,False,34.8,42.2,57.6,83.2,103.7
SAMPLE00002421,16284.37,103511.0,2020,257.7,1500,75,Coupe,Toyota,Silverado,Los Angeles,I4,Hybrid,A,AWD,False,True,35.4,38.9,65.4,68.4,119.4
SAMPLE00002422,56591.75,58556.0,2014,287.4,2000,259,Truck,Chevrolet,F-150,Los Angeles,I4,Gasoline,A,RWD,False,False,35.8,42.7,65.1,68.2,101.4
SAMPLE00002423,40218.77,62366.0,2012,327.3,2500,24,Truck,Honda,Civic,Phoenix,I6,Diesel,A,FWD,False,False,36.0,44.2,77.2,73.1,118.6
SAMPLE00002424,30908.46,70377.0,2013,352.3,2500,199,SUV / Crossover,Chevrolet,3 Series,Los Angeles,V6,Hybrid,M,FWD,True,False,40.7,41.0,71.6,76.5,102.9
SAMPLE00002425,64504.58,55156.0,2022,328.5,3500,462,Hatchback,Honda,F-150,Los Angeles,I6,Diesel,M,RWD,True,False,39.8,42.8,76.2,75.7,110.7
SAMPLE00002426,21387.64,15093.0,2012,206.2,2500,426,Sedan,Honda,F-150,Phoenix,V6,Gasoline,M,FWD,False,True,40.3,40.1,73.0,74.1,107.9
SAMPLE00002427,67575.54,46445.0,2022,399.0,3500,93,Sedan,BMW,Civic,Chicago,I6,Diesel,A,AWD,False,True,41.2,39.9,73.1,82.7,108.0
SAMPLE00002428,32268.17,99560.0,2016,230.4,3500,423,Sedan,Chevrolet,Camry,New York,V6,Gasoline,A,FWD,False,True,37.6,39.3,74.9,73.1,114.0
SAMPLE00002429,63862.2,99868.0,2021,107.3,2000,351,Hatchback,Ford,F-150,Chicago,I4,Hybrid,M,AWD,True,True,40.5,39.7,60.9,79.1,113.1
SAMPLE00002430,48161.86,42934.0,2013,208.8,2000,107,Hatchback,Honda,Civic,Chicago,V6,Diesel,M,FWD,True,False,39.3,40.4,64.8,74.8,118.9
SAMPLE00002431,60468.9,69015.0,2014,138.3,2500,354,Sedan,Chevrolet,Camry,New York,V6,Gasoline,A,FWD,False,True,37.2,42.0,75.1,74.6,114.4
SAMPLE00002432,69120.72,29017.0,2019,136.4,2000,468,Sedan,Ford,Camry,Phoenix,I4,Hybrid,A,RWD,False,False,34.7,43.5,56.5,83.9,112.1
SAMPLE00002433,30862.3,31556.0,2021,184.5,1500,94,Hatchback,Toyota,Altima,Chicago,I4,Diesel,A,RWD,False,True,36.9,40.0,56.3,79.9,103.5
SAMPLE00002434,67862.45,3457.0,2016,116.0,3000,355,Sedan,Ford,Altima,Houston,V6,Gasoline,M,FWD,True,False,34.9,39.2,69.9,77.1,109.5
SAMPLE00002435,36421.5,134512.0,2015,306.6,1500,90,Hatchback,Chevrolet,Altima,Houston,V6,Diesel,A,AWD,False,True,35.6,41.1,75.9,71.0,109.9
SAMPLE00002436,36203.15,31606.0,2016,122.2,1500,43,Coupe,Chevrolet,F-150,New York,I6,Hybrid,A,RWD,False,False,35.6,43.5,73.3,70.3,112.8
SAMPLE00002437,33721.29,34130.0,2021,161.0,3500,455,SUV / Crossover,Ford,Camry,Houston,I4,Hybrid,M,RWD,False,True,39.8,40.7,73.4,71.3,107.3
SAMPLE00002438,44777.42,41940.0,2017,127.9,3000,442,SUV / Crossover,Ford,F-150,Phoenix,I4,Gasoline,A,RWD,True,False,37.6,44.4,63.3,78.7,102.9
SAMPLE00002439,23477.98,19111.0,2018,119.0,3500,383,Hatchback,Nissan,F-150,Los Angeles,I4,Diesel,A,FWD,False,False,40.1,39.7,68.6,69.0,117.6
SAMPLE00002440,45454.13,95889.0,2020,180.3,2000,22,Sedan,Honda,Silverado,Phoenix,I6,Diesel,M,AWD,False,True,40.9,43.3,72.7,75.9,100.6
SAMPLE00002441,44793.76,11271.0,2012,271.6,2000,189,SUV / Crossover,Chevrolet,3 Series,New York,I6,Hybrid,A,AWD,False,True,38.5,41.3,73.3,75.8,102.7
SAMPLE00002442,56904.6,20130.0,2015,389.4,3000,22,Truck,Honda,3 Series,Los Angeles,V6,Diesel,A,FWD,False,False,36.7,38.7,68.4,83.6,109.1
SAMPLE00002443,60850.75,96714.0,2020,362.7,2500,233,Sedan,Honda,Silverado,Houston,I6,Diesel,A,AWD,True,True,40.7,40.0,73.4,74.3,117.8
SAMPLE00002444,39224.27,50949.0,2016,362.8,2000,185,Hatchback,Toyota,F-150,Chicago,I6,Diesel,M,RWD,False,True,38.1,44.0,55.6,83.2,102.1
SAMPLE00002445,31628.33,106192.0,2019,152.8,1500,310,Truck,Chevrolet,Civic,Houston,I6,Gasoline,M,AWD,False,False,40.7,38.0,76.7,78.5,114.8
SAMPLE00002446,29263.42,83614.0,2012,179.5,3000,416,Hatchback,Honda,Camry,Phoenix,I4,Hybrid,A,RWD,False,False,35.4,43.3,75.0,74.6,105.7
SAMPLE00002447,25704.31,38403.0,2015,122.9,3000,332,Sedan,Toyota,Silverado,Phoenix,V6,Gasoline,A,RWD,True,False,38.1,43.7,56.2,77.0,101.5
SAMPLE00002448,18170.62,97624.0,2020,333.5,2000,62,Coupe,Nissan,Altima,New York,I6,Hybrid,A,FWD,False,True,34.9,38.8,64.6,69.6,117.9
SAMPLE00002449,33834.64,17441.0,2012,120.9,2000,102,Coupe,Honda,Silverado,Chicago,I6,Gasoline,M,RWD,False,True,39.3,44.7,76.1,83.1,119.4
SAMPLE00002450,29863.62,80462.0,2012,267.0,3500,499,Coupe,Honda,Silverado,Chicago,I6,Gasoline,A,AWD,False,False,38.3,44.1,66.8,78.7,102.6
SAMPLE00002451,68152.96,65572.0,2015,174.4,3500,315,Sedan,Nissan,Silverado,Los Angeles,I4,Gasoline,M,AWD,True,True,38.0,39.2,57.1,75.4,117.9
SAMPLE00002452,45673.99,40181.0,2014,173.0,1500,482,Sedan,Chevrolet,3 Series,Los Angeles,V6,Diesel,A,AWD,True,True,38.8,39.7,77.2,81.2,113.0
SAMPLE00002453,34100.24,90601.0,2018,397.2,3000,188,Truck,Ford,F-150,Phoenix,V6,Hybrid,M,AWD,True,True,36.4,43.7,63.2,74.9,104.0
SAMPLE00002454,46925.72,130700.0,2022,327.0,2500,335,Sedan,Nissan,Silverado,New York,I6,Gasoline,M,AWD,True,False,34.7,41.8,66.9,75.8,113.4
SAMPLE00002455,22655.82,149836.0,2014,351.1,2500,459,Sedan,Ford,Silverado,Phoenix,V6,Diesel,A,RWD,False,True,40.3,44.5,69.5,75.2,116.2
SAMPLE00002456,39422.41,91164.0,2012,271.6,3000,188,Truck,Chevrolet,Silverado,Chicago,I4,Gasoline,M,FWD,False,True,36.5,44.9,74.1,84.9,109.9
SAMPLE00002457,49442.89,60706.0,2022,361.3,1500,350,Truck,Ford,Civic,Chicago,I6,Diesel,A,FWD,False,False,41.9,40.4,75.1,81.1,118.2
SAMPLE00002458,41889.38,33781.0,2021,293.6,3500,68,Hatchback,BMW,Civic,Phoenix,V6,Gasoline,M,AWD,True,True,37.3,38.7,70.0,83.8,110.6
SAMPLE00002459,37097.83,38564.0,2013,383.9,3500,113,SUV / Crossover,Ford,Camry,Chicago,I6,Hybrid,A,RWD,True,False,37.4,42.9,76.8,74.5,103.7
SAMPLE00002460,69661.66,71918.0,2021,184.4,3500,103,SUV / Crossover,Nissan,F-150,Los Angeles,I4,Hybrid,M,FWD,True,True,39.1,44.5,60.0,76.3,114.2
SAMPLE00002461,63417.31,55092.0,2015,278.6,2500,107,Hatchback,Honda,Silverado,Chicago,I6,Gasoline,M,AWD,True,True,39.0,39.2,75.8,71.4,113.5
SAMPLE00002462,49287.33,137072.0,2012,307.0,2500,344,Coupe,Honda,Camry,Los Angeles,I4,Gasoline,M,RWD,True,False,34.6,44.9,59.4,68.2,112.8
SAMPLE00002463,46315.75,55244.0,2012,217.9,1500,20,Sedan,Toyota,Altima,Houston,I6,Gasoline,M,FWD,False,False,35.5,39.4,75.6,71.3,117.6
SAMPLE00002464,49136.33,56017.0,2019,363.9,2500,386,Truck,Nissan,Camry,New York,I6,Gasoline,A,RWD,True,False,35.1,38.6,60.0,83.8,110.6
SAMPLE00002465,26072.17,57530.0,2018,393.9,2000,431,Truck,Chevrolet,Altima,New York,V6,Diesel,M,AWD,False,True,33.5,41.5,71.5,75.8,114.1
SAMPLE00002466,36732.58,125493.0,2019,248.1,2500,265,Coupe,Toyota,Altima,Chicago,V6,Hybrid,M,RWD,True,True,33.2,43.6,73.8,70.2,119.1
SAMPLE00002467,17170.27,97618.0,2015,217.2,3500,342,Truck,Honda,F-150,New York,I4,Diesel,M,FWD,True,False,38.8,40.5,64.0,75.7,102.8
SAMPLE00002468,41155.03,92125.0,2017,241.6,1500,208,Coupe,Honda,Civic,Houston,I4,Hybrid,M,FWD,False,False,37.5,40.3,57.6,81.5,107.7
SAMPLE00002469,44866.35,50121.0,2014,355.8,3000,169,Hatchback,Toyota,F-150,Chicago,I4,Gasoline,M,RWD,False,True,41.1,39.4,63.3,76.5,104.4
SAMPLE00002470,27526.24,122686.0,2022,293.6,3000,482,Coupe,Nissan,Camry,Los Angeles,V6,Hybrid,A,FWD,False,True,35.7,44.9,56.4,83.9,106.5
SAMPLE00002471,68021.59,5755.0,2019,113.4,1500,472,SUV / Crossover,BMW,Altima,Houston,I6,Gasoline,A,RWD,False,False,40.1,40.4,70.2,83.3,110.2
SAMPLE00002472,65020.0,130620.0,2015,262.7,2000,193,Coupe,Ford,F-150,Houston,I4,Gasoline,A,RWD,True,True,33.9,42.7,71.0,76.0,116.9
SAMPLE00002473,54717.88,76912.0,2014,105.2,3000,346,Hatchback,BMW,Civic,New York,I6,Diesel,M,AWD,True,False,40.3,38.9,61.2,69.4,108.0
SAMPLE00002474,44336.26,59738.0,2015,333.6,3500,429,Coupe,BMW,Camry,Los Angeles,I6,Hybrid,A,AWD,True,True,41.3,41.1,70.0,80.0,111.2
SAMPLE00002475,62848.3,74575.0,2017,198.5,3000,392,Hatchback,BMW,F-150,Phoenix,V6,Diesel,A,RWD,True,True,38.6,43.6,56.3,74.1,116.2
SAMPLE00002476,22185.88,100112.0,2022,241.6,3000,122,SUV / Crossover,Nissan,Silverado,Houston,V6,Diesel,M,FWD,True,True,39.6,44.8,55.7,81.4,118.6
SAMPLE00002477,58478.04,1915.0,2018,339.6,3500,176,Sedan,BMW,Silverado,New York,I6,Diesel,A,AWD,True,True,41.9,39.2,64.4,73.3,107.0
SAMPLE00002478,21865.14,130733.0,2018,113.9,2500,3,Hatchback,Ford,F-150,Houston,I4,Diesel,M,FWD,True,True,36.4,38.7,66.1,73.6,103.6
SAMPLE00002479,58681.59,67011.0,2015,147.6,2000,187,Sedan,Chevrolet,F-150,Los Angeles,V6,Hybrid,A,RWD,False,False,33.3,44.9,55.4,77.2,111.6
SAMPLE00002480,30167.22,51445.0,2019,219.4,3500,345,Hatchback,Toyota,Altima,Los Angeles,I6,Hybrid,A,FWD,True,False,39.1,41.9,68.6,68.4,117.9
SAMPLE00002481,63239.98,20737.0,2018,169.0,3500,351,Coupe,BMW,Altima,Chicago,V6,Diesel,A,FWD,False,False,33.1,40.4,74.2,70.9,105.0
SAMPLE00002482,66922.32,65920.0,2013,201.4,1500,28,Sedan,BMW,Civic,Phoenix,I6,Hybrid,A,RWD,False,False,38.1,44.7,64.4,82.5,110.0
SAMPLE00002483,23183.78,74448.0,2019,399.5,2000,85,Hatchback,Toyota,Camry,Phoenix,V6,Gasoline,M,AWD,False,False,38.4,40.7,72.2,84.3,109.7
SAMPLE00002484,40447.16,60547.0,2020,347.6,2500,46,Hatchback,Toyota,F-150,New York,I4,Hybrid,A,AWD,True,False,38.3,39.6,58.5,71.3,118.5
SAMPLE00002485,68954.31,101799.0,2016,365.2,3500,76,Sedan,Chevrolet,Camry,Phoenix,I4,Diesel,M,FWD,False,True,34.5,43.6,67.2,81.1,109.1
SAMPLE00002486,41587.41,63134.0,2015,381.1,2500,342,Hatchback,Honda,Silverado,Los Angeles,V6,Gasoline,M,RWD,True,False,33.7,40.2,73.2,69.9,110.7
SAMPLE00002487,62495.11,144213.0,2015,202.3,3500,190,Sedan,Chevrolet,Camry,Phoenix,V6,Gasoline,A,RWD,False,True,41.2,40.3,70.7,76.0,102.8
SAMPLE00002488,47380.23,89892.0,2015,189.1,3500,30,SUV / Crossover,Honda,3 Series,New York,V6,Gasoline,M,AWD,False,False,37.9,41.1,72.9,76.6,109.2
SAMPLE00002489,35643.14,121122.0,2017,170.2,1500,306,Truck,Nissan,Civic,Houston,I4,Gasoline,M,RWD,False,False,35.9,42.9,71.6,77.6,106.8
SAMPLE00002490,30718.1,16403.0,2022,349.0,3000,168,SUV / Crossover,Ford,Civic,Phoenix,V6,Gasoline,M,RWD,False,False,39.9,43.9,57.8,74.1,104.4
SAMPLE00002491,26177.27,59594.0,2015,303.9,2000,35,Sedan,Chevrolet,Camry,Phoenix,I4,Diesel,M,FWD,True,True,41.3,39.6,57.4,82.6,110.2
SAMPLE00002492,56898.9,50527.0,2018,170.9,1500,244,Coupe,Ford,Civic,Los Angeles,V6,Diesel,A,FWD,False,True,36.6,40.5,77.4,73.2,115.4
SAMPLE00002493,36259.73,85422.0,2018,213.1,2500,423,Coupe,Toyota,Camry,Los Angeles,V6,Gasoline,M,AWD,True,True,33.9,41.5,66.1,76.2,103.5
SAMPLE00002494,43120.15,129167.0,2016,252.0,3500,350,Truck,Chevrolet,Camry,Houston,I6,Diesel,M,AWD,False,False,39.2,38.2,71.8,71.3,102.8
SAMPLE00002495,42077.9,11751.0,2016,258.4,3500,187,Sedan,Nissan,Silverado,Chicago,I4,Hybrid,A,FWD,False,False,41.2,42.9,70.7,77.7,102.5
SAMPLE00002496,46750.35,10886.0,2021,366.6,2000,14,Hatchback,Toyota,Camry,Phoenix,V6,Diesel,M,RWD,True,True,41.8,42.0,56.0,71.4,115.3
SAMPLE00002497,62606.74,127548.0,2019,214.2,1500,333,SUV / Crossover,Nissan,Civic,Los Angeles,I4,Hybrid,M,RWD,False,False,40.3,38.9,66.4,72.1,115.8
SAMPLE00002498,68940.66,31928.0,2018,372.6,1500,482,SUV / Crossover,Nissan,3 Series,Chicago,I6,Diesel,M,FWD,False,False,35.4,38.9,67.0,75.4,117.8
SAMPLE00002499,37417.13,100313.0,2018,232.4,2500,215,Truck,BMW,F-150,Phoenix,I4,Hybrid,M,FWD,False,False,36.2,44.3,73.6,72.7,119.3
SAMPLE00002500,60513.54,81432.0,2017,323.9,1500,157,Truck,Toyota,Civic,Phoenix,I4,Hybrid,A,FWD,True,False,34.2,42.8,77.1,68.7,107.5
SAMPLE00002501,57049.03,124934.0,2018,379.1,1500,413,Truck,Nissan,3 Series,Chicago,I4,Gasoline,A,FWD,True,False,39.4,40.7,61.7,81.5,106.8
SAMPLE00002502,46544.09,18763.0,2018,372.3,3000,154,Truck,BMW,Civic,Los Angeles,I4,Diesel,A,RWD,True,True,34.5,40.4,56.4,81.9,119.8
SAMPLE00002503,67582.59,19467.0,2021,117.1,2000,240,Truck,Honda,3 Series,Houston,I4,Gasoline,M,RWD,False,True,36.9,40.2,65.9,83.3,102.8
SAMPLE00002504,26026.1,83523.0,2013,161.7,1500,295,Truck,BMW,Civic,Phoenix,I4,Hybrid,A,AWD,False,False,37.8,42.6,55.7,84.7,100.8
SAMPLE00002505,21009.53,141957.0,2021,243.1,2500,461,Hatchback,Honda,F-150,New York,I4,Diesel,A,FWD,True,False,36.4,39.3,63.9,69.9,107.7
SAMPLE00002506,61967.91,62250.0,2013,229.5,3500,44,Hatchback,BMW,Silverado,New York,V6,Diesel,M,AWD,False,True,34.3,44.9,61.3,72.7,101.8
SAMPLE00002507,39153.24,49041.0,2021,292.3,1500,494,SUV / Crossover,BMW,Silverado,New York,V6,Gasoline,M,RWD,True,False,35.6,42.8,60.6,78.7,107.7
SAMPLE00002508,61583.29,91003.0,2018,383.4,1500,458,SUV / Crossover,Ford,F-150,Houston,I4,Diesel,M,AWD,True,False,38.7,38.9,55.0,82.9,108.2
SAMPLE00002509,64119.96,139567.0,2021,133.7,3500,174,Truck,Ford,Civic,Phoenix,I4,Diesel,M,RWD,False,False,39.5,39.0,60.8,70.8,112.8
SAMPLE00002510,18435.17,125539.0,2018,235.6,3000,491,SUV / Crossover,Toyota,3 Series,Los Angeles,V6,Diesel,M,RWD,True,False,38.5,42.5,62.4,76.2,114.9
SAMPLE00002511,63590.56,149323.0,2018,157.7,2000,345,Truck,Nissan,Camry,Los Angeles,I6,Hybrid,A,AWD,False,False,41.7,40.7,76.0,84.6,113.0
SAMPLE00002512,39657.55,3385.0,2016,368.2,3000,55,Hatchback,Ford,Civic,Houston,V6,Gasoline,M,AWD,False,False,38.5,42.6,57.0,73.6,114.1
SAMPLE00002513,43073.79,16929.0,2012,389.4,2500,53,Coupe,Honda,F-150,Phoenix,I6,Hybrid,M,FWD,True,True,35.0,43.1,72.6,76.3,107.4
SAMPLE00002514,49462.59,91420.0,2013,243.6,1500,340,Hatchback,Ford,Altima,Chicago,I4,Gasoline,M,RWD,True,True,37.4,41.8,71.7,79.8,109.1
SAMPLE00002515,65951.04,123086.0,2020,131.2,3000,264,Sedan,Toyota,Silverado,Chicago,I4,Hybrid,A,FWD,True,False,40.5,39.8,62.5,75.2,114.3
SAMPLE00002516,16051.39,42787.0,2019,335.6,2000,373,Hatchback,Chevrolet,Silverado,Phoenix,V6,Hybrid,M,FWD,False,True,35.9,41.9,75.9,80.2,102.9
SAMPLE00002517,41226.39,35882.0,2019,309.1,2500,238,Sedan,Honda,Civic,Phoenix,V6,Hybrid,A,RWD,True,False,39.6,41.0,70.1,70.5,114.2
SAMPLE00002518,52824.71,118046.0,2021,206.4,3000,320,SUV / Crossover,Chevrolet,3 Series,Los Angeles,V6,Hybrid,A,AWD,False,True,40.1,44.2,57.2,71.9,119.0
SAMPLE00002519,54748.88,8457.0,2012,366.2,1500,107,Hatchback,Honda,F-150,Houston,I4,Gasoline,M,FWD,True,False,41.4,43.2,59.7,74.6,103.5
SAMPLE00002520,53089.28,55407.0,2017,392.7,2000,197,Coupe,Nissan,F-150,Houston,V6,Diesel,A,FWD,True,True,36.6,42.3,64.2,84.7,107.9
SAMPLE00002521,22393.93,75871.0,2020,267.4,1500,384,Hatchback,Nissan,3 Series,Los Angeles,V6,Gasoline,M,RWD,True,False,35.3,38.3,77.2,73.9,111.6
SAMPLE00002522,31466.76,84052.0,2019,269.7,1500,213,Hatchback,Nissan,3 Series,New York,I6,Diesel,A,AWD,True,True,37.6,44.9,61.1,83.6,114.4
SAMPLE00002523,34729.35,109292.0,2014,189.3,2500,498,Hatchback,Toyota,Civic,Chicago,I4,Gasoline,M,AWD,False,False,41.9,42.0,64.8,82.9,105.0
SAMPLE00002524,59244.05,53227.0,2015,275.4,2000,245,Truck,Ford,Civic,Phoenix,I4,Gasoline,M,FWD,False,False,41.1,39.8,67.9,80.8,111.7
SAMPLE00002525,30331.79,91903.0,2014,231.9,3500,396,Hatchback,Chevrolet,Altima,Chicago,I4,Gasoline,M,RWD,True,False,35.6,42.1,63.2,74.3,118.7
SAMPLE00002526,26588.77,87806.0,2017,190.7,1500,37,Hatchback,Chevrolet,Silverado,Chicago,V6,Gasoline,A,FWD,True,True,34.8,43.7,71.1,73.6,107.1
SAMPLE00002527,67659.64,82142.0,2020,120.2,2000,496,Coupe,Ford,Silverado,Houston,I4,Hybrid,A,AWD,True,False,37.3,41.8,70.2,78.9,111.4
SAMPLE00002528,15487.48,96072.0,2019,175.8,1500,172,Sedan,Toyota,3 Series,Los Angeles,V6,Gasoline,A,FWD,True,False,34.5,43.4,56.4,72.0,112.5
SAMPLE00002529,69880.15,38917.0,2021,159.4,3000,104,Sedan,Ford,Camry,New York,I6,Gasoline,A,RWD,True,False,39.8,40.9,64.9,74.1,117.7
SAMPLE00002530,52225.17,12697.0,2015,262.6,3000,39,Coupe,BMW,Camry,New York,I4,Diesel,M,FWD,True,True,33.3,42.1,73.0,81.9,106.2
SAMPLE00002531,60565.81,17891.0,2013,280.5,2000,478,SUV / Crossover,BMW,Camry,Los Angeles,I6,Hybrid,A,AWD,True,False,35.0,41.0,69.7,71.6,117.5
SAMPLE00002532,31204.07,33687.0,2019,282.6,2500,398,Hatchback,Nissan,F-150,Chicago,I6,Hybrid,A,RWD,True,True,33.2,41.7,65.6,82.1,113.5
SAMPLE00002533,15787.34,75030.0,2019,216.5,3500,433,SUV / Crossover,BMW,Civic,Los Angeles,I4,Gasoline,A,RWD,True,True,35.0,39.2,71.8,77.4,114.3
SAMPLE00002534,55582.82,126066.0,2022,226.4,3000,129,Coupe,Chevrolet,3 Series,Los Angeles,I4,Gasoline,A,RWD,True,False,33.5,42.2,70.4,76.7,101.3
SAMPLE00002535,60877.95,105194.0,2017,350.3,2500,180,SUV / Crossover,Nissan,Silverado,Phoenix,V6,Hybrid,A,RWD,False,False,39.1,44.9,74.3,78.4,107.1
SAMPLE00002536,55726.19,118356.0,2019,242.9,3500,478,Sedan,Chevrolet,Camry,Phoenix,I6,Hybrid,A,RWD,True,False,38.1,43.4,56.2,78.7,102.4
SAMPLE00002537,22856.77,52646.0,2020,396.3,3000,409,Truck,Toyota,Silverado,Chicago,I6,Gasoline,A,FWD,True,False,34.9,40.2,67.3,77.5,111.2
SAMPLE00002538,56438.54,60698.0,2012,231.9,3500,193,SUV / Crossover,Honda,Civic,Houston,V6,Gasoline,A,RWD,True,True,34.8,44.0,70.2,79.9,116.8
SAMPLE00002539,57290.75,59052.0,2020,294.9,1500,330,Truck,Ford,Altima,New York,I4,Gasoline,A,AWD,True,True,35.6,44.3,70.5,74.1,108.2
SAMPLE00002540,51219.73,28781.0,2013,115.1,2000,288,SUV / Crossover,Honda,Altima,Phoenix,I6,Diesel,M,RWD,False,False,40.2,39.2,76.2,81.8,104.5
SAMPLE00002541,57136.38,9182.0,2012,296.0,3000,465,Coupe,Chevrolet,3 Series,Chicago,V6,Hybrid,M,AWD,False,False,34.4,38.4,64.5,71.8,106.1
SAMPLE00002542,61525.68,88637.0,2019,355.4,3000,340,Truck,Ford,Camry,Los Angeles,I6,Diesel,M,AWD,False,True,34.1,42.0,73.3,80.1,111.5
SAMPLE00002543,48748.23,148383.0,2019,382.7,1500,58,SUV / Crossover,Chevrolet,Camry,Phoenix,I6,Hybrid,A,AWD,False,False,37.6,41.3,73.1,74.6,115.4
SAMPLE00002544,19873.26,25024.0,2022,399.2,3000,350,Coupe,Toyota,Altima,Los Angeles,V6,Hybrid,M,AWD,False,True,40.8,43.0,61.2,79.8,113.8
SAMPLE00002545,41819.53,7003.0,2015,184.7,3000,25,Sedan,Nissan,3 Series,Los Angeles,I6,Hybrid,M,AWD,False,True,35.0,40.1,61.2,68.6,118.8
SAMPLE00002546,19270.71,116930.0,2019,272.6,3000,477,Hatchback,Ford,Silverado,Phoenix,V6,Hybrid,M,FWD,False,True,34.0,40.7,76.7,74.6,117.7
SAMPLE00002547,37414.87,37888.0,2018,235.2,3000,102,Coupe,Chevrolet,Civic,Chicago,V6,Hybrid,M,AWD,True,True,37.4,39.8,62.5,84.4,102.1
SAMPLE00002548,37390.86,124447.0,2013,269.1,3000,20,Coupe,BMW,Altima,New York,I6,Gasoline,M,AWD,True,True,39.6,40.0,64.5,77.7,114.1
SAMPLE00002549,18630.54,105591.0,2016,147.2,2500,432,Sedan,BMW,Altima,Chicago,I6,Diesel,M,AWD,False,True,38.6,38.1,68.9,76.5,107.9
SAMPLE00002550,34185.13,141851.0,2021,356.8,3000,79,Truck,Chevrolet,Civic,Houston,I4,Diesel,M,FWD,True,False,36.8,41.6,62.3,72.2,106.7
SAMPLE00002551,21104.9,61339.0,2015,372.9,1500,326,SUV / Crossover,Honda,Civic,Houston,I4,Hybrid,A,RWD,True,False,33.4,41.3,70.2,76.4,109.5
SAMPLE00002552,59452.94,99295.0,2014,234.9,3000,469,Truck,Nissan,Altima,New York,I6,Diesel,A,AWD,False,False,35.7,40.5,61.7,82.0,115.3
SAMPLE00002553,67122.84,69728.0,2012,184.1,3500,198,Coupe,Toyota,Silverado,Houston,I4,Diesel,A,FWD,False,False,41.3,41.8,67.1,73.8,108.3
SAMPLE00002554,18977.41,94588.0,2016,142.3,3500,321,SUV / Crossover,Toyota,Silverado,Los Angeles,I4,Gasoline,M,FWD,True,False,35.0,40.7,67.9,77.6,116.4
SAMPLE00002555,67531.34,67440.0,2021,305.1,1500,36,Hatchback,Chevrolet,Camry,Houston,V6,Hybrid,A,FWD,False,True,38.5,41.0,73.4,79.5,109.4
SAMPLE00002556,43741.71,28295.0,2019,193.7,2500,13,Hatchback,Toyota,Silverado,Phoenix,I6,Gasoline,A,RWD,False,True,41.2,38.0,74.8,74.8,101.2
SAMPLE00002557,31476.11,76185.0,2020,372.9,1500,455,SUV / Crossover,Ford,F-150,Los Angeles,I4,Diesel,M,FWD,True,True,37.4,38.5,70.7,72.8,112.6
SAMPLE00002558,19227.41,79288.0,2018,301.3,2500,220,Coupe,Toyota,3 Series,Chicago,I4,Hybrid,M,AWD,False,False,37.0,39.1,61.2,70.6,115.6
SAMPLE00002559,42534.33,121591.0,2022,293.7,2000,363,Sedan,BMW,Silverado,New York,I4,Hybrid,M,AWD,False,True,34.3,39.3,65.7,69.7,106.3
SAMPLE00002560,58698.35,110328.0,2012,267.8,3500,390,Truck,Chevrolet,Civic,Phoenix,I6,Hybrid,M,AWD,False,True,41.8,41.2,67.9,72.1,104.4
SAMPLE00002561,53889.76,99569.0,2012,113.7,3500,165,Truck,Ford,Silverado,Phoenix,V6,Hybrid,A,RWD,True,False,34.6,44.1,61.9,68.3,112.8
SAMPLE00002562,17762.43,17008.0,2012,379.6,3500,172,Sedan,Toyota,Camry,New York,I6,Hybrid,A,FWD,True,True,37.3,40.8,76.6,80.9,107.1
SAMPLE00002563,19009.6,108092.0,2013,288.4,2500,149,Sedan,BMW,3 Series,Houston,V6,Hybrid,M,AWD,False,False,34.5,42.4,57.5,69.9,118.1
SAMPLE00002564,37158.03,75046.0,2012,398.2,1500,171,Hatchback,Nissan,3 Series,New York,I4,Gasoline,M,AWD,False,True,36.1,38.2,74.2,83.3,115.3
SAMPLE00002565,31240.98,134115.0,2015,261.2,2500,80,Sedan,Honda,Civic,New York,I6,Gasoline,M,AWD,True,False,41.0,44.0,64.8,76.7,109.2
SAMPLE00002566,27781.14,137981.0,2021,313.0,3500,335,SUV / Crossover,Toyota,3 Series,Houston,V6,Diesel,A,RWD,False,True,38.8,38.8,76.7,75.8,119.5
SAMPLE00002567,30455.25,8273.0,2020,116.9,3500,224,Hatchback,BMW,F-150,Chicago,I4,Hybrid,M,AWD,True,False,33.1,40.0,67.2,69.1,106.9
SAMPLE00002568,59191.55,123096.0,2015,289.5,3500,358,Coupe,Nissan,3 Series,New York,I4,Hybrid,A,FWD,True,False,41.7,43.7,71.8,70.3,108.9
SAMPLE00002569,66107.54,5655.0,2015,329.4,3500,34,Hatchback,Nissan,Altima,Houston,I6,Gasoline,M,FWD,True,True,40.1,39.9,71.9,82.6,113.0
SAMPLE00002570,37280.65,55075.0,2018,333.6,2000,357,Hatchback,BMW,Civic,Phoenix,V6,Diesel,A,RWD,True,False,42.0,39.8,71.1,79.4,110.2
SAMPLE00002571,64836.11,81345.0,2022,331.0,3500,187,Truck,BMW,3 Series,New York,I4,Diesel,A,RWD,True,False,39.9,42.2,56.1,69.6,106.9
SAMPLE00002572,32682.26,22215.0,2020,167.9,2500,223,Sedan,BMW,Silverado,New York,I4,Hybrid,M,RWD,True,True,39.9,44.3,69.3,79.6,108.4
SAMPLE00002573,41204.03,111947.0,2018,392.6,3500,130,SUV / Crossover,Honda,Camry,Chicago,I4,Diesel,M,FWD,True,True,39.3,39.5,75.6,70.2,117.3
SAMPLE00002574,27431.59,1253.0,2012,398.6,3000,373,Sedan,Chevrolet,Altima,Chicago,V6,Diesel,M,RWD,True,True,36.8,42.3,74.4,80.5,104.0
SAMPLE00002575,50226.18,25290.0,2012,122.7,2000,450,Truck,BMW,Altima,Phoenix,V6,Hybrid,A,RWD,True,True,35.8,42.2,76.0,84.1,106.4
SAMPLE00002576,68843.96,87120.0,2015,380.9,3500,455,Sedan,Chevrolet,Silverado,Chicago,I4,Hybrid,A,FWD,False,True,37.7,42.6,65.2,80.9,104.0
SAMPLE00002577,48192.12,107158.0,2015,186.8,3000,493,SUV / Crossover,Nissan,Altima,Phoenix,V6,Hybrid,M,AWD,False,True,34.6,44.6,65.5,82.0,110.2
SAMPLE00002578,34679.77,137496.0,2012,306.8,2500,350,Sedan,Honda,F-150,New York,I4,Gasoline,M,RWD,True,False,39.5,39.2,73.6,78.6,103.2
SAMPLE00002579,50629.96,105824.0,2017,201.4,2000,310,Truck,Nissan,F-150,Houston,I4,Hybrid,A,AWD,False,True,42.0,42.6,62.0,68.1,103.4
SAMPLE00002580,21760.64,100767.0,2021,390.3,3500,8,SUV / Crossover,Honda,Camry,Chicago,V6,Diesel,M,AWD,False,True,38.4,39.3,72.6,81.3,116.7
SAMPLE00002581,63876.25,59151.0,2013,130.5,2500,68,Sedan,Nissan,Camry,Phoenix,V6,Gasoline,M,AWD,True,True,40.7,40.2,66.6,74.9,114.1
SAMPLE00002582,42669.62,193.0,2022,249.3,3000,27,Truck,Ford,Camry,Chicago,I6,Diesel,A,AWD,True,False,34.6,40.7,61.1,82.8,103.8
SAMPLE00002583,39714.24,18024.0,2016,228.4,2000,398,Truck,Ford,Camry,Chicago,I6,Gasoline,A,RWD,True,True,40.4,43.8,69.8,77.7,107.7
SAMPLE00002584,47222.56,80183.0,2019,197.8,3500,368,Hatchback,BMW,3 Series,Los Angeles,V6,Hybrid,A,RWD,False,False,41.2,38.4,61.8,71.3,118.3
SAMPLE00002585,49363.11,101269.0,2014,293.7,2500,474,SUV / Crossover,Chevrolet,Altima,New York,V6,Diesel,A,RWD,True,True,40.5,43.1,70.5,68.9,117.4
SAMPLE00002586,18947.67,62617.0,2020,139.3,2000,233,SUV / Crossover,Nissan,Silverado,Chicago,V6,Gasoline,A,FWD,True,False,38.6,44.4,68.1,77.4,113.1
SAMPLE00002587,52543.95,109602.0,2018,315.0,3000,30,Sedan,Honda,F-150,Houston,V6,Diesel,M,FWD,False,True,41.3,38.6,71.6,77.6,105.7
SAMPLE00002588,28306.24,78279.0,2020,394.2,3500,314,Hatchback,Toyota,3 Series,Los Angeles,I4,Hybrid,A,AWD,False,True,41.7,43.5,68.8,82.6,107.5
SAMPLE00002589,54267.39,11126.0,2012,341.4,2000,231,SUV / Crossover,Ford,Camry,Phoenix,I4,Gasoline,A,FWD,False,False,40.3,38.8,72.4,68.7,113.1
SAMPLE00002590,60239.41,28802.0,2016,358.0,3000,337,Truck,Ford,Civic,Phoenix,I6,Diesel,M,AWD,True,True,37.9,44.7,77.9,82.0,111.2
SAMPLE00002591,59217.72,126000.0,2014,207.9,3000,485,SUV / Crossover,Nissan,Civic,Houston,V6,Gasoline,M,AWD,False,True,40.5,43.7,65.8,74.9,111.2
SAMPLE00002592,45387.55,108737.0,2015,197.5,2500,496,Hatchback,Toyota,Silverado,Houston,I6,Hybrid,A,RWD,True,False,36.3,42.9,68.8,77.0,108.5
SAMPLE00002593,43609.34,134214.0,2015,255.1,3000,53,Coupe,Chevrolet,F-150,New York,V6,Gasoline,A,RWD,False,True,36.1,41.9,57.3,77.1,101.8
SAMPLE00002594,22858.18,17634.0,2022,113.7,3000,451,Truck,Chevrolet,F-150,Houston,V6,Gasoline,A,FWD,False,False,36.1,44.4,76.9,74.5,102.4
SAMPLE00002595,57644.04,148533.0,2018,383.6,1500,468,SUV / Crossover,Chevrolet,Silverado,Phoenix,V6,Diesel,A,RWD,False,True,34.8,38.8,68.7,71.2,116.7
SAMPLE00002596,29927.52,31411.0,2021,143.1,3000,174,Truck,BMW,Camry,New York,I4,Gasoline,M,FWD,False,True,38.6,38.9,57.4,69.3,117.7
SAMPLE00002597,42318.25,1767.0,2022,370.9,3500,297,Sedan,BMW,Camry,Houston,I6,Hybrid,M,RWD,True,False,39.0,43.8,64.2,71.5,117.9
SAMPLE00002598,30635.08,149613.0,2019,125.1,2000,278,Truck,Nissan,Altima,Houston,V6,Diesel,A,RWD,False,True,40.7,41.4,56.9,80.1,109.5
SAMPLE00002599,22360.56,42161.0,2022,346.8,3500,364,SUV / Crossover,Toyota,F-150,Phoenix,I6,Gasoline,M,FWD,True,False,39.3,43.9,66.4,79.6,118.7
SAMPLE00002600,49625.67,100203.0,2021,145.6,3500,85,Sedan,Nissan,F-150,New York,I6,Hybrid,M,AWD,True,True,40.0,40.7,61.4,79.5,116.8
SAMPLE00002601,17988.26,26502.0,2016,111.4,2500,64,Sedan,Honda,F-150,Los Angeles,I4,Hybrid,A,FWD,True,False,39.2,41.2,62.8,83.4,107.7
SAMPLE00002602,56175.49,87034.0,2021,315.8,1500,88,Sedan,Toyota,Camry,Los Angeles,I4,Gasoline,M,RWD,True,True,39.3,40.3,56.6,75.8,104.5
SAMPLE00002603,32467.27,135605.0,2018,184.1,1500,53,Coupe,Honda,Civic,New York,V6,Gasoline,A,AWD,True,False,36.1,44.7,72.5,80.9,114.6
SAMPLE00002604,15007.41,48027.0,2014,314.3,3500,117,Coupe,Toyota,Silverado,Houston,I6,Diesel,M,RWD,True,True,41.7,41.3,74.3,79.4,114.5
SAMPLE00002605,43112.1,100538.0,2014,266.5,2000,360,Sedan,BMW,Silverado,Houston,I4,Hybrid,A,RWD,False,True,38.7,43.3,58.2,83.9,117.8
SAMPLE00002606,17576.85,28186.0,2014,132.6,1500,475,SUV / Crossover,Chevrolet,3 Series,New York,I6,Hybrid,A,RWD,True,False,38.3,42.9,72.3,79.4,101.0
SAMPLE00002607,30189.33,93719.0,2015,379.6,1500,228,Sedan,Ford,3 Series,Los Angeles,I6,Hybrid,A,AWD,False,False,40.6,39.6,58.0,71.1,107.1
SAMPLE00002608,53883.71,50468.0,2017,235.7,3500,266,Sedan,Toyota,Civic,Chicago,V6,Gasoline,M,RWD,False,True,36.8,44.4,57.0,80.7,100.7
SAMPLE00002609,18447.93,31681.0,2016,320.3,1500,318,Truck,Toyota,F-150,Phoenix,I6,Gasoline,M,FWD,True,False,33.9,41.8,57.6,74.1,104.2
SAMPLE00002610,61163.62,46977.0,2019,250.3,2500,21,Truck,Ford,Civic,New York,I4,Gasoline,M,FWD,False,False,35.2,44.0,55.7,72.3,108.0
SAMPLE00002611,15210.1,26826.0,2016,281.3,3500,437,Truck,Toyota,3 Series,Chicago,V6,Diesel,A,FWD,True,False,40.3,43.8,63.6,72.7,102.5
SAMPLE00002612,28575.31,135287.0,2022,190.8,1500,246,Hatchback,Chevrolet,Altima,Phoenix,V6,Hybrid,M,AWD,False,False,39.6,38.4,76.9,82.0,116.4
SAMPLE00002613,55749.72,59578.0,2016,160.1,1500,472,Truck,Nissan,3 Series,Chicago,V6,Hybrid,M,FWD,True,True,34.1,42.3,75.7,75.7,104.1
SAMPLE00002614,32394.86,36792.0,2021,262.8,1500,372,Truck,Ford,Silverado,Chicago,I4,Gasoline,A,RWD,True,False,33.6,43.5,62.6,76.0,108.2
SAMPLE00002615,20604.08,67261.0,2013,232.1,3500,468,SUV / Crossover,Ford,Civic,Phoenix,V6,Diesel,A,AWD,False,True,38.6,44.3,73.3,68.2,116.0
SAMPLE00002616,34812.87,48080.0,2022,217.0,2000,419,Coupe,Chevrolet,Camry,Chicago,I6,Diesel,A,RWD,True,False,41.4,41.5,74.0,72.6,102.3
SAMPLE00002617,29871.63,111663.0,2022,301.8,3000,313,Coupe,Chevrolet,3 Series,Los Angeles,V6,Diesel,M,RWD,True,True,34.6,43.3,58.5,83.0,112.4
SAMPLE00002618,61349.15,145683.0,2016,307.2,1500,19,Coupe,Ford,Silverado,New York,I4,Diesel,A,RWD,False,False,37.9,44.8,60.3,76.5,118.8
SAMPLE00002619,32234.14,65705.0,2018,113.8,3000,399,Hatchback,Chevrolet,F-150,Los Angeles,I4,Diesel,A,FWD,True,True,40.3,43.8,70.9,75.1,109.1
SAMPLE00002620,58391.29,129155.0,2013,201.6,3000,475,Sedan,Nissan,Civic,Los Angeles,V6,Gasoline,M,FWD,False,True,37.8,44.0,61.1,69.3,104.8
SAMPLE00002621,64052.97,84879.0,2017,223.5,1500,183,Truck,Chevrolet,3 Series,Phoenix,I6,Gasoline,M,AWD,True,True,36.2,40.9,76.6,73.0,118.9
SAMPLE00002622,38859.96,23585.0,2018,129.1,1500,348,SUV / Crossover,Nissan,Camry,Phoenix,I4,Gasoline,M,AWD,False,False,40.1,38.6,60.3,70.2,101.1
SAMPLE00002623,65046.87,103593.0,2016,170.8,3000,49,Hatchback,Chevrolet,3 Series,Phoenix,I4,Hybrid,A,FWD,True,False,39.9,44.8,73.4,70.8,106.2
SAMPLE00002624,35752.49,77015.0,2020,115.5,2000,89,Coupe,Ford,Camry,Chicago,I4,Diesel,A,FWD,False,False,40.5,42.9,72.4,73.8,116.3
SAMPLE00002625,68024.31,97591.0,2015,398.9,3000,103,Hatchback,Toyota,Civic,Chicago,V6,Diesel,M,RWD,True,False,41.5,39.2,66.6,69.1,103.1
SAMPLE00002626,19910.92,133453.0,2021,321.0,2000,193,SUV / Crossover,Honda,Altima,New York,I4,Hybrid,A,FWD,True,True,34.4,44.8,61.1,81.2,101.7
SAMPLE00002627,52786.06,66065.0,2012,126.2,2500,382,Hatchback,Ford,Camry,Chicago,I4,Diesel,A,RWD,True,False,36.1,43.0,55.8,78.6,109.2
SAMPLE00002628,42159.77,135177.0,2019,106.1,2000,368,Coupe,Honda,Camry,New York,I4,Diesel,M,FWD,False,True,41.9,38.6,74.1,81.6,106.6
SAMPLE00002629,36320.68,112600.0,2019,315.8,3500,73,Sedan,Chevrolet,Silverado,Los Angeles,V6,Diesel,M,RWD,True,False,38.4,39.2,63.7,73.9,115.9
SAMPLE00002630,49799.15,73291.0,2018,231.8,1500,268,Coupe,Chevrolet,Altima,New York,I4,Diesel,A,FWD,True,True,39.0,44.1,62.8,71.8,106.7
SAMPLE00002631,53712.14,90483.0,2019,336.0,2500,14,Coupe,Toyota,Civic,New York,I4,Diesel,M,FWD,False,True,41.0,44.7,56.0,78.0,113.4
SAMPLE00002632,15239.98,48837.0,2013,377.0,3000,328,Coupe,Chevrolet,3 Series,Phoenix,V6,Gasoline,A,AWD,False,True,39.2,40.6,58.5,68.4,111.2
SAMPLE00002633,24182.42,147540.0,2014,279.8,2000,282,Hatchback,Honda,Altima,Chicago,V6,Diesel,M,AWD,True,False,39.1,40.9,63.5,69.5,111.9
SAMPLE00002634,54217.53,100103.0,2020,156.1,2500,391,SUV / Crossover,Ford,F-150,Houston,I6,Gasoline,M,RWD,False,True,33.9,40.8,70.9,80.6,110.2
SAMPLE00002635,51651.2,6577.0,2012,334.7,3500,197,Coupe,Ford,Civic,Houston,I4,Gasoline,A,AWD,True,True,37.6,43.8,59.8,83.1,102.7
SAMPLE00002636,68132.61,48993.0,2019,386.7,2000,483,Hatchback,Nissan,Altima,Phoenix,V6,Gasoline,A,AWD,False,False,39.1,41.2,58.8,71.5,101.2
SAMPLE00002637,56857.08,93497.0,2019,274.1,3000,433,SUV / Crossover,Toyota,Civic,Los Angeles,I6,Gasoline,A,FWD,False,False,40.3,40.6,61.0,81.4,110.9
SAMPLE00002638,67292.5,8450.0,2018,304.6,3000,343,Sedan,Honda,F-150,Los Angeles,I4,Hybrid,M,RWD,False,True,36.7,42.4,61.5,74.5,113.0
SAMPLE00002639,53639.73,3583.0,2022,201.2,2000,194,Coupe,Chevrolet,3 Series,Los Angeles,V6,Gasoline,A,AWD,True,False,34.1,41.4,64.4,75.1,114.5
SAMPLE00002640,31392.87,67504.0,2016,214.5,3500,409,Truck,BMW,Silverado,New York,V6,Hybrid,M,AWD,True,True,36.3,41.7,63.3,83.0,114.4
SAMPLE00002641,20795.07,49904.0,2015,320.4,1500,35,Hatchback,Toyota,Altima,Chicago,I4,Hybrid,A,FWD,True,False,36.9,40.8,56.7,78.6,114.8
SAMPLE00002642,58000.31,65745.0,2021,378.3,1500,404,Sedan,Toyota,3 Series,Los Angeles,I4,Gasoline,A,FWD,True,True,39.8,41.2,69.2,81.8,100.4
SAMPLE00002643,50428.21,39404.0,2021,288.7,3000,204,Sedan,BMW,F-150,Houston,I6,Diesel,A,FWD,False,False,33.2,38.3,58.0,81.2,104.5
SAMPLE00002644,17650.23,24708.0,2021,337.0,3500,307,Sedan,Ford,3 Series,New York,I4,Diesel,A,RWD,True,True,36.5,44.5,75.0,77.8,114.6
SAMPLE00002645,34802.78,103372.0,2021,151.5,3000,138,Hatchback,Nissan,Civic,Los Angeles,I4,Gasoline,A,FWD,True,False,37.0,38.2,74.8,80.7,102.5
SAMPLE00002646,67623.99,77186.0,2017,163.6,1500,263,SUV / Crossover,Ford,Silverado,Los Angeles,I4,Gasoline,A,RWD,True,False,38.0,43.4,56.7,80.0,103.7
SAMPLE00002647,42522.06,30023.0,2022,259.6,3000,56,Truck,Ford,Camry,Chicago,V6,Hybrid,A,FWD,False,False,41.7,40.1,64.5,76.2,113.2
SAMPLE00002648,38800.1,47938.0,2012,153.0,2000,109,SUV / Crossover,BMW,Altima,Chicago,I6,Hybrid,A,AWD,False,False,39.7,38.8,66.0,70.6,116.2
SAMPLE00002649,40173.48,88771.0,2016,290.5,2000,173,Coupe,Chevrolet,3 Series,New York,I6,Diesel,M,RWD,True,False,35.0,42.3,77.9,72.5,103.2
SAMPLE00002650,26488.55,10834.0,2015,187.5,3500,495,Truck,Chevrolet,Camry,Houston,I6,Hybrid,M,FWD,False,False,38.7,42.9,60.8,74.4,111.0
SAMPLE00002651,35278.89,22118.0,2015,337.5,1500,205,SUV / Crossover,Nissan,Silverado,Phoenix,V6,Hybrid,M,FWD,False,True,36.1,42.4,69.6,78.0,103.6
SAMPLE00002652,35339.73,10987.0,2018,342.4,3500,224,Coupe,Nissan,Camry,Houston,I4,Gasoline,A,AWD,False,True,40.3,42.0,65.5,73.1,104.2
SAMPLE00002653,17879.53,121848.0,2020,239.1,3500,385,Truck,Honda,3 Series,Chicago,V6,Hybrid,M,AWD,False,True,34.5,41.8,72.7,71.5,109.6
SAMPLE00002654,57216.22,112861.0,2019,154.2,1500,63,Hatchback,Honda,F-150,Chicago,I6,Hybrid,M,AWD,False,True,34.3,41.8,60.7,68.6,113.5
SAMPLE00002655,37907.74,112997.0,2022,294.0,2500,251,Coupe,Ford,Altima,Phoenix,I4,Hybrid,A,FWD,True,True,33.9,44.1,70.7,71.6,111.5
SAMPLE00002656,60219.89,107449.0,2019,397.8,2500,435,SUV / Crossover,BMW,Civic,Houston,I4,Diesel,A,AWD,False,True,37.9,38.6,58.0,77.2,101.8
SAMPLE00002657,61769.14,100408.0,2016,286.8,3000,448,Truck,Nissan,Civic,Houston,I6,Gasoline,M,AWD,False,True,34.1,39.1,55.3,70.4,105.7
SAMPLE00002658,26659.67,71549.0,2017,110.7,2500,266,Coupe,Toyota,Altima,Phoenix,I4,Diesel,M,RWD,False,False,33.4,43.7,55.4,68.5,118.8
SAMPLE00002659,51154.44,96342.0,2013,105.2,2000,389,Coupe,Chevrolet,Camry,Chicago,V6,Gasoline,M,RWD,True,True,36.0,40.1,66.3,69.3,112.6
SAMPLE00002660,40975.5,5754.0,2022,196.1,3500,351,Hatchback,BMW,Civic,New York,I6,Gasoline,M,RWD,False,False,40.2,43.4,72.7,84.2,113.2
SAMPLE00002661,63408.62,93220.0,2014,158.7,3000,462,Coupe,Nissan,Altima,Houston,V6,Hybrid,A,FWD,False,False,34.4,40.5,68.3,68.6,104.2
SAMPLE00002662,26865.74,116682.0,2016,343.9,3500,331,Truck,Honda,Altima,Los Angeles,I4,Diesel,A,RWD,False,False,36.2,44.5,55.8,76.0,119.2
SAMPLE00002663,52279.73,75054.0,2013,353.4,1500,319,Sedan,Nissan,Civic,Houston,I6,Diesel,M,FWD,False,True,36.9,40.0,67.7,79.7,104.1
SAMPLE00002664,48426.37,53627.0,2014,177.6,2500,356,Truck,Chevrolet,F-150,Houston,I4,Hybrid,M,AWD,True,False,40.9,41.0,57.6,71.8,105.0
SAMPLE00002665,31241.58,41614.0,2015,197.7,1500,92,Truck,Nissan,Camry,Houston,I6,Diesel,M,FWD,True,False,37.3,39.1,77.2,84.4,110.2
SAMPLE00002666,22513.05,96420.0,2017,170.9,3000,182,Hatchback,Chevrolet,F-150,Chicago,I6,Gasoline,M,FWD,True,False,37.6,42.7,63.1,68.4,109.9
SAMPLE00002667,50840.19,103920.0,2016,372.5,2000,299,Hatchback,BMW,F-150,Los Angeles,I6,Gasoline,A,AWD,True,True,35.3,40.8,66.6,83.0,100.7
SAMPLE00002668,55622.86,130645.0,2021,250.8,2500,213,Coupe,Nissan,Silverado,Houston,I6,Gasoline,A,RWD,False,True,39.0,44.6,62.8,74.7,114.9
SAMPLE00002669,32359.5,51350.0,2015,296.8,1500,493,Hatchback,Nissan,Camry,New York,I6,Hybrid,M,RWD,True,False,33.2,38.1,65.7,74.5,101.9
SAMPLE00002670,50465.79,115466.0,2013,224.6,2500,141,Coupe,Honda,F-150,Los Angeles,I4,Diesel,A,RWD,True,False,41.7,40.7,77.0,76.0,101.1
SAMPLE00002671,36732.2,84203.0,2022,289.3,3500,82,Sedan,BMW,3 Series,Phoenix,I6,Gasoline,M,AWD,True,False,37.5,38.2,61.0,84.5,110.1
SAMPLE00002672,54226.38,132425.0,2016,215.8,2000,388,SUV / Crossover,Toyota,Civic,New York,V6,Hybrid,M,FWD,False,False,33.6,40.3,71.5,78.7,101.0
SAMPLE00002673,25956.84,79172.0,2016,201.9,2500,98,Hatchback,Chevrolet,Camry,Phoenix,I6,Gasoline,M,AWD,True,True,38.0,40.7,72.4,82.9,104.0
SAMPLE00002674,63961.83,77644.0,2022,290.3,2000,280,Hatchback,BMW,Silverado,Houston,V6,Gasoline,A,AWD,False,False,37.6,39.8,59.4,68.5,107.8
SAMPLE00002675,30807.53,86682.0,2018,277.3,3500,433,Sedan,BMW,F-150,Chicago,I4,Diesel,A,AWD,False,False,35.2,39.8,71.8,83.2,112.1
SAMPLE00002676,35228.23,112397.0,2012,188.1,3500,101,Hatchback,Toyota,3 Series,Houston,I6,Hybrid,M,AWD,False,False,34.9,39.8,69.9,71.6,115.7
SAMPLE00002677,18195.06,144704.0,2015,144.8,1500,328,Sedan,BMW,Civic,Houston,I6,Gasoline,M,FWD,True,True,35.4,39.9,61.7,73.4,105.8
SAMPLE00002678,21133.17,11035.0,2022,210.6,3000,377,Coupe,Chevrolet,Civic,Phoenix,V6,Gasoline,A,RWD,True,False,34.2,40.0,67.0,69.3,109.4
SAMPLE00002679,43372.4,8015.0,2016,224.6,1500,70,Hatchback,Ford,3 Series,Houston,I6,Hybrid,A,RWD,True,True,37.8,44.0,68.6,83.6,119.1
SAMPLE00002680,29717.6,140633.0,2019,288.6,2000,372,Hatchback,Ford,Camry,New York,I4,Hybrid,M,AWD,True,True,40.9,38.3,74.2,76.9,107.8
SAMPLE00002681,60951.41,79481.0,2019,374.4,1500,337,Coupe,Honda,Civic,Chicago,I4,Diesel,M,FWD,False,False,41.3,44.9,57.9,69.5,114.2
SAMPLE00002682,15808.14,92235.0,2012,110.9,2500,385,Hatchback,Toyota,Civic,Phoenix,I6,Gasoline,M,AWD,True,False,41.6,40.0,77.4,74.8,105.4
SAMPLE00002683,35850.17,72364.0,2016,173.1,1500,371,Truck,Honda,Civic,Los Angeles,V6,Diesel,M,FWD,True,True,38.4,38.2,72.7,74.5,112.5
SAMPLE00002684,33554.01,14049.0,2021,158.1,3000,265,Sedan,Ford,Altima,Houston,I4,Gasoline,A,AWD,True,False,38.6,39.2,67.3,68.9,116.1
SAMPLE00002685,16063.02,115213.0,2012,250.7,3000,491,SUV / Crossover,Toyota,F-150,Phoenix,I6,Diesel,A,RWD,False,False,35.8,44.6,72.9,73.9,118.3
SAMPLE00002686,21840.26,112084.0,2012,228.9,2000,129,Truck,BMW,F-150,Houston,V6,Gasoline,A,RWD,False,True,41.0,45.0,71.9,73.0,118.8
SAMPLE00002687,37750.35,46755.0,2013,318.7,3500,59,SUV / Crossover,BMW,Civic,Houston,V6,Hybrid,A,AWD,False,True,37.4,39.7,65.6,83.6,106.0
SAMPLE00002688,42107.55,45936.0,2013,172.7,3000,300,Truck,Chevrolet,Silverado,Phoenix,I4,Diesel,A,RWD,False,True,35.5,39.6,62.7,81.7,104.0
SAMPLE00002689,37235.94,125676.0,2020,278.3,2000,391,Truck,Nissan,Altima,New York,I6,Hybrid,A,AWD,True,True,41.7,43.9,77.7,70.7,116.3
SAMPLE00002690,44201.57,10854.0,2015,365.2,3000,441,Truck,Ford,Civic,Los Angeles,I4,Gasoline,M,FWD,False,False,39.3,44.4,75.3,83.8,112.6
SAMPLE00002691,47732.24,132166.0,2014,373.2,3000,118,Sedan,BMW,Camry,Houston,V6,Hybrid,A,FWD,False,False,37.2,42.6,76.9,80.6,108.3
SAMPLE00002692,15545.81,38499.0,2022,387.6,3500,262,SUV / Crossover,Toyota,Altima,New York,I4,Diesel,M,FWD,True,False,33.6,44.6,56.1,76.3,100.7
SAMPLE00002693,40525.23,88948.0,2012,332.0,2500,482,Coupe,Nissan,Silverado,Houston,I6,Diesel,A,FWD,True,True,34.3,44.7,73.8,75.4,106.2
SAMPLE00002694,67992.46,140399.0,2013,371.8,2000,470,Coupe,Nissan,Camry,Houston,I4,Hybrid,A,AWD,True,False,34.8,43.3,75.5,83.8,102.2
SAMPLE00002695,43546.78,101718.0,2017,170.4,3000,327,Hatchback,BMW,3 Series,New York,V6,Gasoline,A,RWD,False,True,41.1,40.4,66.0,73.2,109.8
SAMPLE00002696,52264.82,62164.0,2020,159.3,3000,20,Sedan,Honda,3 Series,Houston,I4,Diesel,A,FWD,False,False,41.7,39.0,75.5,74.3,116.5
SAMPLE00002697,32152.51,103430.0,2016,101.9,1500,96,Sedan,Honda,F-150,Los Angeles,V6,Gasoline,M,RWD,True,True,35.4,41.6,57.3,79.7,106.3
SAMPLE00002698,57569.53,51597.0,2015,312.1,2500,302,Sedan,Honda,Altima,Phoenix,V6,Diesel,M,AWD,False,True,37.5,40.0,56.4,80.9,107.2
SAMPLE00002699,57510.68,41589.0,2016,381.2,3500,0,Truck,Nissan,F-150,New York,V6,Gasoline,M,RWD,True,True,40.1,38.8,61.7,73.6,115.7
SAMPLE00002700,43671.28,149502.0,2020,156.1,2000,395,Sedan,Honda,F-150,Chicago,I4,Gasoline,A,RWD,True,False,36.5,40.8,55.6,83.7,109.1
SAMPLE00002701,68680.76,112619.0,2018,291.1,3000,202,Coupe,Honda,Altima,Houston,I6,Hybrid,A,RWD,False,True,37.4,41.4,70.7,72.4,113.4
SAMPLE00002702,21905.26,96708.0,2019,323.9,2000,431,Sedan,Nissan,3 Series,Phoenix,V6,Gasoline,A,AWD,True,True,41.0,42.6,76.3,73.9,103.8
SAMPLE00002703,15932.12,53293.0,2015,378.3,3500,127,Truck,Chevrolet,Altima,Los Angeles,I4,Diesel,M,AWD,True,True,34.9,39.5,61.8,71.3,105.0
SAMPLE00002704,57358.7,7374.0,2022,294.1,2500,349,SUV / Crossover,Honda,Camry,Los Angeles,V6,Hybrid,M,AWD,False,False,41.9,44.1,70.2,77.1,112.7
SAMPLE00002705,59393.55,4659.0,2019,391.1,1500,131,Sedan,Chevrolet,Silverado,Chicago,I4,Diesel,A,RWD,False,True,37.1,39.3,65.8,85.0,102.2
SAMPLE00002706,21611.4,83127.0,2017,203.4,2500,33,SUV / Crossover,Chevrolet,F-150,Los Angeles,V6,Hybrid,A,FWD,False,False,35.3,45.0,60.9,80.2,103.5
SAMPLE00002707,29607.06,114305.0,2016,205.0,1500,86,Hatchback,BMW,3 Series,Phoenix,I4,Hybrid,M,FWD,False,True,41.0,41.9,76.1,76.0,106.4
SAMPLE00002708,15965.38,80607.0,2018,262.9,2000,31,Truck,Nissan,F-150,Chicago,V6,Gasoline,A,RWD,True,True,33.7,39.0,77.0,84.7,103.6
SAMPLE00002709,31131.97,126118.0,2017,215.1,2500,258,Sedan,Toyota,Civic,New York,V6,Gasoline,M,FWD,False,False,38.8,43.8,58.1,68.8,119.5
SAMPLE00002710,57522.8,5014.0,2014,100.4,2500,475,Hatchback,Honda,Silverado,Chicago,V6,Diesel,A,FWD,False,False,33.6,39.8,72.6,72.9,105.1
SAMPLE00002711,43487.83,55013.0,2016,319.5,2500,323,Hatchback,Toyota,Camry,New York,I6,Diesel,M,RWD,True,True,41.5,39.3,59.3,82.2,119.1
SAMPLE00002712,34145.26,35561.0,2020,325.5,3500,312,SUV / Crossover,Ford,F-150,Los Angeles,I4,Gasoline,M,AWD,True,False,38.8,38.9,66.2,76.9,116.9
SAMPLE00002713,35445.66,67091.0,2018,324.1,2000,369,Coupe,Chevrolet,Civic,Phoenix,I6,Diesel,M,FWD,True,False,36.6,41.9,63.3,68.1,106.7
SAMPLE00002714,15074.45,10856.0,2015,203.5,1500,459,Coupe,Ford,Civic,Houston,I4,Diesel,M,AWD,True,True,36.8,44.2,60.6,75.8,111.0
SAMPLE00002715,31489.03,143120.0,2018,256.7,2500,407,Coupe,Chevrolet,Silverado,Chicago,V6,Gasoline,M,FWD,False,False,34.5,44.3,70.5,68.4,106.8
SAMPLE00002716,50555.23,33488.0,2016,208.0,2000,32,Coupe,Honda,3 Series,Los Angeles,I4,Hybrid,A,RWD,False,True,36.2,43.5,74.7,77.7,114.1
SAMPLE00002717,68580.69,138346.0,2022,104.8,3500,386,Truck,Ford,3 Series,Phoenix,I4,Gasoline,A,RWD,False,False,41.1,42.1,73.0,78.8,107.2
SAMPLE00002718,61588.35,63884.0,2013,268.7,3500,387,Sedan,Nissan,F-150,Houston,V6,Diesel,M,AWD,True,False,40.2,41.7,71.6,71.4,109.3
SAMPLE00002719,16297.72,147829.0,2017,137.1,2000,285,Sedan,BMW,F-150,Chicago,V6,Hybrid,M,AWD,True,False,39.0,40.6,56.5,84.8,114.4
SAMPLE00002720,64420.83,83109.0,2018,124.0,1500,325,Truck,Ford,3 Series,Phoenix,V6,Gasoline,A,AWD,True,False,41.7,38.3,57.2,82.2,108.3
SAMPLE00002721,58075.91,139625.0,2019,326.6,2000,48,SUV / Crossover,Chevrolet,Camry,Los Angeles,I4,Hybrid,M,AWD,True,False,38.2,43.9,65.7,75.9,113.8
SAMPLE00002722,57920.69,802.0,2017,102.9,2000,285,Sedan,Nissan,Camry,Chicago,V6,Diesel,M,RWD,True,False,34.6,45.0,67.8,73.3,107.4
SAMPLE00002723,40189.77,112236.0,2019,387.7,3000,455,Hatchback,Chevrolet,Civic,Chicago,V6,Hybrid,M,RWD,False,True,39.4,44.4,71.6,68.2,108.0
SAMPLE00002724,36890.29,135458.0,2018,254.6,3500,81,Sedan,Toyota,Silverado,New York,I4,Diesel,M,RWD,False,True,38.3,44.5,63.2,79.8,106.4
SAMPLE00002725,31660.37,20958.0,2013,394.9,1500,143,Truck,Ford,Camry,New York,I6,Gasoline,A,AWD,True,False,36.9,40.3,55.5,72.5,119.8
SAMPLE00002726,18613.22,14419.0,2017,117.4,3000,436,SUV / Crossover,BMW,F-150,Chicago,I4,Hybrid,A,RWD,True,False,34.3,38.7,55.8,74.7,110.1
SAMPLE00002727,27552.94,63686.0,2020,275.1,2000,389,Sedan,Honda,Camry,Phoenix,I4,Hybrid,A,RWD,False,False,39.1,44.1,74.7,75.3,104.4
SAMPLE00002728,28563.2,140052.0,2017,204.8,3500,279,Truck,Toyota,Silverado,Los Angeles,I4,Hybrid,A,FWD,False,False,37.0,43.3,58.0,82.5,111.3
SAMPLE00002729,41624.24,81358.0,2015,353.0,3000,370,Hatchback,Ford,F-150,Houston,V6,Diesel,M,FWD,False,False,38.2,40.7,76.5,82.5,109.4
SAMPLE00002730,56109.44,79118.0,2018,208.4,3000,91,Coupe,Toyota,Silverado,New York,I4,Gasoline,A,FWD,True,True,35.8,43.8,62.7,81.2,115.6
SAMPLE00002731,41059.54,21169.0,2014,178.1,1500,223,Hatchback,Ford,3 Series,Los Angeles,I6,Gasoline,A,AWD,True,False,34.4,39.0,68.4,81.0,118.7
SAMPLE00002732,18181.44,118.0,2016,357.3,2000,216,Hatchback,Honda,Silverado,Chicago,I4,Diesel,A,AWD,True,True,36.2,42.6,58.9,76.4,102.2
SAMPLE00002733,67678.44,121521.0,2012,212.4,1500,155,SUV / Crossover,Honda,Silverado,Los Angeles,I4,Hybrid,M,RWD,False,True,40.7,44.7,65.4,81.4,119.6
SAMPLE00002734,66849.84,13136.0,2021,105.0,3000,276,Sedan,BMW,Silverado,Los Angeles,V6,Diesel,M,RWD,False,False,34.4,44.4,75.1,82.6,103.3
SAMPLE00002735,58185.42,95077.0,2014,217.1,3000,7,Coupe,Toyota,F-150,Los Angeles,V6,Diesel,A,AWD,False,True,37.2,43.3,77.6,76.5,105.5
SAMPLE00002736,69523.03,137192.0,2019,296.4,1500,35,Truck,BMW,Silverado,Chicago,I6,Gasoline,A,FWD,True,True,35.7,39.9,72.6,83.3,115.5
SAMPLE00002737,44946.53,31298.0,2020,176.3,3000,123,Coupe,Ford,Silverado,New York,I4,Diesel,M,RWD,False,True,41.7,38.7,72.6,84.8,103.1
SAMPLE00002738,67952.26,99791.0,2020,229.6,2500,8,Sedan,Honda,Altima,Houston,I4,Hybrid,M,FWD,True,True,33.8,40.3,75.4,71.0,116.3
SAMPLE00002739,19158.28,11805.0,2021,117.0,3500,39,SUV / Crossover,Honda,Altima,Phoenix,I4,Diesel,A,RWD,True,False,35.2,42.3,60.6,84.6,113.5
SAMPLE00002740,35112.44,90563.0,2013,276.4,2000,468,Sedan,Chevrolet,Civic,New York,I4,Diesel,A,FWD,True,False,37.0,40.2,71.9,72.2,116.1
SAMPLE00002741,27395.97,24590.0,2015,326.9,3500,178,Truck,Chevrolet,F-150,Houston,I4,Diesel,A,RWD,True,True,35.2,40.9,67.8,83.9,111.3
SAMPLE00002742,25770.82,110393.0,2016,224.0,2000,128,Coupe,BMW,Altima,Chicago,I4,Hybrid,M,FWD,False,False,39.4,40.8,61.0,82.5,119.7
SAMPLE00002743,22744.16,45185.0,2014,226.1,3000,446,Hatchback,Toyota,Silverado,Houston,V6,Diesel,A,FWD,True,False,36.3,40.4,56.3,83.6,111.9
SAMPLE00002744,49232.75,69509.0,2022,126.5,1500,372,Sedan,Ford,Camry,Chicago,I6,Gasoline,A,AWD,False,True,40.0,44.5,59.6,75.8,107.9
SAMPLE00002745,57972.7,89915.0,2012,160.6,1500,67,SUV / Crossover,BMW,Silverado,Houston,I4,Diesel,A,RWD,True,False,38.0,40.2,70.0,70.6,119.3
SAMPLE00002746,46806.41,25691.0,2017,146.4,3000,457,SUV / Crossover,Honda,Camry,New York,I4,Diesel,A,FWD,False,False,36.8,45.0,68.1,71.8,101.5
SAMPLE00002747,23082.95,111246.0,2021,244.5,2000,153,Coupe,Honda,3 Series,Chicago,V6,Gasoline,A,AWD,False,True,36.3,39.5,56.6,73.2,110.3
SAMPLE00002748,59611.81,45396.0,2013,258.8,3000,423,Hatchback,Honda,3 Series,Los Angeles,I4,Gasoline,M,RWD,True,False,35.0,44.1,67.9,72.2,112.6
SAMPLE00002749,49977.51,99356.0,2020,384.7,2000,2,Truck,Ford,F-150,Chicago,V6,Gasoline,M,AWD,True,False,35.3,43.1,64.0,84.4,106.9
SAMPLE00002750,36349.11,23742.0,2012,122.0,3000,363,Hatchback,BMW,F-150,Chicago,I6,Gasoline,M,FWD,True,False,34.6,42.7,55.3,70.7,101.8
SAMPLE00002751,52077.17,103218.0,2022,280.0,3000,377,Coupe,Ford,3 Series,Houston,I4,Gasoline,M,RWD,False,True,40.7,41.1,75.9,79.7,108.2
SAMPLE00002752,29294.77,19228.0,2020,257.9,3000,264,Hatchback,Nissan,F-150,Chicago,I6,Gasoline,M,FWD,False,False,37.9,43.7,60.9,76.7,116.2
SAMPLE00002753,33985.57,63803.0,2018,254.9,1500,415,Coupe,Honda,Camry,Houston,I4,Hybrid,M,FWD,True,False,37.3,41.4,67.7,68.6,111.4
SAMPLE00002754,65461.72,37081.0,2022,361.9,2000,450,Hatchback,Chevrolet,Camry,New York,I6,Diesel,M,AWD,True,False,35.9,38.9,68.6,71.6,115.2
SAMPLE00002755,30977.75,112256.0,2021,161.7,3000,3,Sedan,BMW,Civic,Chicago,I6,Hybrid,M,FWD,False,False,37.7,40.0,66.5,83.9,114.4
SAMPLE00002756,40849.35,39305.0,2013,112.2,3500,261,SUV / Crossover,Chevrolet,F-150,Los Angeles,I4,Hybrid,M,RWD,True,True,40.9,39.3,60.5,81.9,105.7
SAMPLE00002757,63957.76,132258.0,2017,301.7,3500,328,Coupe,BMW,F-150,Los Angeles,I6,Gasoline,A,AWD,True,True,40.7,42.0,64.4,78.0,105.1
SAMPLE00002758,53924.67,133773.0,2019,203.5,1500,281,Coupe,Honda,Civic,New York,V6,Diesel,A,FWD,True,True,38.4,42.6,61.7,69.3,115.8
SAMPLE00002759,18421.18,29466.0,2013,105.3,2500,385,SUV / Crossover,Chevrolet,Silverado,Los Angeles,V6,Hybrid,M,FWD,True,True,37.8,40.4,65.0,70.4,103.4
SAMPLE00002760,23101.67,92077.0,2016,175.4,1500,449,Truck,Chevrolet,Camry,Houston,I6,Diesel,M,FWD,False,True,35.0,38.3,56.9,80.4,111.3
SAMPLE00002761,15431.29,13158.0,2022,192.8,2500,369,Coupe,BMW,Silverado,Chicago,I6,Diesel,A,AWD,False,True,39.2,42.6,58.8,80.9,119.1
SAMPLE00002762,49700.7,58731.0,2017,285.1,1500,84,Sedan,Nissan,Altima,Phoenix,V6,Gasoline,A,RWD,True,True,40.7,38.4,58.2,84.3,110.5
SAMPLE00002763,39622.04,106998.0,2014,151.8,3500,341,Hatchback,Nissan,Civic,Chicago,I4,Diesel,A,AWD,True,False,35.8,44.8,68.7,71.5,116.1
SAMPLE00002764,22385.12,98913.0,2013,223.9,3000,386,Sedan,Chevrolet,Altima,Chicago,V6,Hybrid,M,FWD,False,True,36.9,44.2,70.1,79.0,105.1
SAMPLE00002765,67686.38,93705.0,2022,244.7,2000,34,Coupe,Chevrolet,Altima,Phoenix,I6,Hybrid,A,AWD,True,True,34.0,43.8,76.0,75.3,101.2
SAMPLE00002766,44131.28,42381.0,2017,237.8,3000,113,Truck,Honda,F-150,Los Angeles,V6,Gasoline,M,FWD,True,False,40.7,40.6,61.0,69.9,107.0
SAMPLE00002767,28304.13,56704.0,2014,392.2,3500,58,Coupe,BMW,Silverado,Los Angeles,I4,Hybrid,M,AWD,False,True,33.9,43.2,64.1,73.7,111.5
SAMPLE00002768,42533.2,15442.0,2013,113.7,2000,37,Truck,BMW,F-150,Chicago,V6,Gasoline,A,FWD,False,True,39.3,38.3,69.3,74.2,112.8
SAMPLE00002769,52379.12,107853.0,2012,385.3,2500,32,SUV / Crossover,Toyota,Civic,Los Angeles,I4,Hybrid,M,AWD,False,False,34.7,38.6,77.4,75.7,110.7
SAMPLE00002770,19193.16,75583.0,2019,274.6,2500,376,Hatchback,BMW,3 Series,Houston,I6,Hybrid,A,FWD,False,False,39.6,41.5,64.0,73.0,108.7
SAMPLE00002771,30108.71,106315.0,2012,338.7,3500,398,Sedan,Honda,F-150,Houston,V6,Gasoline,A,FWD,False,False,38.8,42.1,61.7,77.4,119.7
SAMPLE00002772,59383.1,37342.0,2016,229.1,2000,202,Truck,Chevrolet,Altima,Phoenix,V6,Diesel,A,AWD,False,True,39.2,43.4,63.9,78.3,113.8
SAMPLE00002773,40281.57,48666.0,2022,236.2,3000,201,Sedan,Toyota,Altima,Chicago,I4,Gasoline,A,AWD,False,False,38.7,40.1,62.1,75.0,119.1
SAMPLE00002774,45061.74,50132.0,2017,363.8,3500,99,SUV / Crossover,Chevrolet,Silverado,Houston,V6,Diesel,A,FWD,True,True,36.6,41.8,57.0,74.3,103.5
SAMPLE00002775,38804.88,3861.0,2022,368.8,2500,397,Coupe,BMW,Silverado,New York,V6,Diesel,A,RWD,True,False,38.6,38.4,63.0,79.1,120.0
SAMPLE00002776,17414.5,51157.0,2014,171.6,3500,449,Truck,Ford,Civic,Los Angeles,I4,Gasoline,A,FWD,False,False,35.1,41.3,68.5,68.9,114.1
SAMPLE00002777,24116.24,120496.0,2018,159.8,3000,300,Hatchback,Chevrolet,Silverado,Chicago,V6,Gasoline,A,FWD,True,True,35.5,42.7,59.2,82.7,119.4
SAMPLE00002778,39504.79,134595.0,2013,248.9,1500,303,Truck,Nissan,Camry,Houston,I4,Gasoline,M,RWD,False,False,33.6,44.9,74.2,84.6,112.1
SAMPLE00002779,26505.2,77733.0,2018,370.1,1500,427,Coupe,BMW,F-150,Phoenix,I6,Diesel,A,FWD,False,True,38.5,43.4,71.9,68.9,103.1
SAMPLE00002780,17748.85,68325.0,2013,196.7,3000,117,Coupe,Nissan,Altima,Houston,V6,Diesel,M,AWD,False,False,40.6,45.0,67.8,80.1,107.0
SAMPLE00002781,61400.73,4624.0,2016,295.6,2000,420,Hatchback,Honda,Camry,New York,I4,Diesel,A,AWD,True,True,36.4,41.5,72.0,72.3,101.1
SAMPLE00002782,68965.59,131881.0,2018,312.4,3500,242,Hatchback,Nissan,Civic,Houston,I4,Diesel,M,RWD,False,True,34.9,41.0,62.3,75.3,103.0
SAMPLE00002783,58622.86,1952.0,2022,333.6,3000,28,SUV / Crossover,BMW,Altima,Chicago,V6,Gasoline,A,FWD,False,False,40.4,43.8,59.6,72.6,120.0
SAMPLE00002784,61958.17,141713.0,2022,269.2,1500,226,Sedan,Toyota,Camry,Phoenix,I4,Gasoline,M,AWD,True,True,38.8,41.2,74.4,71.6,118.3
SAMPLE00002785,28308.74,73382.0,2014,220.7,2500,339,Truck,Nissan,Camry,Phoenix,I6,Diesel,M,FWD,False,False,41.0,43.3,73.8,75.5,118.0
SAMPLE00002786,67834.48,51290.0,2022,390.1,3000,212,SUV / Crossover,Ford,Altima,New York,I6,Hybrid,M,RWD,True,True,33.1,45.0,71.9,74.3,100.0
SAMPLE00002787,25830.91,138633.0,2015,283.4,3000,417,Sedan,Ford,F-150,Chicago,V6,Gasoline,M,AWD,True,True,36.6,43.1,60.9,75.2,109.0
SAMPLE00002788,67328.64,3659.0,2012,318.6,3000,186,SUV / Crossover,Ford,F-150,New York,I6,Hybrid,A,RWD,False,False,41.1,38.1,62.9,81.7,115.6
SAMPLE00002789,69715.06,87214.0,2014,203.5,1500,112,Hatchback,Nissan,3 Series,New York,V6,Hybrid,M,FWD,False,False,39.1,39.3,63.8,84.6,104.5
SAMPLE00002790,54144.75,82340.0,2020,301.0,1500,372,Hatchback,Honda,Camry,New York,V6,Hybrid,M,FWD,True,False,37.2,39.9,59.2,70.4,108.4
SAMPLE00002791,68962.91,32898.0,2021,177.3,3000,298,Coupe,Ford,F-150,Houston,I4,Diesel,A,FWD,False,False,36.7,43.8,72.5,80.6,104.1
SAMPLE00002792,46324.69,64333.0,2016,173.5,3000,160,Truck,Chevrolet,Camry,Los Angeles,I4,Gasoline,M,RWD,False,True,41.1,44.5,59.2,77.3,113.9
SAMPLE00002793,29274.8,97840.0,2019,314.4,2000,18,Truck,Honda,Camry,Houston,I4,Hybrid,A,AWD,False,True,40.5,42.5,60.1,74.3,114.1
SAMPLE00002794,39034.77,109070.0,2013,256.4,2500,263,Truck,BMW,Civic,Chicago,I4,Diesel,A,RWD,True,False,33.1,38.6,56.1,79.2,105.7
SAMPLE00002795,47645.85,108.0,2014,305.0,3500,158,SUV / Crossover,Toyota,Civic,New York,V6,Gasoline,M,AWD,False,True,34.1,41.5,70.3,83.0,109.5
SAMPLE00002796,19019.49,140528.0,2018,180.8,3500,10,SUV / Crossover,Honda,Altima,New York,I4,Diesel,A,FWD,False,False,37.6,44.0,76.4,78.9,109.0
SAMPLE00002797,49228.88,24679.0,2021,279.6,3500,7,Truck,Toyota,Camry,Los Angeles,I4,Gasoline,A,FWD,False,True,34.0,40.5,66.1,80.0,115.6
SAMPLE00002798,68964.78,35037.0,2015,233.2,1500,152,Coupe,Honda,Civic,Phoenix,I6,Gasoline,A,RWD,True,False,35.5,38.5,75.6,70.5,113.5
SAMPLE00002799,25455.92,39521.0,2020,279.1,1500,112,Sedan,BMW,Altima,New York,V6,Diesel,M,AWD,False,True,40.5,43.5,74.3,80.1,101.4
SAMPLE00002800,58592.73,5673.0,2018,187.3,2000,147,SUV / Crossover,Toyota,F-150,Houston,I6,Hybrid,M,FWD,True,True,36.5,42.6,73.3,84.8,103.0
SAMPLE00002801,64934.43,18458.0,2022,314.6,1500,37,Truck,Honda,Camry,New York,I6,Gasoline,M,FWD,True,True,37.1,41.3,58.9,84.3,116.8
SAMPLE00002802,66903.59,147952.0,2012,341.8,3000,134,Hatchback,Toyota,Civic,Chicago,I6,Gasoline,M,RWD,True,False,34.6,43.9,63.7,75.0,119.3
SAMPLE00002803,67807.46,47283.0,2015,178.0,2500,372,SUV / Crossover,Ford,F-150,Los Angeles,I4,Hybrid,M,RWD,True,True,38.4,43.9,70.3,83.0,112.7
SAMPLE00002804,43680.28,17295.0,2021,190.2,2500,460,Sedan,Ford,Camry,Phoenix,V6,Gasoline,A,AWD,True,False,34.1,42.9,62.9,78.1,107.3
SAMPLE00002805,68751.93,16049.0,2022,298.3,2500,422,SUV / Crossover,Nissan,Altima,Chicago,I6,Hybrid,A,FWD,True,True,38.7,44.6,71.4,70.0,104.4
SAMPLE00002806,56652.06,107919.0,2017,308.7,2500,234,Sedan,Ford,Camry,Houston,I6,Gasoline,M,AWD,True,True,39.7,41.2,61.6,84.6,114.9
SAMPLE00002807,23891.93,128185.0,2017,311.2,3500,254,Sedan,Chevrolet,Civic,Chicago,V6,Hybrid,M,AWD,True,True,40.9,43.1,64.0,78.4,112.8
SAMPLE00002808,41229.51,38543.0,2021,304.8,3500,73,SUV / Crossover,Ford,F-150,New York,I4,Gasoline,A,AWD,True,True,38.2,43.8,71.8,69.8,118.2
SAMPLE00002809,54508.21,3136.0,2017,217.8,3000,327,Sedan,Ford,Camry,Los Angeles,I6,Gasoline,A,RWD,False,False,36.0,42.4,57.7,77.7,118.1
SAMPLE00002810,28603.72,33464.0,2016,218.5,2000,361,SUV / Crossover,BMW,Camry,New York,V6,Gasoline,A,AWD,True,False,40.7,41.9,73.1,80.3,106.1
SAMPLE00002811,50233.84,8477.0,2014,176.4,1500,373,SUV / Crossover,Toyota,Altima,Los Angeles,I4,Hybrid,M,AWD,True,True,38.4,43.1,71.4,72.0,116.1
SAMPLE00002812,51663.03,15509.0,2013,147.1,1500,490,Coupe,Toyota,3 Series,Houston,I4,Gasoline,A,AWD,False,False,36.2,40.5,65.3,79.6,105.1
SAMPLE00002813,23948.49,64726.0,2014,307.8,3500,275,Hatchback,Ford,Camry,Chicago,I4,Diesel,M,RWD,False,False,35.9,40.6,65.1,84.4,115.6
SAMPLE00002814,46079.69,34488.0,2020,128.0,2500,208,Sedan,Toyota,3 Series,Los Angeles,I4,Diesel,M,RWD,True,True,35.9,44.8,75.9,71.9,103.4
SAMPLE00002815,57439.48,77392.0,2014,381.3,3000,266,SUV / Crossover,Honda,3 Series,Chicago,I4,Diesel,A,FWD,False,True,33.5,38.8,71.5,76.3,107.0
SAMPLE00002816,42439.26,38024.0,2014,348.0,2000,143,Sedan,Nissan,F-150,Los Angeles,V6,Gasoline,A,RWD,False,True,33.9,43.9,69.3,73.3,101.7
SAMPLE00002817,15665.67,141081.0,2012,357.3,3500,484,SUV / Crossover,Ford,Silverado,New York,I4,Hybrid,M,RWD,True,True,33.8,43.5,74.9,74.6,105.9
SAMPLE00002818,15497.12,135892.0,2013,372.0,3000,41,SUV / Crossover,Nissan,Altima,Los Angeles,I6,Hybrid,M,AWD,True,False,35.8,38.4,62.6,82.2,106.4
SAMPLE00002819,34636.61,85021.0,2022,222.6,3000,223,SUV / Crossover,Ford,3 Series,Los Angeles,V6,Gasoline,A,FWD,True,True,37.3,42.9,61.6,82.0,113.4
SAMPLE00002820,65940.67,53164.0,2014,354.0,3500,345,Hatchback,Chevrolet,F-150,Phoenix,I6,Diesel,A,RWD,True,True,34.3,38.7,59.8,68.1,114.3
SAMPLE00002821,27577.22,57172.0,2013,147.4,3000,51,Sedan,Nissan,Altima,Houston,I6,Hybrid,M,FWD,True,False,40.5,39.5,67.0,70.1,111.8
SAMPLE00002822,49890.0,61778.0,2019,106.5,2500,420,Hatchback,Honda,Civic,New York,I4,Gasoline,A,AWD,True,True,33.6,44.7,77.7,73.9,115.4
SAMPLE00002823,27214.17,109137.0,2017,335.5,3000,307,Hatchback,Ford,3 Series,New York,I4,Hybrid,M,RWD,True,True,41.5,40.5,76.4,73.2,109.0
SAMPLE00002824,32691.85,67746.0,2018,122.4,2000,136,Hatchback,Ford,Silverado,Chicago,V6,Diesel,A,AWD,True,False,33.7,38.4,65.5,69.6,112.6
SAMPLE00002825,61642.31,128509.0,2012,396.6,3000,418,Hatchback,Toyota,Civic,Los Angeles,V6,Diesel,A,AWD,True,False,41.1,41.6,57.6,79.7,107.2
SAMPLE00002826,55087.38,141614.0,2017,302.4,1500,194,Coupe,Ford,Altima,Los Angeles,I6,Hybrid,M,FWD,False,True,35.3,39.4,75.1,78.9,110.4
SAMPLE00002827,20246.96,50392.0,2013,326.0,3000,94,Sedan,Nissan,3 Series,Los Angeles,I4,Gasoline,A,RWD,False,False,41.9,41.0,76.2,72.2,102.8
SAMPLE00002828,38578.61,84104.0,2017,173.7,3500,489,Sedan,Nissan,3 Series,New York,I4,Gasoline,A,FWD,False,True,37.7,38.7,58.9,74.1,112.2
SAMPLE00002829,16604.34,14258.0,2014,302.2,1500,390,SUV / Crossover,Ford,Silverado,Phoenix,I6,Hybrid,M,AWD,False,False,33.2,38.7,75.3,76.3,104.1
SAMPLE00002830,41448.96,30070.0,2018,113.0,3500,257,Sedan,Ford,Camry,Chicago,I4,Diesel,M,RWD,False,False,35.5,41.5,65.3,68.8,109.2
SAMPLE00002831,51433.87,62020.0,2014,351.3,2000,24,Hatchback,Ford,Silverado,Los Angeles,V6,Gasoline,A,AWD,True,True,41.5,40.4,55.3,70.6,113.3
SAMPLE00002832,21517.64,30930.0,2020,150.9,2500,231,Truck,Chevrolet,F-150,Phoenix,I6,Hybrid,M,FWD,True,True,35.7,39.1,76.7,79.0,108.6
SAMPLE00002833,30888.67,131484.0,2014,309.2,2000,331,Sedan,Honda,F-150,Houston,I4,Hybrid,A,FWD,True,True,36.2,42.1,56.0,76.3,104.5
SAMPLE00002834,36881.01,23743.0,2018,167.3,1500,93,Truck,Nissan,Silverado,New York,I6,Diesel,M,AWD,True,True,33.4,38.4,55.8,78.2,113.3
SAMPLE00002835,65574.21,68349.0,2015,120.5,2500,349,Coupe,Chevrolet,Silverado,Houston,I4,Diesel,M,FWD,False,False,35.3,43.3,77.2,84.5,117.1
SAMPLE00002836,69629.03,90855.0,2019,244.4,3000,220,SUV / Crossover,Toyota,Silverado,New York,I4,Gasoline,M,FWD,True,True,35.3,38.4,59.9,80.8,110.0
SAMPLE00002837,17470.12,103780.0,2013,150.8,1500,296,SUV / Crossover,BMW,Silverado,Chicago,I4,Gasoline,A,AWD,True,True,39.4,44.8,67.8,84.5,111.2
SAMPLE00002838,56855.44,57460.0,2019,318.8,2500,202,SUV / Crossover,Ford,Silverado,Houston,V6,Gasoline,A,RWD,False,True,37.6,43.1,76.7,78.0,107.8
SAMPLE00002839,35444.82,130365.0,2020,171.3,3500,498,Coupe,Nissan,3 Series,Chicago,I6,Diesel,A,RWD,True,False,34.4,44.3,76.6,68.0,111.7
SAMPLE00002840,36585.2,85248.0,2019,202.7,2500,435,Hatchback,Toyota,Altima,Chicago,V6,Hybrid,M,RWD,False,True,40.2,41.1,59.0,69.6,109.9
SAMPLE00002841,56484.57,65926.0,2017,270.2,3500,342,Truck,Nissan,Altima,Chicago,V6,Gasoline,M,AWD,True,False,38.5,38.4,66.8,79.8,114.9
SAMPLE00002842,65513.45,10086.0,2021,185.5,3500,80,Sedan,BMW,Civic,Houston,I6,Gasoline,A,AWD,False,True,35.4,39.6,55.2,73.2,104.8
SAMPLE00002843,67301.07,69703.0,2012,213.4,2500,204,Hatchback,Ford,F-150,Houston,I6,Gasoline,A,FWD,False,False,35.0,44.8,57.1,75.0,109.7
SAMPLE00002844,46741.74,123110.0,2018,344.7,2000,480,SUV / Crossover,Nissan,F-150,Houston,I4,Hybrid,M,RWD,True,False,41.3,42.3,76.8,79.5,106.3
SAMPLE00002845,34641.66,92181.0,2012,153.8,2000,448,SUV / Crossover,Ford,Altima,Los Angeles,I4,Gasoline,A,FWD,True,False,38.7,39.6,64.5,73.7,101.9
SAMPLE00002846,58315.2,124824.0,2018,124.7,3500,379,Hatchback,BMW,Altima,Chicago,I6,Gasoline,A,AWD,True,False,40.3,41.4,58.5,82.9,107.7
SAMPLE00002847,28805.08,74102.0,2013,198.5,1500,487,Truck,Chevrolet,Civic,Los Angeles,I4,Diesel,A,RWD,True,False,35.0,40.2,69.5,74.6,119.1
SAMPLE00002848,46024.07,17769.0,2019,227.3,2500,76,Hatchback,BMW,Silverado,New York,I4,Diesel,M,AWD,True,True,38.3,41.4,59.0,68.8,109.2
SAMPLE00002849,34721.82,2046.0,2013,262.8,1500,37,Coupe,BMW,Altima,Houston,I6,Diesel,A,FWD,False,False,33.5,43.9,77.5,84.7,110.9
SAMPLE00002850,51114.71,45483.0,2014,211.7,2000,194,SUV / Crossover,Nissan,Altima,Phoenix,V6,Hybrid,M,FWD,False,False,38.4,39.6,70.4,76.3,114.8
SAMPLE00002851,28221.94,104699.0,2014,337.0,1500,463,Truck,Honda,Civic,New York,I6,Diesel,A,AWD,False,False,34.8,40.8,63.5,74.0,119.7
SAMPLE00002852,25537.61,118539.0,2012,111.8,3000,41,Sedan,Ford,Silverado,Chicago,I6,Gasoline,A,AWD,False,True,39.0,41.1,63.8,83.3,108.2
SAMPLE00002853,65503.15,44363.0,2016,229.5,3000,454,SUV / Crossover,Nissan,F-150,Chicago,V6,Gasoline,M,RWD,True,True,41.4,42.1,76.1,82.6,110.4
SAMPLE00002854,20599.2,74348.0,2016,214.7,2000,181,Hatchback,Ford,Altima,Los Angeles,I4,Hybrid,M,AWD,False,False,37.1,38.5,75.6,68.6,119.4
SAMPLE00002855,42827.68,63168.0,2021,294.3,1500,244,Truck,Chevrolet,Camry,Houston,V6,Hybrid,M,FWD,True,True,35.7,39.4,76.8,81.7,108.6
SAMPLE00002856,27146.9,61578.0,2016,389.9,2500,194,SUV / Crossover,Chevrolet,F-150,Houston,V6,Gasoline,A,FWD,False,True,34.1,40.8,65.4,76.3,115.8
SAMPLE00002857,17141.15,34702.0,2020,253.1,2000,77,Sedan,Honda,F-150,New York,I6,Hybrid,A,AWD,True,True,39.0,43.7,74.6,79.4,108.9
SAMPLE00002858,16981.04,20456.0,2017,396.1,3000,319,Sedan,Honda,Camry,New York,I4,Gasoline,A,AWD,True,True,38.3,39.3,66.2,70.5,104.6
SAMPLE00002859,24637.2,29503.0,2017,190.7,2000,463,Hatchback,Honda,Civic,New York,I4,Diesel,A,RWD,True,True,37.9,44.2,69.6,79.3,118.7
SAMPLE00002860,62672.37,8300.0,2014,109.3,1500,387,Coupe,Chevrolet,3 Series,Phoenix,V6,Gasoline,A,FWD,True,True,41.4,40.4,66.7,71.9,114.2
SAMPLE00002861,30536.33,29720.0,2016,149.7,1500,414,Hatchback,BMW,Silverado,Phoenix,I6,Hybrid,A,FWD,False,True,41.8,39.8,69.0,70.0,117.3
SAMPLE00002862,67275.25,1380.0,2021,218.5,1500,124,Truck,Nissan,Silverado,Chicago,V6,Diesel,M,FWD,False,False,39.5,40.9,66.7,70.3,102.3
SAMPLE00002863,46989.23,94089.0,2018,194.9,3500,140,Hatchback,Ford,F-150,Chicago,I4,Gasoline,M,AWD,False,True,34.8,41.9,58.6,73.1,114.1
SAMPLE00002864,39013.78,47456.0,2014,129.1,1500,26,Truck,Ford,Camry,Chicago,I4,Hybrid,A,FWD,False,False,41.5,43.1,57.5,84.9,112.8
SAMPLE00002865,46904.89,145972.0,2013,229.8,3000,314,Coupe,Nissan,F-150,Houston,I6,Hybrid,M,AWD,False,False,36.1,41.3,76.6,68.9,109.7
SAMPLE00002866,43418.41,29058.0,2016,201.4,3000,320,Hatchback,Toyota,F-150,Chicago,I6,Diesel,M,RWD,False,True,33.7,43.7,66.7,73.6,102.8
SAMPLE00002867,56732.69,51874.0,2014,136.8,3500,447,Sedan,Chevrolet,Altima,Los Angeles,V6,Gasoline,A,AWD,True,True,35.2,43.7,76.7,76.9,108.3
SAMPLE00002868,30537.28,53676.0,2016,188.8,3000,280,Truck,Chevrolet,Civic,New York,I6,Gasoline,M,RWD,False,True,40.5,38.0,70.8,71.5,112.4
SAMPLE00002869,34417.77,1268.0,2020,365.9,3000,292,Truck,Honda,Silverado,Houston,V6,Hybrid,A,RWD,True,True,34.8,43.5,57.0,84.3,113.5
SAMPLE00002870,64175.19,125881.0,2022,190.6,2000,241,Sedan,Nissan,3 Series,Phoenix,I6,Diesel,M,AWD,True,False,36.6,41.1,59.6,75.8,102.3
SAMPLE00002871,67055.11,4799.0,2021,314.2,1500,235,Hatchback,Toyota,Camry,New York,V6,Gasoline,A,RWD,True,True,35.5,44.8,72.7,79.8,108.9
SAMPLE00002872,64090.7,141027.0,2012,283.6,2000,202,Coupe,Toyota,3 Series,Chicago,I4,Diesel,M,AWD,False,False,33.4,43.7,59.1,74.1,108.5
SAMPLE00002873,38069.64,133811.0,2015,228.2,2000,456,SUV / Crossover,Chevrolet,Camry,Phoenix,I4,Hybrid,M,FWD,True,True,38.1,40.7,55.2,71.3,115.7
SAMPLE00002874,57920.1,80328.0,2021,171.7,3000,379,Hatchback,Honda,Silverado,Phoenix,I4,Gasoline,A,AWD,False,True,38.7,42.4,57.6,73.2,100.8
SAMPLE00002875,41198.47,81539.0,2016,210.7,2500,326,Hatchback,Ford,Civic,Phoenix,I4,Hybrid,A,RWD,False,False,40.1,39.4,66.0,72.8,115.7
SAMPLE00002876,42364.69,98067.0,2013,277.6,1500,141,Truck,Honda,3 Series,New York,I4,Gasoline,M,RWD,False,False,36.7,40.0,58.8,82.4,115.7
SAMPLE00002877,26257.41,58058.0,2013,205.2,2500,93,Truck,Ford,Camry,Houston,I4,Hybrid,A,FWD,True,False,34.3,39.4,56.0,68.3,113.9
SAMPLE00002878,47512.17,97083.0,2012,164.5,3000,151,Coupe,Chevrolet,F-150,New York,I6,Gasoline,M,AWD,True,True,38.9,43.3,72.1,83.2,118.0
SAMPLE00002879,25237.47,6715.0,2019,134.9,3500,252,Coupe,Honda,Silverado,Los Angeles,I6,Diesel,A,FWD,False,False,41.0,38.1,77.4,74.7,109.3
SAMPLE00002880,33236.06,8107.0,2013,363.9,2000,66,Coupe,Toyota,Civic,Chicago,I6,Gasoline,M,RWD,False,False,34.1,40.9,77.5,78.5,101.9
SAMPLE00002881,62026.66,68585.0,2014,232.1,3000,175,Sedan,Nissan,Altima,Houston,V6,Gasoline,M,AWD,True,False,34.6,43.9,75.7,81.7,106.6
SAMPLE00002882,26389.17,82443.0,2013,287.6,3000,102,SUV / Crossover,BMW,F-150,Houston,I6,Hybrid,A,RWD,False,True,36.0,43.0,55.4,75.8,112.2
SAMPLE00002883,18913.71,133173.0,2015,247.1,2500,90,SUV / Crossover,Toyota,Civic,Chicago,I6,Gasoline,A,AWD,False,False,38.9,41.0,60.5,69.6,106.5
SAMPLE00002884,18795.42,15699.0,2012,361.8,3500,192,Coupe,Nissan,Camry,Los Angeles,V6,Gasoline,M,FWD,True,False,37.7,42.4,58.2,77.2,112.7
SAMPLE00002885,66743.15,123397.0,2014,264.1,2000,165,Truck,Ford,F-150,Phoenix,V6,Gasoline,A,FWD,False,True,39.4,41.0,69.7,70.1,100.9
SAMPLE00002886,42880.62,31507.0,2016,244.2,3500,89,SUV / Crossover,Chevrolet,Altima,Chicago,I4,Hybrid,M,RWD,False,False,33.3,43.9,74.5,82.0,101.4
SAMPLE00002887,37517.66,59113.0,2021,377.4,3500,325,Hatchback,Honda,Altima,Phoenix,I6,Gasoline,A,FWD,False,False,40.3,42.0,68.2,79.0,100.2
SAMPLE00002888,59598.32,47490.0,2012,315.9,3500,314,Sedan,Chevrolet,Civic,Chicago,I6,Diesel,A,FWD,False,False,41.9,42.4,63.0,78.1,119.5
SAMPLE00002889,60970.43,60023.0,2015,133.5,1500,489,Truck,Chevrolet,Silverado,New York,V6,Diesel,A,RWD,False,False,33.4,44.9,76.0,68.0,105.2
SAMPLE00002890,33270.51,22574.0,2017,153.3,3500,267,Sedan,Ford,3 Series,Los Angeles,I4,Hybrid,A,RWD,False,True,37.5,43.4,66.6,84.3,115.9
SAMPLE00002891,53148.99,75536.0,2015,336.1,3000,437,Hatchback,Chevrolet,Altima,Los Angeles,I6,Gasoline,M,RWD,False,False,39.7,40.0,59.0,70.2,117.7
SAMPLE00002892,57411.75,120246.0,2018,350.8,1500,50,SUV / Crossover,Honda,Altima,Chicago,V6,Hybrid,A,AWD,True,True,37.3,43.4,67.3,71.1,103.2
SAMPLE00002893,51005.79,66230.0,2018,263.6,1500,165,Sedan,Toyota,3 Series,Los Angeles,V6,Gasoline,M,RWD,True,False,38.3,44.5,55.4,84.8,104.0
SAMPLE00002894,23337.73,73592.0,2017,266.3,3500,173,Sedan,Chevrolet,F-150,Phoenix,I6,Hybrid,M,AWD,False,True,41.3,40.1,55.9,69.5,107.6
SAMPLE00002895,63173.57,127315.0,2020,289.6,3000,226,Sedan,Honda,Silverado,Los Angeles,V6,Gasoline,M,RWD,True,True,37.9,43.7,69.4,80.6,110.1
SAMPLE00002896,44650.2,105909.0,2013,231.7,2000,265,Hatchback,Honda,Silverado,Los Angeles,V6,Gasoline,A,AWD,False,True,35.1,39.7,71.6,69.6,110.7
SAMPLE00002897,30535.98,73568.0,2021,304.1,3500,8,Truck,Ford,Civic,Los Angeles,I6,Hybrid,M,RWD,False,True,39.6,41.0,58.2,80.5,107.7
SAMPLE00002898,38387.55,38654.0,2019,132.5,1500,86,Truck,Chevrolet,F-150,Houston,I4,Hybrid,M,AWD,True,False,36.4,42.8,67.3,83.1,111.7
SAMPLE00002899,17066.41,132739.0,2019,388.4,2000,93,Hatchback,Ford,Silverado,Chicago,I6,Hybrid,A,FWD,True,True,35.6,39.7,72.8,73.9,114.7
SAMPLE00002900,22032.67,86553.0,2022,325.0,2000,51,Sedan,Toyota,Civic,New York,I4,Gasoline,A,RWD,False,True,35.2,39.3,75.3,73.3,114.0
SAMPLE00002901,57105.07,33172.0,2021,289.4,1500,178,Sedan,Toyota,Silverado,New York,V6,Hybrid,M,RWD,True,False,33.7,41.2,65.9,83.9,100.6
SAMPLE00002902,15000.64,40368.0,2022,194.9,2000,277,Coupe,Nissan,F-150,Houston,I6,Gasoline,A,AWD,True,True,41.4,43.5,57.8,69.3,111.9
SAMPLE00002903,37911.12,120470.0,2015,148.3,3000,238,SUV / Crossover,Honda,Silverado,Houston,I6,Diesel,M,FWD,True,False,38.1,42.2,56.6,73.9,114.3
SAMPLE00002904,43738.06,6622.0,2017,222.8,3000,72,SUV / Crossover,Chevrolet,Silverado,New York,I4,Diesel,M,FWD,False,True,41.6,42.9,74.7,79.1,104.0
SAMPLE00002905,18004.89,148814.0,2022,298.5,3500,338,Truck,Nissan,Silverado,Phoenix,V6,Gasoline,M,AWD,False,False,40.8,42.8,56.8,79.7,112.1
SAMPLE00002906,68519.3,19553.0,2017,290.1,3500,71,Hatchback,Honda,3 Series,New York,I6,Gasoline,M,RWD,True,False,33.3,41.8,73.8,75.7,102.2
SAMPLE00002907,27436.89,119410.0,2016,214.8,2000,373,Sedan,Chevrolet,Camry,New York,I6,Hybrid,A,FWD,False,True,35.2,40.2,65.0,82.5,113.3
SAMPLE00002908,31730.93,59216.0,2012,284.0,1500,67,SUV / Crossover,Ford,F-150,Chicago,V6,Gasoline,M,RWD,False,False,35.8,41.0,65.0,82.4,112.4
SAMPLE00002909,31716.84,73832.0,2014,344.1,3000,4,Hatchback,Toyota,3 Series,New York,I4,Gasoline,A,AWD,True,True,37.4,40.7,66.9,81.9,104.8
SAMPLE00002910,27672.92,132098.0,2018,107.9,2500,338,Hatchback,Nissan,Camry,New York,I6,Diesel,A,RWD,False,True,39.4,38.6,58.1,70.9,117.5
SAMPLE00002911,15081.06,61937.0,2019,235.2,3500,237,Sedan,Nissan,Altima,Los Angeles,V6,Hybrid,M,FWD,True,True,39.1,44.3,72.1,79.0,116.1
SAMPLE00002912,55113.96,80624.0,2013,327.6,3000,465,Hatchback,Toyota,Silverado,Houston,I6,Hybrid,M,AWD,True,False,41.9,42.5,61.9,82.5,114.8
SAMPLE00002913,68176.5,7395.0,2014,263.8,2000,120,SUV / Crossover,Ford,Silverado,New York,I6,Gasoline,M,FWD,True,False,41.3,44.0,68.7,69.6,109.2
SAMPLE00002914,27336.14,352.0,2015,295.4,3000,412,Coupe,BMW,3 Series,New York,I6,Hybrid,A,RWD,False,True,34.7,43.4,55.1,72.2,104.5
SAMPLE00002915,51467.6,36720.0,2022,255.0,3000,210,SUV / Crossover,BMW,Civic,Phoenix,I4,Diesel,A,RWD,False,False,40.7,38.5,61.5,84.6,115.6
SAMPLE00002916,55804.3,102087.0,2016,397.6,2000,261,Coupe,BMW,F-150,New York,V6,Diesel,A,AWD,False,False,40.6,39.5,55.9,75.9,104.3
SAMPLE00002917,61663.4,18190.0,2014,116.4,3500,324,Hatchback,Chevrolet,Camry,Chicago,I6,Diesel,M,FWD,False,True,38.2,44.7,62.2,77.0,109.7
SAMPLE00002918,38244.61,17064.0,2016,247.3,3500,57,SUV / Crossover,Nissan,Silverado,Phoenix,I6,Gasoline,M,FWD,False,False,36.0,41.2,57.9,74.0,107.6
SAMPLE00002919,31661.2,61644.0,2019,127.4,2500,42,Sedan,Ford,F-150,New York,I6,Gasoline,M,FWD,True,False,34.9,43.7,56.6,74.7,104.0
SAMPLE00002920,32891.23,97176.0,2019,147.9,2500,196,Hatchback,Chevrolet,Silverado,Chicago,I4,Diesel,A,AWD,True,True,34.9,42.0,74.5,83.2,112.3
SAMPLE00002921,54194.17,106811.0,2013,214.9,3500,71,Sedan,Chevrolet,Silverado,Houston,I6,Diesel,A,RWD,False,True,36.0,43.8,63.4,71.6,119.6
SAMPLE00002922,59922.87,26768.0,2017,146.7,3500,90,Coupe,Ford,Silverado,New York,V6,Hybrid,M,RWD,False,False,37.5,43.1,74.0,72.7,109.5
SAMPLE00002923,24988.77,11938.0,2015,389.1,3500,36,Truck,Chevrolet,F-150,Houston,I4,Hybrid,M,RWD,False,False,38.3,40.0,75.5,76.5,110.0
SAMPLE00002924,35401.76,141060.0,2020,384.0,3500,490,Truck,Nissan,3 Series,New York,V6,Hybrid,A,FWD,True,False,35.9,44.9,66.6,73.3,107.5
SAMPLE00002925,64606.71,39100.0,2021,200.8,3000,313,Coupe,Ford,F-150,Phoenix,I6,Hybrid,M,AWD,False,True,36.2,41.4,68.1,83.2,104.6
SAMPLE00002926,59368.14,128002.0,2013,291.9,2500,236,Truck,BMW,F-150,Phoenix,I6,Diesel,M,FWD,False,False,33.1,42.1,69.9,78.8,105.7
SAMPLE00002927,69167.21,129524.0,2019,260.1,2000,485,Hatchback,BMW,Altima,Chicago,I4,Hybrid,M,AWD,False,False,33.0,41.8,69.8,76.6,117.5
SAMPLE00002928,56483.65,115878.0,2012,344.7,1500,382,Hatchback,Chevrolet,Civic,Los Angeles,I6,Diesel,A,FWD,False,False,41.2,44.2,67.2,78.3,119.0
SAMPLE00002929,36625.74,25325.0,2022,288.2,2000,292,SUV / Crossover,Toyota,Civic,Chicago,V6,Diesel,A,AWD,True,True,33.1,40.0,68.7,68.3,116.5
SAMPLE00002930,47485.08,123270.0,2017,100.1,1500,465,Hatchback,Ford,3 Series,New York,V6,Gasoline,M,FWD,False,False,33.3,38.4,65.1,80.6,100.5
SAMPLE00002931,51355.78,115388.0,2022,329.0,3000,153,Truck,Honda,Civic,Houston,V6,Hybrid,A,FWD,False,False,34.9,41.0,76.1,73.7,112.2
SAMPLE00002932,19315.07,89508.0,2022,324.1,2500,169,Sedan,Honda,3 Series,Houston,I6,Diesel,A,AWD,False,True,39.7,44.4,71.6,78.3,111.0
SAMPLE00002933,44947.33,50580.0,2021,252.9,1500,271,SUV / Crossover,Chevrolet,Silverado,New York,I6,Gasoline,M,RWD,True,False,39.1,41.1,62.2,82.1,115.5
SAMPLE00002934,54012.65,39376.0,2012,370.9,3500,405,Sedan,Toyota,Silverado,Los Angeles,I4,Gasoline,M,RWD,False,False,38.8,39.9,62.7,73.9,115.6
SAMPLE00002935,24202.67,18283.0,2013,372.5,3000,109,Truck,Ford,F-150,Los Angeles,I4,Diesel,M,AWD,True,True,38.2,42.3,65.5,68.6,108.8
SAMPLE00002936,57934.74,76464.0,2014,257.2,1500,150,Sedan,BMW,Silverado,Los Angeles,V6,Diesel,M,AWD,False,False,34.8,43.2,55.7,68.0,105.8
SAMPLE00002937,47107.5,87789.0,2020,282.4,3500,430,Truck,Chevrolet,Civic,New York,V6,Hybrid,M,RWD,False,False,36.6,41.2,77.8,82.6,101.9
SAMPLE00002938,67372.2,53901.0,2016,399.0,3000,450,Hatchback,Ford,Camry,Phoenix,I4,Hybrid,A,FWD,False,True,37.3,40.7,65.8,77.3,112.2
SAMPLE00002939,17333.23,71304.0,2021,189.6,1500,130,SUV / Crossover,Ford,F-150,Phoenix,I4,Diesel,A,RWD,False,False,38.2,40.6,72.8,79.1,105.5
SAMPLE00002940,29592.94,54527.0,2021,197.4,3500,267,Coupe,Ford,3 Series,New York,V6,Diesel,A,AWD,False,False,34.8,40.9,58.6,78.1,119.3
SAMPLE00002941,48085.46,96151.0,2013,154.8,2500,22,Truck,Toyota,Silverado,Phoenix,I4,Gasoline,A,FWD,True,False,39.6,43.9,69.0,70.9,100.9
SAMPLE00002942,31310.8,135189.0,2021,368.8,3000,366,Hatchback,Ford,F-150,Los Angeles,I6,Gasoline,A,AWD,False,False,35.8,41.4,63.8,68.7,119.3
SAMPLE00002943,54293.33,24588.0,2016,323.3,1500,138,Sedan,Toyota,F-150,Phoenix,I6,Gasoline,M,RWD,True,False,38.9,40.2,75.5,72.1,109.9
SAMPLE00002944,56745.29,57211.0,2016,131.7,3500,489,Hatchback,Toyota,F-150,New York,I4,Gasoline,M,FWD,False,False,37.6,39.3,76.4,84.8,112.1
SAMPLE00002945,20638.38,21130.0,2012,394.5,2500,307,Sedan,Nissan,Silverado,Phoenix,I4,Gasoline,M,RWD,False,True,38.3,40.0,69.4,75.1,111.7
SAMPLE00002946,43262.0,93742.0,2014,319.3,3500,238,Sedan,Ford,3 Series,Phoenix,I6,Hybrid,M,RWD,False,True,36.7,41.2,56.4,83.7,115.1
SAMPLE00002947,42988.98,109331.0,2016,355.2,2500,433,Sedan,Nissan,F-150,Phoenix,I6,Gasoline,A,RWD,False,True,37.0,41.8,65.7,72.4,101.8
SAMPLE00002948,35310.44,139787.0,2020,114.4,1500,440,Sedan,BMW,F-150,Phoenix,V6,Diesel,M,FWD,False,True,40.8,42.4,55.4,80.2,117.8
SAMPLE00002949,66310.87,41831.0,2021,251.5,3500,191,SUV / Crossover,Nissan,F-150,New York,I4,Hybrid,M,RWD,False,False,37.3,38.5,66.9,68.4,115.8
SAMPLE00002950,60512.85,142532.0,2012,309.6,3500,126,Sedan,Nissan,Altima,Chicago,I6,Gasoline,M,FWD,True,True,40.1,42.3,66.5,68.2,117.0
SAMPLE00002951,53346.52,9489.0,2019,262.9,2000,429,SUV / Crossover,Ford,Silverado,Phoenix,I4,Gasoline,M,RWD,False,True,36.6,40.5,64.6,75.9,109.7
SAMPLE00002952,54287.96,90452.0,2012,300.0,3000,28,Coupe,BMW,Altima,Chicago,I6,Gasoline,M,RWD,False,True,39.3,39.8,62.8,79.0,114.0
SAMPLE00002953,40394.39,8570.0,2020,345.4,3500,120,SUV / Crossover,Chevrolet,Civic,New York,I6,Diesel,A,AWD,True,True,35.1,40.3,68.3,84.4,109.1
SAMPLE00002954,65654.7,134066.0,2017,212.3,2500,197,Sedan,Honda,3 Series,Houston,I4,Gasoline,M,RWD,False,False,41.3,43.5,59.1,68.5,102.6
SAMPLE00002955,53202.75,79471.0,2012,354.6,3000,173,Coupe,Chevrolet,F-150,Chicago,V6,Diesel,A,FWD,False,False,41.7,43.6,55.6,84.8,106.0
SAMPLE00002956,55093.96,100402.0,2019,148.9,1500,143,Hatchback,Toyota,Altima,New York,I6,Diesel,A,AWD,False,False,41.1,38.7,73.1,76.0,105.6
SAMPLE00002957,62393.0,124736.0,2016,181.3,3000,481,SUV / Crossover,Chevrolet,F-150,Houston,I4,Gasoline,M,FWD,True,True,36.1,41.5,73.1,81.0,103.3
SAMPLE00002958,30073.94,22547.0,2018,113.0,2000,178,Hatchback,Honda,Altima,Phoenix,I6,Gasoline,A,RWD,True,True,35.5,41.7,68.3,79.0,104.8
SAMPLE00002959,59388.9,5789.0,2018,209.3,1500,356,Coupe,Honda,F-150,New York,I4,Hybrid,A,AWD,False,True,34.6,38.2,74.1,72.2,110.0
SAMPLE00002960,25738.23,131832.0,2018,214.0,3500,10,SUV / Crossover,BMW,Silverado,Los Angeles,I4,Hybrid,M,AWD,False,True,40.9,43.0,66.8,73.7,108.4
SAMPLE00002961,33993.81,47240.0,2017,341.6,1500,138,Sedan,Chevrolet,Civic,Houston,I6,Hybrid,A,AWD,False,False,34.1,40.6,55.2,78.0,106.6
SAMPLE00002962,33458.57,19347.0,2022,295.9,1500,446,SUV / Crossover,Toyota,F-150,Los Angeles,V6,Diesel,A,FWD,False,False,38.8,40.9,58.4,69.6,118.1
SAMPLE00002963,68818.9,70269.0,2019,231.0,2000,436,Sedan,Nissan,Altima,Phoenix,I6,Gasoline,M,AWD,True,True,36.0,42.3,65.6,81.2,115.6
SAMPLE00002964,62109.55,89746.0,2020,295.6,2500,252,Truck,Nissan,F-150,Phoenix,I6,Hybrid,M,AWD,False,False,34.7,41.3,74.8,81.6,100.1
SAMPLE00002965,53564.34,4646.0,2013,115.8,1500,344,SUV / Crossover,Toyota,Silverado,Chicago,V6,Diesel,M,FWD,True,True,34.7,43.2,60.2,82.0,111.4
SAMPLE00002966,54988.12,41234.0,2018,154.1,2500,313,SUV / Crossover,BMW,3 Series,Phoenix,V6,Hybrid,A,FWD,True,True,40.8,42.2,55.8,82.4,114.0
SAMPLE00002967,45914.0,4920.0,2013,288.1,3000,18,Hatchback,Nissan,3 Series,Chicago,I4,Hybrid,A,FWD,True,False,40.7,39.6,64.5,79.7,101.1
SAMPLE00002968,67089.99,63050.0,2017,292.4,2000,159,Hatchback,BMW,Civic,Houston,I4,Gasoline,A,RWD,True,False,35.4,44.1,56.5,80.6,102.3
SAMPLE00002969,42294.23,134265.0,2013,332.2,3500,305,Coupe,Nissan,3 Series,Los Angeles,V6,Gasoline,A,FWD,True,True,33.3,39.5,67.7,78.0,105.6
SAMPLE00002970,35928.47,147398.0,2021,220.9,1500,121,Sedan,Nissan,F-150,Houston,V6,Diesel,M,FWD,False,True,40.8,43.0,56.3,71.9,112.3
SAMPLE00002971,23966.94,95557.0,2017,316.8,2500,71,Hatchback,Chevrolet,Silverado,Los Angeles,I6,Gasoline,M,AWD,False,False,33.5,43.5,55.4,69.4,118.5
SAMPLE00002972,58241.31,24246.0,2013,305.2,1500,54,Coupe,BMW,F-150,New York,V6,Hybrid,A,RWD,False,False,33.8,42.8,76.7,71.0,109.7
SAMPLE00002973,55394.42,135877.0,2012,389.0,2000,459,Sedan,Honda,F-150,Houston,I6,Diesel,A,AWD,False,True,40.4,41.0,70.3,71.3,119.6
SAMPLE00002974,36139.53,77437.0,2018,164.5,3500,168,Sedan,Toyota,Civic,New York,I6,Diesel,A,FWD,True,True,40.4,44.1,57.7,80.9,118.7
SAMPLE00002975,16385.64,23062.0,2014,265.5,3000,98,Sedan,Nissan,3 Series,Los Angeles,I6,Diesel,A,FWD,False,False,34.8,40.3,67.8,84.1,112.7
SAMPLE00002976,61144.85,138259.0,2015,280.5,3000,69,Truck,Honda,3 Series,Chicago,V6,Diesel,M,AWD,False,False,33.3,42.8,60.9,81.8,109.2
SAMPLE00002977,15627.99,113620.0,2017,399.6,2500,148,Sedan,Ford,3 Series,Houston,V6,Gasoline,A,RWD,False,True,33.6,44.1,72.5,84.9,113.6
SAMPLE00002978,53703.49,109756.0,2016,160.4,3000,116,Coupe,Honda,Altima,Houston,I6,Hybrid,M,RWD,True,False,37.1,39.1,73.7,68.7,115.8
SAMPLE00002979,68364.14,106377.0,2015,257.0,2500,25,Sedan,Toyota,F-150,Chicago,V6,Gasoline,M,AWD,False,True,36.8,42.6,66.7,68.5,118.9
SAMPLE00002980,39071.37,30051.0,2020,203.9,3500,247,Sedan,Ford,Silverado,Chicago,I4,Gasoline,M,FWD,False,False,34.6,44.3,64.4,79.6,115.1
SAMPLE00002981,27923.54,31651.0,2017,257.8,1500,384,Coupe,Chevrolet,Silverado,Phoenix,I4,Diesel,A,RWD,False,True,41.2,38.7,62.3,68.4,107.8
SAMPLE00002982,53767.91,103244.0,2017,169.6,2000,208,SUV / Crossover,Ford,F-150,Phoenix,I6,Gasoline,M,RWD,True,False,38.0,39.0,55.8,83.1,109.9
SAMPLE00002983,59942.05,32958.0,2013,114.3,3500,226,Sedan,BMW,Camry,Los Angeles,V6,Gasoline,M,AWD,True,True,40.3,40.6,67.9,76.0,100.9
SAMPLE00002984,45053.67,65801.0,2017,271.8,3500,410,Coupe,Toyota,F-150,Houston,I4,Hybrid,A,RWD,False,False,33.9,45.0,66.7,83.7,100.6
SAMPLE00002985,68186.94,117300.0,2018,200.8,3000,433,Hatchback,BMW,Altima,Chicago,I6,Diesel,A,FWD,False,True,41.8,39.6,59.9,72.2,105.6
SAMPLE00002986,17841.78,117593.0,2019,154.6,3000,113,Coupe,Honda,3 Series,Chicago,I4,Gasoline,M,AWD,False,False,40.3,40.3,67.2,78.9,116.1
SAMPLE00002987,42763.76,67989.0,2019,197.2,2000,193,Truck,Chevrolet,F-150,New York,I6,Diesel,A,RWD,True,False,35.6,43.8,65.8,79.9,106.4
SAMPLE00002988,54514.97,118828.0,2020,114.8,1500,483,Hatchback,Toyota,Altima,Phoenix,I6,Hybrid,A,FWD,False,False,33.2,38.9,61.0,72.9,102.3
SAMPLE00002989,62445.23,125793.0,2021,385.1,3500,320,SUV / Crossover,Chevrolet,Camry,New York,I6,Gasoline,A,FWD,True,False,34.5,45.0,72.1,74.2,107.1
SAMPLE00002990,24859.06,98216.0,2022,274.3,3000,9,SUV / Crossover,Nissan,F-150,Chicago,I4,Hybrid,A,AWD,False,False,36.8,43.2,60.7,77.4,106.1
SAMPLE00002991,59000.19,34264.0,2014,344.4,3500,94,Coupe,Toyota,3 Series,Houston,I6,Hybrid,M,AWD,True,False,33.0,44.7,65.4,74.5,119.8
SAMPLE00002992,45398.89,41102.0,2021,226.9,1500,120,Coupe,BMW,Civic,Houston,I6,Diesel,M,FWD,False,True,33.4,39.0,67.3,76.4,119.4
SAMPLE00002993,36810.45,47226.0,2018,371.0,2500,125,Sedan,Honda,Silverado,New York,I4,Diesel,A,FWD,True,True,33.9,39.6,73.7,75.8,114.7
SAMPLE00002994,22244.33,17521.0,2018,245.0,1500,36,Sedan,Ford,Camry,Phoenix,I6,Diesel,M,RWD,True,True,40.3,40.6,64.7,79.3,116.6
SAMPLE00002995,62591.27,40974.0,2012,272.2,3500,68,Truck,Chevrolet,Civic,Los Angeles,I4,Gasoline,M,RWD,True,False,37.9,38.4,59.8,69.4,105.1
SAMPLE00002996,23650.03,31428.0,2019,247.5,3500,296,Sedan,Toyota,Silverado,Houston,I6,Diesel,M,RWD,False,True,34.7,38.4,55.3,84.3,110.8
SAMPLE00002997,32038.33,68299.0,2015,320.0,2000,173,Coupe,Toyota,Civic,Los Angeles,V6,Gasoline,M,RWD,True,False,35.4,44.3,60.8,69.7,120.0
SAMPLE00002998,30952.5,136266.0,2016,270.0,3500,460,Coupe,Nissan,F-150,Phoenix,V6,Hybrid,A,RWD,False,True,38.8,38.3,72.3,73.7,106.5
SAMPLE00002999,62927.77,15672.0,2017,181.5,3000,44,Sedan,Chevrolet,F-150,New York,I4,Diesel,A,AWD,False,True,35.9,43.2,73.9,68.1,119.7
SAMPLE00003000,51998.66,108040.0,2014,143.7,2000,122,Truck,Ford,Silverado,Phoenix,I6,Hybrid,A,RWD,True,False,39.1,43.0,68.8,81.9,103.8
SAMPLE00003001,58817.48,103092.0,2016,281.8,3500,381,Coupe,Honda,Silverado,Chicago,I4,Diesel,M,RWD,True,False,40.0,38.5,76.8,69.9,112.4
SAMPLE00003002,28775.73,14363.0,2021,246.8,1500,471,Truck,Toyota,F-150,Phoenix,I6,Hybrid,A,RWD,True,False,35.8,39.3,67.0,72.7,115.6
SAMPLE00003003,49368.08,138386.0,2016,128.8,3500,26,Coupe,Toyota,F-150,New York,I4,Gasoline,A,FWD,False,False,36.3,41.2,66.0,75.7,111.9
SAMPLE00003004,46446.03,85271.0,2012,218.7,1500,192,Truck,Chevrolet,Altima,New York,V6,Hybrid,A,RWD,False,False,33.5,42.5,74.2,82.3,106.2
SAMPLE00003005,60805.67,54559.0,2014,254.4,1500,496,Truck,Chevrolet,Silverado,Phoenix,I4,Gasoline,M,AWD,True,False,40.4,44.3,58.8,81.0,116.3
SAMPLE00003006,64834.79,113481.0,2014,348.1,3500,339,Truck,Toyota,Silverado,New York,V6,Diesel,M,FWD,False,True,38.5,41.7,55.3,70.5,104.0
SAMPLE00003007,15668.62,38605.0,2012,122.8,1500,135,Sedan,Toyota,Altima,Chicago,V6,Diesel,M,FWD,True,False,41.0,44.6,75.3,75.6,108.6
SAMPLE00003008,52071.1,104026.0,2018,204.5,2500,194,SUV / Crossover,Nissan,Silverado,Los Angeles,V6,Diesel,M,RWD,True,False,34.7,39.3,67.3,73.7,105.6
SAMPLE00003009,17850.97,5957.0,2012,346.8,2000,48,Truck,Toyota,3 Series,Phoenix,I4,Gasoline,M,FWD,False,True,41.6,42.4,72.1,84.1,109.9
SAMPLE00003010,45187.23,125911.0,2018,294.5,3500,95,Truck,BMW,Altima,New York,I4,Diesel,A,RWD,True,True,39.4,43.9,69.5,82.5,107.7
SAMPLE00003011,30819.8,67226.0,2015,187.0,2500,491,Coupe,Toyota,3 Series,Los Angeles,V6,Gasoline,A,RWD,True,True,34.8,39.6,70.3,70.6,103.6
SAMPLE00003012,31872.71,95504.0,2020,353.6,1500,120,SUV / Crossover,Honda,F-150,Chicago,I4,Gasoline,M,RWD,False,True,37.2,43.5,68.5,75.3,114.8
SAMPLE00003013,34412.72,33186.0,2018,248.0,1500,248,Coupe,Honda,3 Series,Phoenix,I6,Hybrid,A,AWD,False,True,39.3,40.8,71.7,75.6,103.5
SAMPLE00003014,49171.08,101561.0,2016,249.5,2000,472,Coupe,Nissan,Camry,New York,V6,Diesel,A,FWD,True,True,33.2,45.0,57.6,84.3,110.9
SAMPLE00003015,33372.75,115836.0,2018,393.0,2500,216,Truck,Ford,F-150,Los Angeles,I6,Hybrid,A,FWD,False,True,40.0,38.6,60.8,81.5,116.1
SAMPLE00003016,55298.45,70982.0,2020,384.1,2500,113,Hatchback,Chevrolet,Camry,Chicago,V6,Gasoline,A,FWD,True,True,41.5,41.9,66.0,81.8,109.7
SAMPLE00003017,37249.01,92659.0,2021,207.6,3500,13,SUV / Crossover,Ford,Civic,Houston,I6,Hybrid,M,FWD,False,True,33.7,43.5,71.5,74.3,117.7
SAMPLE00003018,18759.43,68449.0,2017,142.2,1500,61,Coupe,Toyota,Camry,New York,V6,Diesel,A,FWD,True,False,41.1,42.7,62.1,79.8,108.6
SAMPLE00003019,58106.79,134114.0,2012,197.7,3000,42,Hatchback,Chevrolet,Civic,Chicago,V6,Gasoline,M,RWD,False,False,37.2,41.5,73.6,73.4,119.4
SAMPLE00003020,30716.71,74680.0,2017,109.1,3500,410,Hatchback,Toyota,Camry,Los Angeles,V6,Hybrid,M,RWD,False,False,37.6,41.6,56.5,82.0,100.5
SAMPLE00003021,38802.18,126271.0,2012,106.2,3500,239,Coupe,Chevrolet,Civic,Phoenix,I4,Diesel,M,RWD,False,False,40.6,40.8,73.2,84.3,115.8
SAMPLE00003022,52699.41,120203.0,2015,218.7,3500,95,Truck,Nissan,Civic,Los Angeles,I6,Diesel,M,AWD,True,True,38.3,40.4,71.1,78.4,114.2
SAMPLE00003023,33285.09,61576.0,2019,382.3,2000,26,Sedan,BMW,F-150,Phoenix,V6,Hybrid,A,AWD,False,True,36.2,42.2,56.5,77.0,112.2
SAMPLE00003024,18112.21,34513.0,2016,361.4,2000,323,Coupe,BMW,Silverado,Chicago,I4,Gasoline,M,AWD,True,True,39.6,43.2,55.7,82.8,105.9
SAMPLE00003025,35565.66,60912.0,2016,253.4,3500,382,Truck,BMW,Silverado,Chicago,V6,Diesel,A,AWD,True,True,34.2,40.0,74.3,83.4,112.2
SAMPLE00003026,66944.67,123933.0,2021,269.6,3000,241,SUV / Crossover,Nissan,F-150,Los Angeles,I6,Gasoline,A,FWD,True,False,39.0,44.6,58.3,69.5,111.9
SAMPLE00003027,50295.39,34145.0,2022,101.8,2500,486,Truck,Ford,Civic,Los Angeles,V6,Diesel,M,AWD,True,True,40.0,40.6,60.8,79.9,103.0
SAMPLE00003028,51931.35,78665.0,2019,164.7,2500,458,Hatchback,Chevrolet,Silverado,Phoenix,I4,Gasoline,M,FWD,False,False,36.0,41.0,75.6,78.7,117.6
SAMPLE00003029,49775.52,120915.0,2019,107.4,1500,239,SUV / Crossover,Ford,Silverado,New York,V6,Gasoline,M,FWD,True,False,41.7,40.9,62.9,71.6,110.7
SAMPLE00003030,25944.57,53022.0,2012,326.4,2500,303,SUV / Crossover,Chevrolet,Camry,Los Angeles,V6,Diesel,M,FWD,False,False,38.8,38.8,67.2,70.1,101.8
SAMPLE00003031,38008.36,96331.0,2016,143.7,2500,66,Sedan,Toyota,3 Series,New York,V6,Hybrid,M,RWD,True,False,33.9,38.8,55.7,72.8,107.8
SAMPLE00003032,56301.69,36845.0,2016,360.7,3000,280,Sedan,BMW,F-150,New York,V6,Hybrid,A,RWD,False,False,41.7,43.6,68.1,70.9,104.3
SAMPLE00003033,20575.51,16392.0,2019,293.0,2500,191,Coupe,BMW,3 Series,New York,I4,Hybrid,A,FWD,False,False,39.7,40.7,71.4,72.1,103.4
SAMPLE00003034,30281.9,119158.0,2012,168.8,3000,118,Truck,Chevrolet,Civic,Chicago,V6,Gasoline,M,AWD,True,False,39.3,39.5,68.0,83.6,118.9
SAMPLE00003035,30197.55,14845.0,2018,147.3,2000,151,Coupe,Ford,Camry,Chicago,I6,Hybrid,M,FWD,False,True,35.3,43.0,73.6,83.6,113.5
SAMPLE00003036,38761.04,40707.0,2018,288.3,3000,264,Sedan,Ford,Silverado,New York,I6,Hybrid,M,RWD,True,True,37.3,44.7,72.9,72.3,106.0
SAMPLE00003037,68920.28,128266.0,2020,370.3,2000,391,Hatchback,Honda,Altima,New York,V6,Diesel,M,AWD,False,False,41.1,44.6,66.0,71.4,113.6
SAMPLE00003038,18712.64,51970.0,2013,315.5,3000,230,Sedan,BMW,Camry,Chicago,I4,Gasoline,M,RWD,True,True,35.8,43.1,69.8,75.7,116.1
SAMPLE00003039,43528.55,145957.0,2014,204.6,3500,350,Truck,BMW,F-150,Phoenix,I6,Hybrid,M,AWD,True,True,36.8,39.3,61.4,79.3,106.3
SAMPLE00003040,24865.06,146960.0,2015,276.2,2000,248,Hatchback,Ford,Civic,Houston,V6,Diesel,A,RWD,True,False,35.3,39.1,63.2,70.3,119.7
SAMPLE00003041,68387.21,40241.0,2012,193.2,2000,58,Coupe,BMW,Camry,Los Angeles,V6,Gasoline,A,FWD,False,False,34.9,44.1,69.3,81.9,117.6
SAMPLE00003042,21231.69,6147.0,2018,399.7,2500,16,Coupe,Ford,Camry,New York,I4,Diesel,M,RWD,False,False,33.4,44.7,70.2,69.3,115.9
SAMPLE00003043,37198.06,105759.0,2021,324.7,2000,170,Sedan,Honda,Camry,Chicago,V6,Hybrid,M,AWD,False,False,39.6,42.4,57.0,69.9,114.3
SAMPLE00003044,55583.67,67648.0,2014,284.3,3000,350,Sedan,Chevrolet,Silverado,New York,I4,Gasoline,M,RWD,False,False,33.8,44.3,73.8,78.8,100.8
SAMPLE00003045,53750.49,15113.0,2014,227.0,3500,451,Coupe,Chevrolet,Civic,New York,I6,Gasoline,M,AWD,True,True,37.8,43.7,69.7,71.5,100.4
SAMPLE00003046,38250.08,106128.0,2014,285.4,3500,131,Coupe,Honda,Silverado,New York,V6,Hybrid,A,RWD,False,False,33.4,39.1,62.5,71.9,103.3
SAMPLE00003047,34058.83,4676.0,2019,202.5,2500,356,SUV / Crossover,BMW,Camry,New York,I4,Diesel,A,RWD,False,True,41.9,39.6,60.2,82.9,118.3
SAMPLE00003048,36868.68,130530.0,2020,108.7,3000,135,Truck,Toyota,Silverado,Phoenix,V6,Gasoline,M,FWD,False,True,39.4,38.5,68.9,74.2,104.3
SAMPLE00003049,29535.19,20798.0,2021,218.5,3000,41,SUV / Crossover,BMW,Silverado,Los Angeles,V6,Gasoline,A,AWD,False,False,38.7,41.3,71.0,83.7,114.0
SAMPLE00003050,26293.31,19097.0,2013,379.1,1500,304,SUV / Crossover,Ford,F-150,Los Angeles,I6,Gasoline,M,AWD,True,False,34.7,40.3,76.4,69.8,119.6
SAMPLE00003051,41567.18,26351.0,2021,287.9,2000,5,Coupe,Nissan,3 Series,Chicago,V6,Hybrid,A,FWD,False,True,37.8,41.0,59.3,83.8,118.7
SAMPLE00003052,29769.36,144040.0,2021,125.2,2500,328,Truck,Toyota,3 Series,Phoenix,I4,Diesel,A,RWD,False,True,37.5,38.1,66.6,83.6,108.0
SAMPLE00003053,30810.39,103975.0,2012,365.5,3500,169,Coupe,Honda,F-150,Phoenix,I4,Hybrid,M,AWD,True,True,36.2,43.0,77.0,77.2,113.6
SAMPLE00003054,51121.58,120206.0,2020,180.7,1500,455,SUV / Crossover,Chevrolet,F-150,Los Angeles,I4,Gasoline,M,AWD,False,False,34.4,39.4,75.9,80.9,115.2
SAMPLE00003055,68269.55,59645.0,2017,173.1,3000,287,SUV / Crossover,Chevrolet,Altima,Chicago,V6,Diesel,A,AWD,True,False,36.3,40.6,66.0,75.4,111.0
SAMPLE00003056,48200.05,50447.0,2020,189.1,2000,398,Coupe,BMW,Silverado,Phoenix,V6,Diesel,A,FWD,False,True,38.5,40.8,67.7,81.0,110.5
SAMPLE00003057,19233.87,35173.0,2017,273.2,3500,337,Sedan,Chevrolet,Altima,Chicago,I6,Hybrid,A,FWD,False,False,37.4,38.5,76.1,72.1,104.5
SAMPLE00003058,19157.1,72097.0,2013,263.4,1500,214,Sedan,BMW,Silverado,Los Angeles,V6,Hybrid,A,AWD,False,False,38.1,40.6,55.7,83.4,113.5
SAMPLE00003059,67328.28,82774.0,2012,247.4,3000,68,Coupe,Ford,Civic,New York,I4,Gasoline,A,RWD,True,True,38.1,44.3,77.5,81.4,105.9
SAMPLE00003060,31350.99,94766.0,2019,315.3,3500,369,Hatchback,Ford,3 Series,Phoenix,I4,Hybrid,M,RWD,True,True,35.2,44.3,77.5,80.5,106.2
SAMPLE00003061,20063.68,38568.0,2014,195.0,3500,26,Hatchback,Honda,Silverado,Chicago,I6,Hybrid,M,FWD,True,False,34.0,38.2,76.7,81.7,105.3
SAMPLE00003062,47947.45,142298.0,2012,334.6,3000,224,Sedan,Nissan,Civic,New York,I4,Hybrid,A,RWD,False,False,37.7,38.2,77.2,73.9,101.3
SAMPLE00003063,49300.68,25464.0,2019,152.6,3000,321,Truck,Ford,Altima,Los Angeles,I4,Hybrid,A,FWD,False,False,41.0,42.2,62.0,71.2,116.9
SAMPLE00003064,50667.77,144848.0,2012,334.8,2500,233,SUV / Crossover,BMW,3 Series,Houston,I4,Hybrid,A,AWD,True,False,42.0,39.4,55.9,74.0,117.3
SAMPLE00003065,29707.11,2228.0,2019,299.1,3500,485,Truck,Chevrolet,Civic,Phoenix,I6,Gasoline,M,AWD,False,True,40.1,44.3,61.5,68.7,114.5
SAMPLE00003066,15831.09,72169.0,2012,305.0,3000,442,Sedan,Ford,Civic,Phoenix,I6,Diesel,M,AWD,True,True,35.0,41.4,63.0,72.6,118.6
SAMPLE00003067,68075.85,50005.0,2020,244.5,1500,411,Coupe,Ford,F-150,Chicago,I4,Hybrid,M,FWD,True,False,38.7,40.3,63.1,78.3,112.6
SAMPLE00003068,28799.12,67369.0,2020,300.1,2000,407,Hatchback,BMW,Camry,Los Angeles,I4,Diesel,A,RWD,False,True,35.1,44.7,70.7,82.4,112.8
SAMPLE00003069,52181.45,85600.0,2020,123.9,2500,50,Sedan,Ford,Camry,Los Angeles,V6,Diesel,A,AWD,False,False,38.2,40.2,74.9,83.8,117.8
SAMPLE00003070,53864.64,65338.0,2014,355.5,3000,148,Truck,Chevrolet,Camry,Phoenix,V6,Hybrid,M,RWD,True,True,37.3,40.2,60.1,80.3,104.2
SAMPLE00003071,48550.41,62227.0,2015,116.7,2000,414,Truck,Nissan,Civic,Phoenix,I4,Hybrid,M,RWD,True,False,36.4,38.9,65.3,83.2,108.7
SAMPLE00003072,32209.91,109909.0,2016,144.6,2500,74,Sedan,Chevrolet,Silverado,Chicago,V6,Diesel,M,FWD,False,True,38.8,39.6,63.7,73.0,114.1
SAMPLE00003073,29910.29,102881.0,2017,273.0,3500,305,SUV / Crossover,Nissan,Altima,Chicago,I4,Gasoline,M,FWD,False,True,40.7,43.3,72.6,79.5,105.4
SAMPLE00003074,47871.76,124991.0,2020,321.8,2000,91,Truck,Chevrolet,Camry,Houston,I4,Diesel,A,RWD,True,True,36.0,43.3,62.3,84.6,104.6
SAMPLE00003075,62635.26,37494.0,2022,122.9,2500,367,SUV / Crossover,Chevrolet,Silverado,New York,V6,Gasoline,M,RWD,False,True,37.4,40.7,56.3,78.4,118.0
SAMPLE00003076,67070.36,91429.0,2015,376.2,3000,423,SUV / Crossover,Toyota,3 Series,Chicago,I6,Diesel,A,AWD,True,True,37.1,40.4,62.7,75.3,119.9
SAMPLE00003077,20824.82,87779.0,2017,392.1,3000,67,Coupe,Chevrolet,Altima,New York,I6,Hybrid,A,AWD,False,True,35.2,40.9,63.1,72.5,107.7
SAMPLE00003078,23515.57,55461.0,2012,281.8,2500,234,Sedan,Toyota,Altima,Phoenix,I6,Gasoline,A,AWD,True,False,36.8,40.1,73.9,73.4,104.7
SAMPLE00003079,66960.49,72909.0,2013,244.4,3500,361,Sedan,Chevrolet,Camry,Houston,I4,Diesel,A,RWD,False,False,33.2,42.3,67.6,71.4,108.1
SAMPLE00003080,55509.44,47067.0,2019,322.4,2500,143,SUV / Crossover,Chevrolet,Civic,Houston,I4,Gasoline,A,FWD,False,True,37.7,43.9,67.0,79.9,106.1
SAMPLE00003081,63564.66,21277.0,2015,198.5,1500,75,Coupe,BMW,F-150,Houston,I6,Hybrid,A,RWD,False,True,39.5,38.1,68.8,80.3,116.4
SAMPLE00003082,26144.79,32070.0,2021,248.0,2500,85,Truck,Nissan,Civic,Los Angeles,I6,Gasoline,A,AWD,False,False,36.3,44.6,67.9,81.3,118.0
SAMPLE00003083,47317.22,15827.0,2018,374.8,2500,226,Truck,Chevrolet,Altima,Phoenix,I6,Hybrid,M,AWD,False,True,39.7,38.8,70.7,75.9,107.8
SAMPLE00003084,53562.68,102460.0,2015,386.7,3000,362,Sedan,Ford,Silverado,Los Angeles,I4,Hybrid,M,FWD,True,True,39.8,44.3,75.8,70.4,112.0
SAMPLE00003085,52406.15,99109.0,2020,378.1,3500,446,SUV / Crossover,Chevrolet,3 Series,Los Angeles,I4,Gasoline,M,RWD,False,False,41.9,39.6,75.2,75.2,101.6
SAMPLE00003086,37448.34,142591.0,2020,178.7,2500,55,Coupe,Honda,Altima,Houston,V6,Hybrid,M,AWD,False,True,37.9,44.4,66.4,80.7,109.2
SAMPLE00003087,15846.72,109452.0,2015,169.7,2000,79,Coupe,BMW,Civic,Los Angeles,V6,Hybrid,A,FWD,True,True,36.6,43.5,74.5,82.5,100.1
SAMPLE00003088,47060.93,7807.0,2019,189.3,3000,23,Truck,BMW,Altima,Phoenix,V6,Hybrid,A,AWD,False,True,38.8,39.9,74.8,69.4,113.4
SAMPLE00003089,28920.58,132637.0,2017,232.4,3000,226,Truck,Chevrolet,F-150,Phoenix,I6,Gasoline,A,FWD,True,False,38.6,38.2,73.2,72.1,103.5
SAMPLE00003090,39763.98,129401.0,2012,194.3,2500,27,Hatchback,Honda,F-150,Los Angeles,I4,Hybrid,A,RWD,False,True,41.9,43.0,56.0,84.4,117.6
SAMPLE00003091,67666.96,66498.0,2018,212.3,2000,120,Hatchback,Nissan,3 Series,Phoenix,V6,Diesel,M,FWD,False,False,39.4,43.8,70.2,75.3,112.6
SAMPLE00003092,36946.94,87879.0,2012,286.2,2500,489,SUV / Crossover,Chevrolet,Camry,New York,V6,Hybrid,A,RWD,True,True,35.8,42.8,62.2,69.2,118.6
SAMPLE00003093,61189.09,146412.0,2014,328.8,2000,92,Hatchback,Ford,Civic,Los Angeles,V6,Diesel,M,RWD,True,False,34.7,40.7,75.1,71.5,118.8
SAMPLE00003094,25369.73,79846.0,2019,320.7,3000,340,Coupe,BMW,Altima,Houston,V6,Gasoline,A,AWD,False,True,40.1,38.9,61.5,82.1,103.4
SAMPLE00003095,51985.33,135798.0,2020,344.3,2000,111,Hatchback,BMW,Civic,Houston,I6,Diesel,M,RWD,False,False,34.6,40.4,76.1,80.9,110.3
SAMPLE00003096,68735.38,12456.0,2014,109.7,2500,377,Sedan,Nissan,F-150,Phoenix,I4,Hybrid,M,AWD,True,False,38.6,39.9,69.1,71.7,103.9
SAMPLE00003097,20604.12,28658.0,2012,114.3,1500,344,Sedan,Honda,Silverado,Phoenix,I4,Hybrid,M,AWD,True,False,34.2,43.1,69.8,69.7,109.1
SAMPLE00003098,15457.6,66113.0,2012,336.8,1500,486,Truck,Toyota,Civic,Houston,I4,Hybrid,A,RWD,False,False,39.5,39.1,75.4,69.3,109.0
SAMPLE00003099,38847.05,87714.0,2018,259.9,2000,30,Truck,Nissan,F-150,New York,V6,Hybrid,M,FWD,False,True,40.0,43.7,77.7,76.5,114.7
SAMPLE00003100,20094.4,122434.0,2016,273.4,2500,142,SUV / Crossover,Honda,Silverado,Houston,I6,Hybrid,M,RWD,True,False,41.9,42.3,62.1,79.8,119.5
SAMPLE00003101,56161.14,148239.0,2012,115.8,3500,366,Sedan,Ford,Camry,Los Angeles,I6,Hybrid,A,RWD,True,False,41.6,41.4,57.0,73.5,112.6
SAMPLE00003102,65300.18,58328.0,2017,176.6,1500,297,SUV / Crossover,Honda,Camry,Houston,I6,Gasoline,A,FWD,False,False,39.4,40.5,71.6,69.5,116.3
SAMPLE00003103,38871.15,7112.0,2017,291.5,3000,226,SUV / Crossover,Nissan,F-150,Chicago,I4,Hybrid,M,AWD,True,True,35.5,41.6,56.6,76.4,108.1
SAMPLE00003104,29229.14,120176.0,2015,357.8,2500,357,Hatchback,Toyota,F-150,New York,I4,Diesel,A,AWD,False,True,33.4,41.8,67.3,71.7,101.5
SAMPLE00003105,38892.18,90657.0,2018,375.1,2500,249,Truck,Ford,Camry,New York,I6,Diesel,M,RWD,False,True,38.0,39.7,62.9,71.1,110.3
SAMPLE00003106,54789.63,29781.0,2018,250.1,1500,49,SUV / Crossover,Ford,F-150,Houston,V6,Diesel,A,FWD,True,False,39.9,44.9,64.0,81.2,118.1
SAMPLE00003107,15497.98,74224.0,2020,263.6,3500,213,SUV / Crossover,Toyota,3 Series,Chicago,I4,Gasoline,M,FWD,False,False,33.1,44.4,60.4,78.3,104.8
SAMPLE00003108,47419.97,111347.0,2012,349.9,3000,379,Truck,Chevrolet,Civic,Los Angeles,I4,Diesel,A,FWD,True,False,37.7,40.7,71.1,73.4,105.3
SAMPLE00003109,48731.04,115562.0,2016,261.3,3500,388,Truck,Honda,3 Series,Houston,V6,Diesel,A,FWD,False,False,40.9,39.8,68.2,75.8,102.1
SAMPLE00003110,50072.85,74943.0,2021,255.1,3000,431,Sedan,Nissan,Silverado,Los Angeles,V6,Diesel,M,RWD,True,True,38.7,40.1,76.9,71.8,119.9
SAMPLE00003111,28311.21,45782.0,2014,371.5,1500,268,Truck,Ford,F-150,Chicago,I4,Gasoline,M,RWD,True,True,39.2,44.9,63.2,77.5,108.3
SAMPLE00003112,54272.9,146061.0,2018,337.0,2500,287,Hatchback,Nissan,F-150,Houston,V6,Diesel,A,AWD,True,True,37.3,40.8,64.1,80.9,106.0
SAMPLE00003113,20026.53,99504.0,2015,372.7,3000,194,Sedan,Honda,Silverado,Houston,V6,Diesel,A,FWD,False,True,41.5,44.4,58.8,75.3,118.5
SAMPLE00003114,25959.87,61236.0,2015,165.5,2500,253,SUV / Crossover,Toyota,Civic,Los Angeles,V6,Gasoline,M,RWD,True,False,36.4,38.4,69.1,74.5,116.2
SAMPLE00003115,63260.85,42069.0,2012,257.3,2000,78,Hatchback,BMW,Camry,Houston,V6,Hybrid,A,RWD,False,True,36.4,43.4,57.2,72.3,117.5
SAMPLE00003116,55629.77,109665.0,2012,352.7,2000,474,Hatchback,Toyota,3 Series,Chicago,V6,Diesel,A,FWD,False,False,37.7,43.3,77.3,73.5,119.0
SAMPLE00003117,15756.01,36328.0,2021,133.3,1500,243,Sedan,Honda,Civic,Houston,I6,Hybrid,M,FWD,False,False,38.3,42.6,75.9,74.1,117.1
SAMPLE00003118,28660.69,25756.0,2013,338.4,1500,90,SUV / Crossover,Ford,Camry,Phoenix,I4,Diesel,A,AWD,True,True,37.8,38.8,71.1,73.3,119.7
SAMPLE00003119,26792.36,79475.0,2013,154.9,1500,413,Sedan,Honda,Camry,Chicago,I6,Gasoline,A,FWD,False,True,40.4,44.9,62.3,69.5,112.8
SAMPLE00003120,29894.35,43498.0,2012,342.4,2000,5,Coupe,BMW,F-150,New York,I6,Hybrid,M,AWD,False,True,40.5,39.5,63.2,70.5,104.8
SAMPLE00003121,28615.79,94336.0,2019,283.6,3000,280,Coupe,Ford,Silverado,Los Angeles,I6,Gasoline,M,AWD,False,False,34.2,43.0,57.0,84.9,103.3
SAMPLE00003122,18438.95,17691.0,2017,158.0,3500,411,Sedan,BMW,Altima,Chicago,I4,Hybrid,A,FWD,False,True,38.4,43.3,60.7,74.2,112.0
SAMPLE00003123,40241.73,98241.0,2017,242.0,1500,445,SUV / Crossover,Chevrolet,F-150,New York,I4,Gasoline,A,FWD,False,True,41.9,43.3,63.1,81.7,107.2
SAMPLE00003124,55300.34,42494.0,2021,304.6,3500,149,SUV / Crossover,Nissan,Altima,New York,I4,Hybrid,M,RWD,True,False,38.4,43.8,65.3,80.2,102.6
SAMPLE00003125,48370.24,36.0,2021,290.2,3500,323,Truck,Toyota,Silverado,Chicago,I6,Hybrid,M,FWD,True,False,39.2,44.9,65.7,77.6,115.9
SAMPLE00003126,52007.94,19040.0,2020,228.2,2000,398,Hatchback,Chevrolet,F-150,New York,I4,Hybrid,M,FWD,False,True,40.8,38.7,75.4,75.6,107.0
SAMPLE00003127,19463.2,140042.0,2016,369.8,3000,281,Sedan,Honda,3 Series,New York,I6,Diesel,M,AWD,True,True,40.8,41.3,65.3,79.3,108.9
SAMPLE00003128,67331.99,130103.0,2015,255.8,2000,190,Hatchback,Chevrolet,F-150,Phoenix,V6,Hybrid,M,FWD,True,False,33.2,44.8,77.0,77.9,112.2
SAMPLE00003129,61117.05,35041.0,2022,251.8,1500,273,Hatchback,Toyota,3 Series,Houston,I4,Hybrid,A,RWD,False,True,35.2,44.2,56.9,80.5,108.0
SAMPLE00003130,59279.97,116756.0,2017,118.7,2000,72,Coupe,Ford,Altima,Phoenix,V6,Diesel,A,RWD,True,False,40.8,44.9,59.9,84.9,117.3
SAMPLE00003131,60264.11,91286.0,2019,376.6,2000,446,Coupe,Nissan,Civic,Houston,I6,Diesel,A,FWD,True,False,39.0,42.1,63.9,73.4,119.6
SAMPLE00003132,66299.08,145636.0,2012,153.1,2000,317,Sedan,BMW,Civic,New York,I4,Gasoline,M,FWD,True,False,38.7,42.7,75.4,73.7,107.7
SAMPLE00003133,44933.97,56041.0,2018,258.5,1500,499,Sedan,Ford,Altima,Houston,I4,Gasoline,M,AWD,True,False,40.7,39.8,57.8,79.7,103.6
SAMPLE00003134,26015.51,102219.0,2019,341.1,1500,67,SUV / Crossover,Nissan,Altima,Phoenix,V6,Diesel,M,FWD,False,False,40.3,41.2,63.2,82.4,105.6
SAMPLE00003135,48923.1,9530.0,2020,164.6,2000,303,Sedan,Chevrolet,F-150,Los Angeles,I6,Diesel,A,AWD,True,True,39.8,38.1,57.6,71.2,113.5
SAMPLE00003136,55858.48,59437.0,2022,258.2,2000,433,SUV / Crossover,Honda,Civic,Los Angeles,I6,Diesel,A,FWD,True,True,33.4,43.0,72.8,82.5,101.6
SAMPLE00003137,55585.46,144573.0,2019,172.2,3500,62,SUV / Crossover,Chevrolet,Camry,Houston,I4,Diesel,M,AWD,False,False,40.0,44.5,61.5,83.2,113.5
SAMPLE00003138,43679.7,80847.0,2018,327.9,3000,452,Sedan,Toyota,3 Series,Los Angeles,I4,Diesel,A,RWD,True,False,34.8,38.8,65.0,74.7,110.6
SAMPLE00003139,18765.23,43182.0,2014,269.3,3500,492,SUV / Crossover,Toyota,Altima,Chicago,I4,Gasoline,M,FWD,False,True,33.2,41.2,73.8,72.5,100.9
SAMPLE00003140,35411.21,18041.0,2013,356.8,3000,133,Hatchback,Honda,Silverado,Los Angeles,I4,Diesel,A,FWD,True,True,37.4,42.4,58.9,74.8,108.2
SAMPLE00003141,65642.16,105529.0,2014,368.4,3000,441,SUV / Crossover,Nissan,3 Series,Houston,I4,Diesel,A,AWD,True,False,41.5,42.4,76.8,71.2,104.6
SAMPLE00003142,47144.69,96728.0,2015,294.6,2000,306,Hatchback,Ford,F-150,New York,I6,Gasoline,M,AWD,True,False,41.0,40.1,64.1,69.0,102.6
SAMPLE00003143,44608.26,56091.0,2015,317.6,3500,267,Hatchback,Toyota,Civic,Phoenix,I4,Hybrid,M,FWD,True,False,41.8,38.1,62.6,81.6,118.8
SAMPLE00003144,29786.94,142641.0,2017,264.8,3000,222,Hatchback,Toyota,Civic,Los Angeles,V6,Gasoline,M,AWD,False,False,35.2,44.2,59.4,77.7,105.8
SAMPLE00003145,35264.69,3330.0,2018,215.3,3000,430,Truck,Honda,Camry,Houston,I4,Gasoline,M,FWD,False,True,39.3,38.6,65.8,76.4,109.9
SAMPLE00003146,64244.03,45559.0,2015,294.4,1500,125,Truck,Ford,Civic,Phoenix,I4,Diesel,M,RWD,True,True,33.5,39.2,77.6,71.6,112.2
SAMPLE00003147,51655.47,138160.0,2021,372.5,3000,264,SUV / Crossover,Chevrolet,F-150,Chicago,I6,Hybrid,A,AWD,False,True,40.2,44.7,66.3,77.4,112.6
SAMPLE00003148,58306.29,48140.0,2017,225.0,2000,6,Sedan,BMW,F-150,New York,I6,Gasoline,A,FWD,False,False,37.7,41.5,65.4,74.8,107.6
SAMPLE00003149,39989.0,37838.0,2020,194.3,2500,412,SUV / Crossover,Honda,Silverado,Phoenix,I6,Hybrid,A,RWD,True,True,42.0,44.1,55.2,76.6,105.4
SAMPLE00003150,49663.6,80133.0,2017,216.5,1500,205,Truck,Ford,3 Series,Phoenix,V6,Gasoline,M,FWD,False,False,35.2,44.3,61.6,69.5,111.3
SAMPLE00003151,28661.1,123570.0,2014,230.6,2500,178,Coupe,BMW,3 Series,Houston,I6,Diesel,M,FWD,False,False,40.1,44.9,60.2,83.7,115.9
SAMPLE00003152,53800.35,15472.0,2012,122.1,2000,467,Coupe,Honda,3 Series,Chicago,I4,Gasoline,M,RWD,False,True,34.5,38.3,55.9,81.0,117.9
SAMPLE00003153,38518.07,141453.0,2022,249.5,2500,495,SUV / Crossover,Chevrolet,Silverado,Los Angeles,I6,Gasoline,A,AWD,True,False,35.6,38.4,65.3,80.6,111.8
SAMPLE00003154,39340.0,119261.0,2021,248.3,3000,182,Truck,Chevrolet,Silverado,Chicago,V6,Gasoline,M,RWD,True,False,35.7,39.3,58.1,77.9,110.6
SAMPLE00003155,50712.73,27188.0,2021,276.5,2500,479,Hatchback,Ford,Silverado,New York,I4,Hybrid,M,FWD,True,True,38.2,42.6,66.6,71.9,119.3
SAMPLE00003156,66495.43,106801.0,2016,208.8,3500,442,Truck,Ford,Camry,Los Angeles,I4,Hybrid,A,RWD,True,False,36.3,39.8,65.5,69.8,104.1
SAMPLE00003157,18520.35,57744.0,2021,283.9,2000,439,SUV / Crossover,Chevrolet,Silverado,Chicago,V6,Diesel,A,FWD,True,False,36.9,41.5,60.1,74.1,100.3
SAMPLE00003158,60360.88,60344.0,2021,363.5,3500,405,Truck,Chevrolet,Civic,New York,I6,Hybrid,M,RWD,True,True,37.7,43.5,73.4,75.0,109.9
SAMPLE00003159,31081.07,117494.0,2014,386.6,2500,227,Coupe,Honda,Altima,Phoenix,I6,Hybrid,A,AWD,True,False,33.5,39.3,76.3,80.9,101.2
SAMPLE00003160,39415.57,144418.0,2019,275.1,3500,235,Hatchback,Nissan,Camry,Phoenix,I6,Hybrid,A,RWD,True,False,39.0,40.0,58.1,70.5,101.2
SAMPLE00003161,16205.23,18998.0,2021,112.8,1500,145,SUV / Crossover,Nissan,Civic,Phoenix,I6,Diesel,M,RWD,False,True,38.8,43.1,57.2,81.9,100.7
SAMPLE00003162,31557.53,63095.0,2012,390.8,2500,57,SUV / Crossover,Ford,3 Series,Phoenix,V6,Diesel,A,AWD,False,False,41.7,38.1,62.9,75.5,112.4
SAMPLE00003163,42644.72,72141.0,2022,311.8,3500,295,Sedan,BMW,F-150,Los Angeles,V6,Diesel,A,FWD,True,True,34.2,43.3,69.0,81.6,112.5
SAMPLE00003164,18089.68,56447.0,2013,200.8,3000,240,Hatchback,Chevrolet,3 Series,Phoenix,I6,Diesel,M,RWD,True,False,33.3,42.7,69.5,76.4,105.1
SAMPLE00003165,42010.27,54478.0,2014,144.1,2500,344,SUV / Crossover,BMW,Silverado,Los Angeles,V6,Gasoline,A,FWD,True,False,34.2,38.9,69.4,68.9,109.0
SAMPLE00003166,65991.08,7840.0,2014,143.0,1500,286,Truck,Ford,F-150,Los Angeles,I4,Diesel,A,RWD,False,True,36.8,39.7,68.2,78.3,108.4
SAMPLE00003167,20796.63,102831.0,2019,150.3,3000,439,Truck,Ford,3 Series,Chicago,I6,Diesel,A,AWD,True,True,34.9,38.1,63.9,75.3,109.9
SAMPLE00003168,57044.24,65432.0,2016,113.7,2500,162,Truck,Toyota,Camry,Phoenix,I4,Gasoline,M,RWD,False,False,34.9,42.1,73.0,75.8,104.0
SAMPLE00003169,37531.91,29219.0,2019,370.6,3000,25,Truck,Chevrolet,Silverado,Houston,I4,Gasoline,M,FWD,True,False,40.8,40.8,76.9,81.3,116.3
SAMPLE00003170,51034.55,122405.0,2022,262.2,2500,451,SUV / Crossover,Nissan,3 Series,Phoenix,I4,Hybrid,A,FWD,True,False,35.9,41.0,68.6,71.8,105.8
SAMPLE00003171,29313.01,120384.0,2022,310.0,2500,105,Coupe,Nissan,F-150,Houston,I6,Hybrid,M,AWD,False,True,36.8,38.7,60.0,68.4,106.5
SAMPLE00003172,23772.07,72959.0,2017,348.4,2000,239,Hatchback,Ford,Civic,Phoenix,I6,Diesel,A,FWD,False,True,39.2,40.5,67.9,72.9,113.0
SAMPLE00003173,23825.44,44768.0,2013,337.5,3500,339,Truck,Ford,3 Series,Los Angeles,I6,Hybrid,A,AWD,False,False,36.1,44.4,72.4,70.6,119.6
SAMPLE00003174,18877.06,95714.0,2022,364.8,2500,417,SUV / Crossover,Chevrolet,Camry,Phoenix,V6,Gasoline,M,AWD,False,True,38.0,38.5,74.1,73.8,104.1
SAMPLE00003175,25210.57,43223.0,2015,390.2,1500,331,SUV / Crossover,Toyota,F-150,Phoenix,I6,Hybrid,M,FWD,True,False,37.7,44.8,71.5,71.5,107.2
SAMPLE00003176,51532.07,35401.0,2020,231.7,3500,399,Truck,Toyota,3 Series,Phoenix,I4,Hybrid,M,FWD,False,True,35.4,43.9,75.5,69.6,107.5
SAMPLE00003177,63492.98,109577.0,2015,385.1,2000,378,Sedan,Toyota,Civic,Phoenix,I6,Diesel,M,AWD,True,False,39.5,39.4,76.9,82.1,110.6
SAMPLE00003178,59776.91,6049.0,2016,317.0,3500,41,SUV / Crossover,Toyota,Silverado,Chicago,V6,Gasoline,A,FWD,True,True,40.5,42.9,66.3,71.6,116.7
SAMPLE00003179,52682.39,14215.0,2016,121.2,3500,132,Hatchback,Honda,Silverado,Chicago,I6,Gasoline,A,AWD,False,True,40.1,38.6,67.4,74.2,114.5
SAMPLE00003180,21073.75,1018.0,2021,304.5,2500,316,Hatchback,Chevrolet,Silverado,Los Angeles,V6,Hybrid,A,RWD,True,False,36.6,39.1,62.8,68.0,104.1
SAMPLE00003181,30905.31,22941.0,2019,306.0,1500,43,Sedan,Chevrolet,Altima,Los Angeles,I4,Hybrid,M,FWD,True,False,41.4,41.4,70.2,81.1,114.3
SAMPLE00003182,32039.38,10349.0,2017,371.8,2500,34,SUV / Crossover,Chevrolet,F-150,Houston,I4,Hybrid,M,FWD,True,False,41.1,40.8,68.7,75.9,102.5
SAMPLE00003183,28747.63,149370.0,2021,211.9,1500,363,Sedan,Nissan,Altima,Los Angeles,I4,Diesel,M,AWD,False,False,35.4,43.7,59.1,82.7,103.8
SAMPLE00003184,43325.31,43321.0,2018,275.5,1500,346,SUV / Crossover,Toyota,Civic,Chicago,I4,Hybrid,M,RWD,False,True,34.1,44.6,71.0,68.9,107.9
SAMPLE00003185,44455.46,22390.0,2017,103.7,3000,383,SUV / Crossover,Toyota,Civic,Los Angeles,I4,Hybrid,A,RWD,False,True,41.0,44.6,73.5,70.8,106.9
SAMPLE00003186,34628.73,36149.0,2016,199.6,2500,0,Sedan,Nissan,3 Series,Houston,I4,Diesel,A,FWD,True,False,39.7,39.0,59.2,72.4,117.4
SAMPLE00003187,34458.4,140419.0,2016,118.7,2000,225,Coupe,Nissan,Silverado,Houston,V6,Gasoline,M,AWD,True,True,35.8,42.8,58.8,83.1,119.9
SAMPLE00003188,60570.56,78024.0,2014,256.6,3500,298,Truck,Ford,F-150,Chicago,I4,Diesel,M,AWD,False,False,35.7,42.0,69.7,74.0,104.1
SAMPLE00003189,58411.11,54723.0,2018,345.2,3000,287,Truck,Honda,Altima,Los Angeles,I6,Hybrid,A,FWD,False,True,35.9,40.6,57.7,71.2,113.1
SAMPLE00003190,31928.77,131009.0,2021,161.9,2000,235,Truck,Nissan,Altima,Houston,V6,Hybrid,M,RWD,False,True,40.8,45.0,73.6,81.6,111.6
SAMPLE00003191,65258.36,59249.0,2016,258.2,2500,358,Sedan,Chevrolet,Silverado,Los Angeles,V6,Gasoline,M,AWD,False,False,35.2,41.2,69.8,73.1,115.4
SAMPLE00003192,67404.83,50251.0,2018,161.2,1500,446,SUV / Crossover,Honda,Altima,Los Angeles,I6,Diesel,A,AWD,True,False,38.9,42.7,55.7,73.9,114.0
SAMPLE00003193,32970.84,31092.0,2013,136.2,2500,32,SUV / Crossover,Nissan,Silverado,Chicago,I6,Hybrid,A,FWD,True,False,40.5,41.5,72.7,79.1,105.5
SAMPLE00003194,34493.37,56670.0,2020,253.3,2500,94,Hatchback,Chevrolet,3 Series,Chicago,I6,Gasoline,A,FWD,True,False,36.5,38.7,66.7,74.5,116.8
SAMPLE00003195,42809.88,47503.0,2019,123.7,3000,204,SUV / Crossover,Toyota,3 Series,Los Angeles,I6,Hybrid,M,RWD,True,False,33.6,39.0,66.4,68.3,109.6
SAMPLE00003196,66761.64,101596.0,2016,276.2,2000,108,Coupe,Toyota,3 Series,Phoenix,I6,Gasoline,M,RWD,False,False,39.8,43.3,62.2,84.8,118.7
SAMPLE00003197,63197.57,43437.0,2013,109.4,3000,321,Truck,Chevrolet,Camry,Phoenix,I4,Hybrid,M,AWD,False,True,33.2,43.6,61.5,72.1,111.2
SAMPLE00003198,20641.24,86580.0,2017,132.0,2000,29,Coupe,BMW,Camry,New York,V6,Hybrid,M,FWD,True,True,40.5,40.5,66.5,72.2,105.8
SAMPLE00003199,36600.19,9884.0,2019,265.0,3000,265,Truck,Toyota,Altima,New York,I6,Gasoline,M,FWD,False,True,36.2,38.5,55.1,70.3,117.9
SAMPLE00003200,45435.42,28693.0,2018,277.4,3500,22,Sedan,Ford,F-150,New York,I6,Gasoline,A,FWD,True,False,40.2,44.7,73.3,70.7,116.5
SAMPLE00003201,42672.29,61111.0,2019,108.7,1500,96,Coupe,Nissan,F-150,Chicago,V6,Hybrid,A,RWD,False,True,37.9,41.5,73.0,76.5,118.9
SAMPLE00003202,25662.47,140542.0,2015,272.0,1500,38,SUV / Crossover,Toyota,3 Series,Los Angeles,V6,Gasoline,A,RWD,False,False,36.2,38.9,71.9,84.0,117.9
SAMPLE00003203,62234.92,56588.0,2014,351.6,1500,172,Truck,Ford,Civic,Houston,I4,Hybrid,A,AWD,True,True,41.1,39.4,68.9,79.9,104.9
SAMPLE00003204,52231.74,99611.0,2018,316.7,3500,247,Hatchback,Honda,F-150,Los Angeles,V6,Hybrid,M,FWD,True,False,39.9,38.3,61.8,79.2,116.3
SAMPLE00003205,61084.96,38263.0,2013,139.4,3500,378,Coupe,Toyota,Altima,Los Angeles,I6,Diesel,A,RWD,True,True,33.7,43.0,70.1,74.1,111.9
SAMPLE00003206,62232.04,19055.0,2016,277.7,1500,412,Sedan,Nissan,Camry,New York,V6,Hybrid,A,FWD,True,True,41.4,42.9,58.0,81.8,108.1
SAMPLE00003207,56159.57,8780.0,2018,301.7,1500,413,Hatchback,Toyota,Altima,Los Angeles,I6,Hybrid,A,RWD,True,False,37.2,42.2,61.1,76.0,100.2
SAMPLE00003208,39156.58,45812.0,2012,111.2,2000,161,Sedan,Nissan,Altima,New York,V6,Gasoline,A,FWD,False,False,34.3,41.8,56.0,75.8,114.0
SAMPLE00003209,48580.07,23649.0,2015,356.6,2000,179,Truck,Honda,Camry,Los Angeles,V6,Diesel,M,AWD,False,False,39.9,40.7,74.8,84.9,117.1
SAMPLE00003210,23820.1,26102.0,2013,371.9,2500,102,Coupe,Nissan,Silverado,Houston,I4,Gasoline,M,RWD,False,False,37.7,44.7,74.1,78.4,112.1
SAMPLE00003211,52050.5,114114.0,2017,355.1,3000,208,Sedan,Ford,3 Series,Phoenix,I6,Gasoline,A,RWD,True,True,39.1,43.6,65.4,82.8,106.2
SAMPLE00003212,24858.93,2376.0,2012,347.4,2000,21,Hatchback,BMW,Altima,Phoenix,I4,Hybrid,M,AWD,True,False,39.2,44.4,65.1,76.9,101.2
SAMPLE00003213,53167.23,83672.0,2018,323.5,2000,4,Hatchback,Nissan,Civic,Chicago,I4,Hybrid,A,AWD,True,False,34.8,40.2,76.3,70.7,113.2
SAMPLE00003214,27627.9,56919.0,2014,290.0,2000,138,SUV / Crossover,Nissan,3 Series,Houston,I6,Hybrid,A,FWD,False,False,41.7,44.8,70.5,84.8,108.1
SAMPLE00003215,21465.32,75982.0,2012,303.6,2000,213,Sedan,Ford,Camry,Los Angeles,V6,Gasoline,A,RWD,False,True,33.9,39.2,71.3,79.1,109.9
SAMPLE00003216,24090.65,84425.0,2019,341.9,3500,159,Coupe,Chevrolet,Civic,Houston,I4,Gasoline,M,FWD,False,False,38.5,38.4,63.3,70.5,111.3
SAMPLE00003217,15109.57,47005.0,2018,298.7,2500,407,Coupe,Chevrolet,F-150,Los Angeles,V6,Hybrid,A,FWD,False,False,34.3,40.2,61.7,80.6,115.4
SAMPLE00003218,54530.68,44266.0,2013,198.3,2000,394,SUV / Crossover,Chevrolet,Silverado,Houston,V6,Gasoline,M,FWD,False,True,40.9,39.4,57.6,75.5,110.7
SAMPLE00003219,55282.06,110010.0,2018,212.8,3000,138,Hatchback,Nissan,Altima,Houston,I4,Diesel,M,RWD,True,False,34.6,41.6,56.7,82.0,110.5
SAMPLE00003220,43321.33,130692.0,2014,369.1,2000,144,Sedan,Honda,Camry,Phoenix,I4,Diesel,M,AWD,False,False,37.0,40.5,75.8,72.7,109.6
SAMPLE00003221,23874.95,28887.0,2020,105.1,3500,159,Hatchback,Ford,Silverado,Houston,I4,Diesel,M,FWD,True,False,33.8,39.2,75.8,84.0,108.6
SAMPLE00003222,19595.49,14643.0,2019,309.6,1500,82,Sedan,Nissan,Altima,Chicago,V6,Gasoline,A,RWD,True,True,37.0,43.9,60.2,73.1,112.5
SAMPLE00003223,16052.09,134669.0,2016,386.4,1500,154,Sedan,Toyota,Altima,Los Angeles,I6,Diesel,M,FWD,False,False,33.0,41.6,55.9,85.0,100.5
SAMPLE00003224,24116.15,52484.0,2018,311.9,2500,287,Sedan,Nissan,3 Series,New York,I6,Hybrid,A,AWD,False,False,37.0,38.8,63.0,79.9,114.5
SAMPLE00003225,63997.05,82698.0,2014,398.2,1500,316,Hatchback,Chevrolet,Civic,Houston,I4,Hybrid,A,AWD,False,True,39.2,38.5,76.9,84.5,106.3
SAMPLE00003226,28284.53,53931.0,2012,306.3,2000,280,Hatchback,Ford,3 Series,New York,V6,Hybrid,M,RWD,False,True,34.6,40.7,62.0,80.3,107.5
SAMPLE00003227,34484.92,18870.0,2012,110.3,3500,63,Hatchback,Toyota,Silverado,Phoenix,I4,Diesel,A,RWD,True,True,38.0,44.4,74.9,80.8,112.3
SAMPLE00003228,20794.0,88400.0,2022,348.1,2500,191,Truck,Ford,Camry,New York,V6,Diesel,A,AWD,True,True,37.3,41.6,73.8,70.1,104.9
SAMPLE00003229,27229.87,78771.0,2013,185.4,2000,155,Hatchback,Honda,Silverado,Chicago,I6,Gasoline,M,RWD,True,False,36.0,39.0,76.7,68.3,113.2
SAMPLE00003230,43557.35,30449.0,2019,233.8,1500,423,SUV / Crossover,Chevrolet,Camry,Chicago,I6,Hybrid,M,AWD,False,False,39.0,39.7,66.4,69.5,102.6
SAMPLE00003231,48426.4,67780.0,2012,193.6,3000,499,Truck,BMW,Silverado,Phoenix,I4,Gasoline,M,FWD,True,True,42.0,38.3,76.2,75.4,113.0
SAMPLE00003232,28494.38,119542.0,2022,180.6,2000,90,Sedan,Nissan,3 Series,Chicago,I4,Diesel,M,AWD,True,True,41.4,43.8,72.1,74.8,114.3
SAMPLE00003233,18175.27,88564.0,2016,229.4,3000,141,Coupe,Chevrolet,Silverado,Los Angeles,I6,Gasoline,A,FWD,True,False,41.7,44.6,75.0,71.1,114.0
SAMPLE00003234,36506.81,14538.0,2020,213.6,3000,41,Truck,Chevrolet,F-150,Chicago,V6,Hybrid,A,RWD,True,True,33.2,38.5,71.9,68.7,115.5
SAMPLE00003235,27881.19,82203.0,2020,290.0,2500,248,Truck,Honda,3 Series,Houston,I6,Gasoline,M,FWD,True,True,35.3,39.2,65.6,79.8,110.3
SAMPLE00003236,27075.47,105411.0,2013,343.9,3500,294,Sedan,Toyota,Silverado,Chicago,V6,Gasoline,M,AWD,True,False,41.3,39.2,76.1,71.4,117.3
SAMPLE00003237,67792.45,118906.0,2018,189.1,1500,257,Hatchback,Chevrolet,Silverado,Los Angeles,I4,Diesel,A,RWD,True,True,33.4,43.6,73.4,84.6,104.7
SAMPLE00003238,48896.53,94368.0,2022,164.1,1500,336,Hatchback,Toyota,Civic,Phoenix,I6,Diesel,A,RWD,True,False,36.3,43.9,69.7,69.8,107.7
SAMPLE00003239,45628.31,22899.0,2012,300.1,2000,0,Truck,Toyota,3 Series,Chicago,I4,Diesel,M,AWD,False,False,38.9,40.9,66.1,74.2,119.1
SAMPLE00003240,37867.63,106526.0,2014,301.1,1500,108,Hatchback,Honda,Civic,Los Angeles,I6,Diesel,M,RWD,True,True,41.8,44.8,57.2,76.1,115.8
SAMPLE00003241,38591.94,101601.0,2017,370.3,2500,415,Truck,Chevrolet,3 Series,Houston,I4,Hybrid,M,AWD,False,True,35.5,39.8,73.8,71.7,114.9
SAMPLE00003242,44749.78,3664.0,2020,104.8,1500,466,Coupe,Nissan,Camry,New York,I6,Hybrid,M,FWD,False,True,39.9,41.7,64.6,76.6,114.2
SAMPLE00003243,53303.64,61762.0,2021,355.9,2000,124,Coupe,Honda,3 Series,New York,I6,Gasoline,M,FWD,True,False,38.9,45.0,63.3,70.1,102.2
SAMPLE00003244,53618.04,49943.0,2013,256.3,1500,63,Sedan,Honda,3 Series,Phoenix,I4,Hybrid,M,RWD,True,True,38.5,43.8,60.3,68.0,119.0
SAMPLE00003245,24443.16,100412.0,2018,286.4,3500,205,SUV / Crossover,BMW,Silverado,Phoenix,I6,Gasoline,M,AWD,True,True,39.7,41.4,67.5,79.9,105.8
SAMPLE00003246,42506.2,32420.0,2015,127.4,3000,414,SUV / Crossover,Nissan,F-150,New York,I6,Diesel,A,AWD,False,False,35.3,38.8,74.1,82.2,102.9
SAMPLE00003247,37657.7,88631.0,2013,229.8,3000,441,Hatchback,Honda,Altima,New York,I6,Gasoline,A,FWD,True,False,36.0,44.3,61.7,77.8,100.4
SAMPLE00003248,62878.98,136981.0,2014,168.2,3000,337,SUV / Crossover,BMW,3 Series,Phoenix,I6,Gasoline,A,FWD,True,True,38.0,41.8,76.2,71.9,107.7
SAMPLE00003249,49728.04,119670.0,2017,176.3,3500,243,Coupe,Toyota,Civic,New York,I4,Hybrid,A,RWD,False,False,37.0,40.2,64.1,74.7,113.5
SAMPLE00003250,44287.72,138219.0,2021,251.2,2500,77,Sedan,Nissan,F-150,Chicago,I4,Gasoline,A,AWD,True,False,39.5,41.2,77.3,78.6,107.8
SAMPLE00003251,21346.71,146776.0,2020,343.7,2000,110,Coupe,Nissan,3 Series,Los Angeles,I6,Hybrid,A,RWD,True,True,40.2,40.2,70.6,68.6,116.2
SAMPLE00003252,48310.08,1601.0,2019,323.1,3500,141,Truck,Toyota,F-150,Phoenix,I6,Gasoline,M,RWD,False,False,37.8,41.9,63.4,69.6,103.6
SAMPLE00003253,21446.21,93411.0,2021,277.3,2000,215,Hatchback,Ford,Camry,Los Angeles,I4,Hybrid,M,RWD,False,True,36.5,39.9,77.6,84.3,103.4
SAMPLE00003254,33546.36,61926.0,2022,261.8,2500,452,Hatchback,Nissan,F-150,Houston,I6,Diesel,M,AWD,True,False,41.2,41.1,68.7,79.5,105.3
SAMPLE00003255,22856.31,128978.0,2020,228.2,3500,15,SUV / Crossover,Ford,Camry,Houston,V6,Hybrid,M,FWD,True,True,39.7,41.0,72.7,79.8,101.1
SAMPLE00003256,53064.05,37772.0,2015,391.8,1500,452,Truck,Toyota,F-150,Chicago,I4,Diesel,M,AWD,True,True,39.1,42.3,65.4,69.7,116.8
SAMPLE00003257,26343.87,147154.0,2015,268.1,2500,53,SUV / Crossover,Chevrolet,F-150,Houston,I6,Hybrid,A,AWD,False,True,33.5,38.1,57.7,72.0,102.7
SAMPLE00003258,36552.27,92056.0,2020,176.2,3000,140,SUV / Crossover,Ford,Civic,Phoenix,V6,Diesel,A,AWD,False,False,37.8,42.2,77.2,74.6,107.6
SAMPLE00003259,64262.11,119031.0,2019,169.0,3500,379,SUV / Crossover,Honda,Altima,Chicago,I6,Diesel,A,RWD,False,False,34.1,42.2,62.4,71.5,109.3
SAMPLE00003260,26237.4,12840.0,2013,283.4,2500,335,Truck,Nissan,Civic,Chicago,I6,Hybrid,A,RWD,True,False,38.9,40.7,76.1,81.8,104.7
SAMPLE00003261,42929.28,27519.0,2019,256.8,2500,78,SUV / Crossover,Ford,Silverado,Phoenix,I6,Diesel,A,AWD,False,True,35.7,39.7,75.9,78.3,117.7
SAMPLE00003262,38059.94,113761.0,2012,102.3,3500,414,Hatchback,Nissan,F-150,New York,V6,Gasoline,A,RWD,True,True,39.6,43.9,57.2,71.3,114.7
SAMPLE00003263,15996.82,3298.0,2020,349.0,3000,452,SUV / Crossover,Toyota,Camry,Los Angeles,V6,Gasoline,A,RWD,False,False,40.0,40.4,57.6,81.1,100.6
SAMPLE00003264,58601.7,122532.0,2020,311.2,3000,148,Truck,Chevrolet,F-150,Phoenix,I4,Diesel,A,FWD,True,True,35.7,40.2,69.1,77.2,108.8
SAMPLE00003265,18797.52,2092.0,2019,298.5,2500,126,Truck,Toyota,3 Series,New York,I6,Diesel,M,AWD,False,True,41.8,41.2,55.8,71.5,102.8
SAMPLE00003266,41084.03,98568.0,2022,120.6,2000,157,Coupe,Chevrolet,Camry,New York,I6,Diesel,A,AWD,True,False,37.7,39.9,64.7,82.3,112.8
SAMPLE00003267,45837.31,54764.0,2016,208.6,2500,278,SUV / Crossover,Nissan,3 Series,Houston,V6,Hybrid,M,RWD,False,True,35.0,43.8,67.1,71.6,109.9
SAMPLE00003268,49563.46,91724.0,2016,380.6,3500,37,Truck,Ford,Silverado,Chicago,I6,Gasoline,M,AWD,True,False,40.0,42.0,59.5,79.7,116.2
SAMPLE00003269,52874.74,104405.0,2014,358.8,3500,156,SUV / Crossover,Honda,3 Series,Chicago,I6,Diesel,M,AWD,False,False,39.8,43.3,72.7,74.8,113.7
SAMPLE00003270,28929.98,51371.0,2016,185.7,3500,332,Sedan,Honda,Silverado,Houston,I6,Diesel,A,AWD,True,True,36.7,43.2,64.9,80.7,116.4
SAMPLE00003271,15548.83,16194.0,2015,147.1,3000,287,Hatchback,Toyota,Silverado,Houston,V6,Hybrid,A,AWD,False,False,38.9,43.5,64.7,75.2,117.5
SAMPLE00003272,54789.4,10447.0,2012,234.7,1500,111,Hatchback,Nissan,Silverado,Chicago,I6,Gasoline,A,RWD,False,False,33.2,44.1,60.4,72.9,103.6
SAMPLE00003273,44461.11,88340.0,2020,206.7,3500,189,SUV / Crossover,Chevrolet,3 Series,Phoenix,I6,Diesel,A,FWD,True,True,35.6,44.4,75.4,84.3,111.7
SAMPLE00003274,60986.47,78098.0,2021,304.7,3500,105,Hatchback,Ford,Silverado,Phoenix,I4,Gasoline,A,RWD,True,False,40.9,40.7,55.3,80.9,103.2
SAMPLE00003275,60176.36,111330.0,2015,389.9,2000,90,Hatchback,Chevrolet,Silverado,Phoenix,I6,Hybrid,A,FWD,False,False,35.1,41.1,55.2,82.1,104.9
SAMPLE00003276,61382.94,76460.0,2014,208.9,2000,353,Sedan,Chevrolet,Civic,Phoenix,V6,Gasoline,M,AWD,False,True,41.2,38.4,77.9,73.3,104.5
SAMPLE00003277,41680.21,63367.0,2017,118.7,2500,300,Hatchback,Chevrolet,Altima,Houston,V6,Diesel,A,AWD,True,True,38.2,44.5,55.5,73.9,107.1
SAMPLE00003278,33349.56,59713.0,2012,369.3,2500,48,Hatchback,Nissan,F-150,Los Angeles,I6,Diesel,A,AWD,False,False,41.1,42.1,58.6,70.9,115.8
SAMPLE00003279,58535.7,3967.0,2016,111.4,2500,160,Truck,Ford,Silverado,Los Angeles,I4,Gasoline,A,AWD,False,False,34.2,43.0,75.3,75.6,106.3
SAMPLE00003280,39821.18,50334.0,2018,385.8,3500,3,Hatchback,Nissan,Camry,Chicago,I6,Hybrid,A,AWD,True,False,37.2,41.1,69.2,84.9,114.9
SAMPLE00003281,25089.32,146403.0,2013,299.4,2000,401,SUV / Crossover,Chevrolet,Camry,Los Angeles,I6,Hybrid,A,AWD,False,True,35.7,41.3,69.4,78.0,100.0
SAMPLE00003282,62023.57,131033.0,2021,382.5,2500,197,Hatchback,Nissan,Civic,Phoenix,I6,Hybrid,A,AWD,True,False,41.0,41.8,65.9,80.3,111.6
SAMPLE00003283,63540.79,49407.0,2020,159.9,2000,319,SUV / Crossover,Honda,3 Series,Houston,V6,Hybrid,M,FWD,True,False,36.1,43.6,58.5,80.5,105.6
SAMPLE00003284,40647.04,88169.0,2017,112.2,3500,411,Hatchback,Toyota,3 Series,Phoenix,I6,Diesel,A,RWD,True,True,38.3,42.3,63.4,71.4,114.8
SAMPLE00003285,19163.49,127095.0,2013,246.5,3500,363,SUV / Crossover,BMW,3 Series,New York,V6,Gasoline,A,AWD,False,False,40.4,43.7,71.5,69.0,119.8
SAMPLE00003286,36330.43,66191.0,2019,235.2,2500,376,Hatchback,Chevrolet,Silverado,Houston,I4,Diesel,A,AWD,False,True,35.1,39.5,66.2,70.1,110.6
SAMPLE00003287,59194.57,2694.0,2019,199.4,3500,441,SUV / Crossover,Honda,Altima,New York,I6,Gasoline,M,AWD,False,True,33.4,39.4,71.8,80.2,110.7
SAMPLE00003288,64597.57,11177.0,2012,387.3,3500,474,Hatchback,Nissan,Altima,New York,V6,Gasoline,M,FWD,False,True,37.4,39.4,55.2,75.7,119.5
SAMPLE00003289,26191.0,76559.0,2012,346.8,2000,253,Sedan,Honda,3 Series,Chicago,V6,Hybrid,M,AWD,True,True,39.2,38.0,70.1,83.4,107.2
SAMPLE00003290,18683.55,145416.0,2012,298.5,1500,89,Truck,Toyota,3 Series,New York,V6,Hybrid,M,RWD,True,False,39.5,39.3,68.6,74.2,107.9
SAMPLE00003291,63254.27,103981.0,2015,148.9,3000,311,Truck,Toyota,F-150,Los Angeles,I6,Gasoline,A,FWD,False,True,36.8,38.8,77.4,69.7,113.9
SAMPLE00003292,36417.27,10637.0,2015,320.3,2500,19,Truck,BMW,Altima,Los Angeles,I4,Gasoline,A,FWD,True,True,33.7,41.2,75.9,84.5,109.9
SAMPLE00003293,44796.85,28404.0,2019,318.1,1500,76,Truck,BMW,Silverado,New York,V6,Gasoline,A,AWD,False,True,36.6,38.9,68.8,74.8,115.4
SAMPLE00003294,68243.62,115698.0,2012,227.5,2500,219,Sedan,BMW,Silverado,Chicago,I6,Diesel,M,FWD,False,True,34.1,40.9,68.3,82.4,108.2
SAMPLE00003295,18661.06,126216.0,2021,377.4,1500,161,Sedan,Ford,Camry,New York,V6,Gasoline,A,AWD,True,False,33.6,45.0,57.1,68.8,113.8
SAMPLE00003296,50657.49,92654.0,2014,150.1,3500,496,Hatchback,Ford,Camry,Houston,V6,Diesel,A,RWD,False,False,35.7,41.5,76.6,74.1,115.4
SAMPLE00003297,19075.8,96663.0,2022,180.2,2500,342,Sedan,Honda,F-150,Houston,I6,Gasoline,M,RWD,True,True,40.0,44.5,71.3,78.1,112.9
SAMPLE00003298,35650.79,4251.0,2012,119.0,1500,393,Truck,Nissan,Civic,Houston,V6,Hybrid,A,FWD,True,False,39.9,42.9,66.6,76.9,104.0
SAMPLE00003299,59209.8,124280.0,2020,338.6,3000,114,Coupe,Toyota,Silverado,Houston,V6,Gasoline,M,FWD,False,True,38.5,44.3,74.7,80.4,110.3
SAMPLE00003300,38840.97,118241.0,2021,286.5,3500,93,Hatchback,Chevrolet,Camry,New York,I6,Gasoline,A,AWD,True,True,40.4,42.4,71.8,83.0,119.3
SAMPLE00003301,69845.03,38855.0,2020,194.5,2500,405,SUV / Crossover,Toyota,3 Series,Phoenix,I4,Diesel,M,FWD,True,False,37.5,43.7,68.0,80.9,102.1
SAMPLE00003302,45748.26,106302.0,2018,149.1,2500,132,Truck,Ford,Silverado,Phoenix,I4,Gasoline,A,RWD,False,True,35.2,40.1,67.4,73.3,114.1
SAMPLE00003303,32663.92,32228.0,2019,112.0,1500,171,Truck,Honda,Silverado,Houston,I4,Diesel,M,FWD,True,False,38.1,40.6,76.3,84.5,115.8
SAMPLE00003304,27106.12,6050.0,2012,150.0,2500,113,Truck,Chevrolet,Silverado,Chicago,I4,Diesel,M,RWD,False,True,41.3,44.7,73.4,83.6,113.5
SAMPLE00003305,34278.63,30170.0,2016,236.0,3500,8,Sedan,BMW,Altima,Chicago,I6,Hybrid,M,AWD,True,True,33.3,39.9,64.3,78.7,102.3
SAMPLE00003306,35489.33,26794.0,2013,174.2,2000,298,SUV / Crossover,BMW,Camry,New York,I6,Hybrid,M,RWD,True,True,41.7,40.9,69.5,76.7,101.5
SAMPLE00003307,18779.25,50662.0,2012,177.7,1500,259,Hatchback,Ford,F-150,Phoenix,I4,Hybrid,M,FWD,False,False,39.7,42.6,59.5,76.8,110.1
SAMPLE00003308,35326.58,62767.0,2014,362.7,3000,169,Truck,Honda,Camry,New York,I6,Hybrid,A,RWD,False,True,39.2,40.7,76.5,80.5,106.4
SAMPLE00003309,40533.12,76281.0,2018,254.5,2500,320,SUV / Crossover,Nissan,3 Series,Los Angeles,I4,Diesel,A,RWD,True,True,38.5,38.1,71.0,76.2,107.8
SAMPLE00003310,54750.58,71513.0,2012,318.8,3500,97,Coupe,Toyota,3 Series,Houston,V6,Gasoline,A,FWD,False,True,35.3,43.5,77.1,84.8,105.5
SAMPLE00003311,51120.12,40601.0,2022,110.7,2500,168,Sedan,Ford,Civic,Los Angeles,V6,Diesel,M,AWD,True,False,41.0,40.3,61.7,80.1,116.4
SAMPLE00003312,53982.11,4376.0,2013,209.5,3000,447,Truck,Nissan,Camry,Los Angeles,V6,Hybrid,M,RWD,True,True,41.7,39.6,62.2,72.0,117.0
SAMPLE00003313,15460.0,90765.0,2013,243.8,3500,310,SUV / Crossover,Nissan,Camry,Chicago,I4,Gasoline,A,FWD,False,False,41.3,41.5,74.1,79.2,100.3
SAMPLE00003314,26971.71,59362.0,2015,155.9,3000,217,SUV / Crossover,Toyota,Civic,Phoenix,V6,Diesel,M,RWD,True,False,34.0,38.1,61.0,76.2,116.3
SAMPLE00003315,51392.64,44801.0,2014,136.1,3500,401,Truck,Chevrolet,Civic,Houston,I4,Gasoline,A,RWD,True,False,39.6,44.0,63.2,70.7,113.5
SAMPLE00003316,41619.42,130041.0,2014,361.1,2000,399,SUV / Crossover,Toyota,Silverado,New York,I6,Diesel,A,RWD,False,False,38.0,39.8,75.3,76.8,109.1
SAMPLE00003317,15292.24,112011.0,2021,381.8,3500,342,SUV / Crossover,Chevrolet,Silverado,Houston,V6,Gasoline,M,AWD,False,True,40.1,44.5,66.9,82.6,101.7
SAMPLE00003318,59247.21,128665.0,2016,123.6,3000,429,Hatchback,Nissan,3 Series,New York,V6,Gasoline,A,RWD,False,True,36.2,42.7,61.9,68.4,113.4
SAMPLE00003319,57504.53,74247.0,2014,204.7,1500,419,Sedan,Honda,F-150,New York,V6,Hybrid,M,FWD,False,False,41.6,41.8,64.4,82.5,105.3
SAMPLE00003320,45163.05,19640.0,2022,387.5,2000,345,Hatchback,Ford,3 Series,Phoenix,I6,Hybrid,M,FWD,True,False,35.8,43.6,71.4,79.6,111.0
SAMPLE00003321,18655.48,104433.0,2018,124.9,2500,449,Sedan,Toyota,Altima,Los Angeles,I4,Gasoline,M,RWD,True,True,39.6,45.0,58.6,80.3,104.4
SAMPLE00003322,57158.33,30911.0,2016,293.1,2000,43,Sedan,Honda,Camry,New York,V6,Gasoline,A,AWD,True,True,37.5,39.8,77.1,83.2,117.6
SAMPLE00003323,47104.25,66184.0,2015,391.7,2000,499,Hatchback,Honda,F-150,Phoenix,V6,Hybrid,A,FWD,True,True,38.6,40.5,66.3,84.0,107.0
SAMPLE00003324,58007.8,9750.0,2014,393.5,2500,260,Truck,Toyota,Silverado,Los Angeles,I4,Diesel,M,AWD,True,True,34.0,41.4,72.6,73.0,113.7
SAMPLE00003325,56346.08,123796.0,2015,241.4,3500,284,SUV / Crossover,BMW,Civic,Los Angeles,V6,Gasoline,A,AWD,True,False,38.5,41.8,71.1,83.6,109.9
SAMPLE00003326,59165.11,18891.0,2013,148.8,2000,125,Coupe,Nissan,Civic,Houston,V6,Diesel,M,FWD,False,True,38.1,41.9,70.7,71.7,118.3
SAMPLE00003327,43490.44,135465.0,2012,160.6,2000,259,Hatchback,BMW,3 Series,Houston,V6,Hybrid,A,FWD,False,False,39.5,41.8,64.7,70.5,104.6
SAMPLE00003328,22717.85,129635.0,2014,366.9,1500,494,Hatchback,Chevrolet,Camry,Houston,I4,Gasoline,M,AWD,True,True,35.6,43.8,56.0,77.4,119.1
SAMPLE00003329,51913.66,69687.0,2022,373.5,1500,354,Truck,Honda,Camry,Chicago,V6,Diesel,M,RWD,True,False,40.5,40.8,72.1,83.8,115.0
SAMPLE00003330,49126.06,111655.0,2013,282.4,3000,213,SUV / Crossover,Ford,Civic,Los Angeles,I6,Hybrid,A,AWD,True,False,41.5,38.1,76.9,68.9,114.0
SAMPLE00003331,55823.93,92917.0,2012,329.9,2500,304,Hatchback,Ford,3 Series,Chicago,I4,Gasoline,A,FWD,False,True,40.9,44.1,66.6,77.0,116.8
SAMPLE00003332,24343.46,120461.0,2012,322.0,3500,199,Coupe,Honda,Altima,Houston,V6,Diesel,M,AWD,True,False,36.5,42.6,76.9,79.5,113.0
SAMPLE00003333,25723.64,64771.0,2013,298.5,3500,235,SUV / Crossover,BMW,3 Series,Phoenix,I6,Gasoline,A,FWD,False,True,39.9,39.3,67.3,80.7,102.2
SAMPLE00003334,63972.52,117871.0,2020,348.2,3000,340,Hatchback,Nissan,Silverado,Houston,I6,Diesel,M,RWD,True,False,36.3,38.2,58.8,76.6,114.0
SAMPLE00003335,56248.78,69369.0,2016,305.6,3500,135,Hatchback,Honda,Silverado,New York,I6,Diesel,A,RWD,False,False,40.8,40.2,60.5,77.8,108.8
SAMPLE00003336,64952.57,141145.0,2020,260.2,3500,377,Sedan,Chevrolet,Silverado,Phoenix,I6,Gasoline,A,RWD,True,True,36.4,38.9,74.9,75.7,111.1
SAMPLE00003337,56729.34,72956.0,2019,171.1,1500,435,Sedan,Honda,Altima,Phoenix,I6,Hybrid,M,RWD,False,False,34.7,44.3,69.3,80.3,108.2
SAMPLE00003338,47843.54,69393.0,2022,323.2,3500,115,Hatchback,Toyota,F-150,Los Angeles,V6,Gasoline,A,RWD,False,True,37.4,39.9,64.5,74.4,103.4
SAMPLE00003339,50977.3,117761.0,2017,242.0,3500,452,Truck,BMW,3 Series,Chicago,I6,Hybrid,A,FWD,False,True,34.2,42.9,73.4,72.8,109.7
SAMPLE00003340,63902.04,123237.0,2012,188.4,3000,404,Sedan,Toyota,3 Series,New York,I4,Diesel,A,AWD,True,False,38.3,42.6,69.8,72.5,101.3
SAMPLE00003341,46834.37,83173.0,2021,340.6,3000,154,Hatchback,Toyota,Altima,Phoenix,V6,Diesel,A,RWD,True,True,38.2,43.0,75.1,79.1,101.1
SAMPLE00003342,49781.52,26970.0,2016,309.0,2000,421,SUV / Crossover,Honda,Silverado,Chicago,V6,Diesel,A,FWD,False,False,37.4,41.7,77.3,83.7,110.7
SAMPLE00003343,23606.22,70164.0,2012,381.2,3500,388,Coupe,Nissan,Civic,Chicago,I6,Hybrid,A,AWD,True,True,38.4,43.1,70.0,72.7,103.6
SAMPLE00003344,41065.67,145211.0,2018,149.6,3500,340,Sedan,Honda,Silverado,New York,I6,Diesel,M,AWD,False,True,41.8,41.6,77.3,72.2,112.5
SAMPLE00003345,54401.84,112948.0,2021,294.8,3500,316,Hatchback,Nissan,F-150,New York,V6,Gasoline,A,RWD,False,False,36.4,40.6,65.8,80.2,103.8
SAMPLE00003346,29901.85,121674.0,2022,173.3,1500,391,Sedan,Ford,Altima,Houston,I4,Diesel,A,RWD,False,False,36.8,44.0,74.3,68.2,116.1
SAMPLE00003347,26123.98,4924.0,2019,371.1,3500,341,SUV / Crossover,Nissan,Civic,Houston,V6,Hybrid,M,AWD,False,False,35.5,41.2,75.8,82.2,102.9
SAMPLE00003348,32260.47,70179.0,2019,129.8,1500,17,Truck,Toyota,3 Series,Phoenix,V6,Hybrid,A,AWD,True,True,34.7,42.0,56.0,74.4,108.9
SAMPLE00003349,28282.53,96993.0,2018,296.8,2000,387,Hatchback,Honda,F-150,Phoenix,I6,Gasoline,M,FWD,True,True,35.6,41.3,74.9,83.3,109.3
SAMPLE00003350,26820.2,124505.0,2013,337.3,2500,3,SUV / Crossover,Ford,F-150,Phoenix,I4,Gasoline,A,RWD,False,True,34.9,43.4,64.4,80.0,112.4
SAMPLE00003351,38366.8,7391.0,2016,206.5,3500,164,Coupe,Toyota,Altima,Houston,I6,Hybrid,A,AWD,False,False,36.9,41.8,64.2,81.5,108.0
SAMPLE00003352,64931.12,127866.0,2015,386.2,3000,126,Hatchback,Ford,Civic,Phoenix,I6,Hybrid,A,AWD,False,False,35.1,41.3,73.0,70.9,113.1
SAMPLE00003353,42888.28,82260.0,2016,355.2,3000,398,Coupe,BMW,Silverado,Phoenix,I6,Gasoline,M,RWD,True,False,37.7,39.8,60.7,74.2,115.3
SAMPLE00003354,25335.62,29597.0,2021,188.4,3500,421,Truck,Chevrolet,Silverado,Houston,I6,Gasoline,A,FWD,False,True,35.6,44.4,55.7,72.8,102.5
SAMPLE00003355,19233.44,47588.0,2020,102.3,1500,410,Hatchback,Toyota,Camry,Houston,I4,Gasoline,M,FWD,True,False,36.8,44.0,61.2,80.2,101.5
SAMPLE00003356,53288.59,42289.0,2015,189.0,3000,212,Hatchback,Honda,Civic,Phoenix,I6,Gasoline,A,RWD,False,False,34.2,41.0,69.9,68.4,113.5
SAMPLE00003357,36053.93,79629.0,2019,184.4,3000,47,SUV / Crossover,Nissan,Silverado,Phoenix,I6,Hybrid,A,FWD,True,False,34.5,42.6,76.9,78.5,117.1
SAMPLE00003358,60200.7,7753.0,2019,367.0,2000,45,Sedan,BMW,F-150,Chicago,I4,Diesel,M,FWD,False,True,38.5,41.6,64.1,82.8,109.6
SAMPLE00003359,51273.09,23780.0,2013,390.1,2000,45,Hatchback,Ford,Altima,Los Angeles,V6,Hybrid,A,FWD,False,False,38.1,39.2,73.3,68.7,112.7
SAMPLE00003360,58793.28,121904.0,2017,121.1,2000,47,Truck,Chevrolet,Silverado,Houston,I6,Gasoline,M,AWD,True,True,34.5,40.6,59.6,72.9,106.0
SAMPLE00003361,29957.03,19891.0,2016,241.4,3000,186,Hatchback,Nissan,Altima,Los Angeles,V6,Hybrid,A,AWD,True,False,35.7,44.0,74.6,71.5,117.5
SAMPLE00003362,53079.74,35009.0,2013,264.5,3000,119,Hatchback,Toyota,Silverado,Houston,I6,Gasoline,M,FWD,False,False,35.0,43.6,72.6,85.0,115.4
SAMPLE00003363,29523.41,68006.0,2021,127.9,3500,131,Hatchback,Chevrolet,Altima,Chicago,I6,Hybrid,M,RWD,False,True,40.2,38.7,65.3,84.8,111.7
SAMPLE00003364,66648.77,77568.0,2015,213.2,3500,458,Hatchback,BMW,F-150,Los Angeles,I4,Gasoline,M,RWD,False,False,36.3,38.5,75.6,70.1,106.1
SAMPLE00003365,50000.59,114542.0,2018,195.1,1500,18,Truck,Chevrolet,Civic,Chicago,I4,Gasoline,A,RWD,False,False,36.7,44.0,55.9,71.3,108.8
SAMPLE00003366,32848.15,67100.0,2012,260.8,3000,440,SUV / Crossover,Toyota,Camry,New York,V6,Hybrid,M,FWD,False,True,39.0,44.3,73.1,68.4,105.6
SAMPLE00003367,29823.15,118480.0,2020,298.4,3500,274,Sedan,BMW,Altima,Los Angeles,I6,Gasoline,M,RWD,True,False,35.9,40.1,55.8,77.6,108.6
SAMPLE00003368,25500.96,92752.0,2021,311.0,3500,474,Truck,Ford,Silverado,Los Angeles,I4,Diesel,A,AWD,False,True,36.4,40.4,74.9,79.7,101.0
SAMPLE00003369,53205.25,16965.0,2012,141.0,2000,231,Truck,Toyota,Altima,Los Angeles,I6,Gasoline,M,RWD,True,False,40.2,40.4,59.1,79.1,102.1
SAMPLE00003370,27029.36,23450.0,2016,343.9,2000,41,Coupe,Chevrolet,Altima,New York,I6,Gasoline,A,RWD,True,False,40.2,38.9,55.9,72.4,104.3
SAMPLE00003371,47741.68,65555.0,2018,303.6,2000,91,Sedan,Toyota,Silverado,New York,V6,Gasoline,M,AWD,True,False,38.4,43.2,62.1,71.5,118.1
SAMPLE00003372,29554.93,59533.0,2019,366.7,2500,260,SUV / Crossover,BMW,Silverado,Chicago,I6,Diesel,M,AWD,True,False,38.0,40.6,59.1,68.9,109.3
SAMPLE00003373,51408.29,111532.0,2013,234.8,3500,47,SUV / Crossover,Chevrolet,Civic,New York,I4,Hybrid,M,FWD,False,False,34.6,43.9,70.0,78.8,109.6
SAMPLE00003374,59821.69,87111.0,2015,368.2,2000,408,Coupe,Ford,F-150,Houston,V6,Diesel,M,FWD,False,True,37.3,44.1,65.9,72.2,110.6
SAMPLE00003375,57791.39,58220.0,2013,359.7,2000,450,Coupe,Nissan,F-150,Phoenix,I4,Diesel,M,FWD,False,False,35.5,44.4,58.0,69.5,110.0
SAMPLE00003376,56846.82,25614.0,2015,231.5,3000,281,Truck,Honda,F-150,Los Angeles,V6,Diesel,M,FWD,True,True,39.6,43.7,76.1,74.0,101.7
SAMPLE00003377,25324.73,34026.0,2017,214.3,2000,73,SUV / Crossover,Ford,F-150,Chicago,V6,Hybrid,A,FWD,False,True,38.7,43.5,63.5,70.5,106.5
SAMPLE00003378,19861.17,86325.0,2017,379.8,3000,215,SUV / Crossover,Toyota,F-150,Chicago,I6,Gasoline,A,AWD,True,True,36.4,41.1,61.5,76.6,101.3
SAMPLE00003379,53442.19,63516.0,2013,314.5,1500,445,SUV / Crossover,Honda,F-150,Chicago,V6,Diesel,A,AWD,False,False,37.8,38.2,71.1,70.5,101.4
SAMPLE00003380,35259.1,77239.0,2022,378.5,2000,220,Truck,Nissan,Silverado,Chicago,V6,Gasoline,A,AWD,False,False,36.8,38.8,64.1,84.8,101.5
SAMPLE00003381,38779.04,25602.0,2015,339.1,3000,108,SUV / Crossover,Nissan,Silverado,Los Angeles,I6,Diesel,A,RWD,False,True,34.3,41.7,58.3,73.7,117.9
SAMPLE00003382,16713.2,99436.0,2015,282.8,2000,134,Hatchback,BMW,F-150,Chicago,V6,Diesel,A,RWD,False,True,40.0,40.5,68.4,76.1,104.4
SAMPLE00003383,29276.7,127881.0,2012,134.8,1500,427,Coupe,Nissan,F-150,Los Angeles,V6,Diesel,M,RWD,True,True,41.1,43.8,55.7,78.1,101.3
SAMPLE00003384,16852.2,38691.0,2013,187.4,2000,342,Coupe,Chevrolet,Civic,Chicago,I4,Diesel,M,FWD,True,False,41.4,41.9,69.4,82.5,100.1
SAMPLE00003385,63355.22,73727.0,2014,390.7,3000,237,Coupe,Chevrolet,Altima,Chicago,I4,Diesel,M,RWD,False,True,40.1,38.7,75.0,84.1,112.3
SAMPLE00003386,28386.82,146329.0,2022,195.8,1500,154,Coupe,BMW,Civic,Phoenix,I6,Diesel,A,FWD,False,True,40.4,41.3,61.0,74.2,112.3
SAMPLE00003387,45653.54,49986.0,2016,128.0,1500,425,Hatchback,Nissan,3 Series,Houston,V6,Hybrid,A,FWD,True,False,33.5,43.8,74.6,75.2,105.3
SAMPLE00003388,17143.86,89257.0,2022,312.3,1500,328,Sedan,Toyota,Silverado,New York,I6,Gasoline,M,FWD,True,True,40.0,44.0,60.6,70.6,105.6
SAMPLE00003389,51676.61,13529.0,2019,320.2,2500,491,SUV / Crossover,Ford,F-150,New York,I6,Gasoline,M,FWD,True,True,35.7,39.2,59.7,71.2,106.8
SAMPLE00003390,32766.5,90902.0,2017,185.6,3000,55,Coupe,Honda,Altima,New York,I6,Hybrid,A,RWD,True,True,34.2,38.7,71.5,80.3,107.1
SAMPLE00003391,64385.56,13445.0,2014,189.3,2500,386,SUV / Crossover,BMW,Silverado,Houston,I4,Diesel,A,AWD,True,True,37.7,40.7,56.5,75.4,115.5
SAMPLE00003392,63846.5,143885.0,2017,240.7,1500,381,SUV / Crossover,Nissan,3 Series,Los Angeles,I6,Hybrid,M,FWD,True,True,38.1,38.5,55.9,82.3,118.8
SAMPLE00003393,32890.98,107349.0,2018,106.5,2500,396,Hatchback,Toyota,Civic,New York,V6,Hybrid,A,RWD,False,False,37.4,43.1,65.5,77.0,111.8
SAMPLE00003394,64552.85,118224.0,2017,336.8,2000,197,SUV / Crossover,Toyota,3 Series,New York,I4,Hybrid,A,FWD,True,False,38.9,41.1,55.8,72.8,107.8
SAMPLE00003395,69788.67,105616.0,2021,195.1,2500,314,Coupe,Honda,Camry,New York,I4,Gasoline,A,FWD,True,False,39.4,39.4,66.4,79.5,105.9
SAMPLE00003396,60397.86,88459.0,2017,356.1,3500,37,SUV / Crossover,BMW,Civic,Los Angeles,I4,Hybrid,M,AWD,True,True,34.2,38.7,69.9,76.0,116.6
SAMPLE00003397,61467.92,67487.0,2012,340.8,1500,340,Hatchback,Ford,Silverado,Houston,V6,Diesel,A,FWD,False,True,38.6,44.5,60.2,83.1,101.8
SAMPLE00003398,28695.48,128756.0,2014,298.4,1500,338,Coupe,Ford,Civic,Houston,I6,Hybrid,M,AWD,False,False,33.5,38.3,75.7,74.3,108.7
SAMPLE00003399,46718.63,143525.0,2018,197.5,3000,216,Hatchback,BMW,3 Series,Los Angeles,I6,Gasoline,M,RWD,False,False,37.0,38.7,59.6,72.3,113.3
SAMPLE00003400,18699.08,74855.0,2015,254.9,2000,230,Truck,Chevrolet,F-150,Phoenix,I4,Gasoline,A,FWD,False,False,33.9,39.6,60.5,75.5,105.0
SAMPLE00003401,20220.49,139730.0,2015,233.4,3000,451,Sedan,Nissan,Altima,Chicago,I4,Diesel,M,AWD,True,False,37.0,38.7,76.0,82.4,102.7
SAMPLE00003402,69939.09,87500.0,2018,201.7,2500,341,SUV / Crossover,Ford,3 Series,Los Angeles,I6,Hybrid,M,FWD,True,True,34.6,42.5,70.8,82.0,113.0
SAMPLE00003403,32965.16,80758.0,2020,354.4,3500,452,SUV / Crossover,Chevrolet,3 Series,Chicago,V6,Diesel,M,FWD,True,True,39.6,39.5,67.2,83.2,112.0
SAMPLE00003404,56150.12,68172.0,2022,245.1,3500,256,SUV / Crossover,BMW,F-150,Houston,I4,Hybrid,M,FWD,True,False,41.1,41.4,62.6,82.4,112.4
SAMPLE00003405,59366.58,31393.0,2013,349.8,3500,433,Truck,Nissan,Altima,Chicago,I4,Diesel,M,AWD,False,False,34.5,44.0,72.7,73.6,119.6
SAMPLE00003406,62191.28,558.0,2020,131.6,3500,208,Sedan,Toyota,Silverado,New York,V6,Diesel,M,RWD,False,False,39.6,43.8,68.5,78.1,106.5
SAMPLE00003407,69869.56,36226.0,2014,142.3,2000,200,Hatchback,BMW,Altima,Chicago,I4,Diesel,A,AWD,True,True,34.3,39.0,62.9,81.5,119.7
SAMPLE00003408,28282.31,76458.0,2017,393.2,2500,136,Truck,Toyota,Silverado,Chicago,V6,Gasoline,A,RWD,False,False,36.9,38.6,74.0,82.3,100.9
SAMPLE00003409,17219.3,56994.0,2015,276.3,3500,127,Truck,BMW,Civic,Houston,I6,Gasoline,A,AWD,False,False,38.6,42.6,73.3,74.8,100.8
SAMPLE00003410,37615.53,67273.0,2012,252.9,1500,52,Coupe,Chevrolet,3 Series,Phoenix,I6,Hybrid,M,AWD,True,True,37.8,39.5,76.6,76.7,117.2
SAMPLE00003411,22154.44,147097.0,2020,256.9,2500,343,Truck,Nissan,Civic,Chicago,I4,Gasoline,A,RWD,False,True,33.5,43.5,77.9,72.9,106.4
SAMPLE00003412,16233.42,52541.0,2022,164.6,2000,393,Truck,Chevrolet,F-150,Houston,I6,Diesel,A,RWD,True,True,36.3,41.0,55.3,79.9,107.1
SAMPLE00003413,34823.48,67827.0,2017,315.6,3500,83,SUV / Crossover,Nissan,Camry,New York,V6,Gasoline,M,RWD,False,True,37.2,39.1,62.4,79.4,101.0
SAMPLE00003414,58105.6,20027.0,2019,125.4,2000,208,Coupe,BMW,Silverado,Chicago,I4,Gasoline,M,AWD,True,False,36.5,44.8,59.4,78.0,100.0
SAMPLE00003415,46139.94,7194.0,2013,272.0,3500,332,Hatchback,Toyota,F-150,Chicago,V6,Hybrid,A,RWD,True,True,39.0,38.4,59.9,78.7,112.7
SAMPLE00003416,32202.79,116311.0,2018,271.2,1500,284,Sedan,BMW,Silverado,New York,I6,Diesel,A,FWD,True,False,41.0,38.9,74.9,83.3,110.5
SAMPLE00003417,50988.81,85602.0,2017,374.3,2500,35,Hatchback,Toyota,Civic,Los Angeles,I6,Gasoline,A,FWD,True,True,39.0,43.7,77.4,81.9,114.6
SAMPLE00003418,27761.0,114106.0,2013,257.9,1500,214,Coupe,Chevrolet,Camry,Phoenix,I6,Gasoline,M,FWD,True,False,38.3,41.2,76.6,70.1,104.5
SAMPLE00003419,15790.98,22479.0,2013,141.1,3500,26,SUV / Crossover,Honda,Altima,New York,I4,Hybrid,A,FWD,False,False,34.3,44.6,71.0,78.9,116.9
SAMPLE00003420,57039.44,85774.0,2015,271.8,3000,145,Sedan,Ford,3 Series,New York,V6,Hybrid,A,RWD,True,False,36.1,38.8,67.8,70.7,105.2
SAMPLE00003421,49305.87,38046.0,2015,127.4,2500,17,Hatchback,Chevrolet,Altima,New York,I4,Diesel,M,RWD,True,True,37.9,39.1,69.7,70.5,109.0
SAMPLE00003422,56926.64,34209.0,2014,161.1,2000,117,Sedan,BMW,Silverado,Los Angeles,I6,Hybrid,M,FWD,False,True,41.4,38.0,74.7,75.6,107.4
SAMPLE00003423,17141.59,1729.0,2019,109.3,3500,136,Sedan,BMW,3 Series,New York,I6,Diesel,M,RWD,False,True,35.7,39.5,55.2,76.3,117.1
SAMPLE00003424,61041.58,19551.0,2018,254.0,1500,66,Sedan,Toyota,Civic,Los Angeles,I4,Diesel,A,FWD,False,False,36.0,42.6,64.8,69.8,116.4
SAMPLE00003425,49073.94,46390.0,2013,125.4,3000,390,Truck,Ford,Silverado,Phoenix,V6,Gasoline,M,AWD,False,True,38.3,43.1,66.7,76.7,108.8
SAMPLE00003426,45986.74,17532.0,2014,240.8,3500,313,Coupe,Nissan,Altima,Los Angeles,I6,Gasoline,M,RWD,True,True,41.1,41.0,76.2,71.0,107.1
SAMPLE00003427,49353.77,147879.0,2021,379.9,2000,462,Coupe,Chevrolet,Civic,Phoenix,V6,Gasoline,M,AWD,True,True,37.9,39.8,59.0,77.4,115.7
SAMPLE00003428,62543.83,46295.0,2020,315.9,1500,29,SUV / Crossover,Ford,3 Series,Phoenix,I6,Gasoline,M,RWD,False,True,34.6,43.0,72.1,82.1,104.3
SAMPLE00003429,47281.51,19549.0,2016,123.2,2500,72,Hatchback,Ford,Civic,Phoenix,I4,Gasoline,M,RWD,False,False,33.7,39.2,76.3,69.5,118.8
SAMPLE00003430,46952.27,29862.0,2013,167.3,3000,122,SUV / Crossover,Chevrolet,Civic,Houston,I6,Diesel,A,RWD,False,True,41.0,43.4,72.6,74.8,106.4
SAMPLE00003431,69487.35,88155.0,2014,302.1,3500,444,Hatchback,Toyota,Civic,Phoenix,I4,Gasoline,A,AWD,True,False,39.0,43.5,55.2,72.0,109.3
SAMPLE00003432,56620.16,9607.0,2019,368.4,3500,488,Sedan,Nissan,F-150,Los Angeles,I4,Gasoline,A,AWD,True,False,35.0,41.1,70.2,77.8,116.2
SAMPLE00003433,39326.16,129365.0,2015,109.9,3500,474,Hatchback,Toyota,F-150,Houston,I4,Gasoline,A,FWD,False,True,39.5,39.4,59.8,83.2,115.9
SAMPLE00003434,53906.84,144225.0,2013,343.7,3500,227,Hatchback,Toyota,Silverado,New York,I6,Diesel,A,AWD,False,False,39.5,42.4,68.9,71.4,113.9
SAMPLE00003435,36407.68,37012.0,2013,268.5,1500,337,Sedan,Honda,Civic,New York,V6,Hybrid,M,AWD,True,True,39.9,44.0,68.1,79.5,102.3
SAMPLE00003436,27588.15,67514.0,2017,263.8,2500,478,SUV / Crossover,Ford,Altima,Chicago,V6,Hybrid,A,FWD,True,True,41.0,41.7,77.0,69.6,104.8
SAMPLE00003437,47826.85,3320.0,2019,387.3,2000,272,Hatchback,Honda,Civic,Phoenix,I6,Gasoline,M,AWD,False,True,34.4,41.2,59.4,77.3,114.3
SAMPLE00003438,66050.02,96107.0,2018,324.3,3000,245,SUV / Crossover,Toyota,Civic,Chicago,I4,Hybrid,A,AWD,True,True,41.6,44.9,56.2,79.5,117.2
SAMPLE00003439,66102.67,62089.0,2015,355.0,3500,436,SUV / Crossover,Nissan,F-150,Phoenix,V6,Diesel,A,FWD,False,True,42.0,41.8,69.1,79.4,103.4
SAMPLE00003440,33804.79,40509.0,2013,206.2,3500,389,Coupe,Chevrolet,3 Series,Phoenix,V6,Gasoline,A,AWD,False,True,33.1,38.2,62.9,80.6,119.8
SAMPLE00003441,44022.26,31026.0,2020,266.3,2500,38,Sedan,Ford,Civic,Los Angeles,I6,Diesel,M,FWD,False,False,33.8,41.5,72.3,75.1,112.4
SAMPLE00003442,26639.97,98103.0,2015,284.6,2500,408,Sedan,Chevrolet,Camry,Los Angeles,I4,Diesel,A,RWD,True,True,36.9,41.1,77.8,80.9,116.4
SAMPLE00003443,69759.71,62433.0,2020,196.5,1500,169,Truck,BMW,Silverado,New York,V6,Gasoline,M,RWD,True,False,33.3,40.0,64.2,76.0,115.7
SAMPLE00003444,68961.48,26949.0,2016,271.1,1500,425,SUV / Crossover,Ford,F-150,Houston,I6,Diesel,A,AWD,True,False,39.6,40.2,58.5,73.5,102.1
SAMPLE00003445,50722.99,103366.0,2022,171.0,1500,314,Truck,Chevrolet,3 Series,New York,I6,Gasoline,M,RWD,False,True,38.9,44.5,67.7,73.5,106.9
SAMPLE00003446,59242.77,84761.0,2022,143.0,3000,101,Sedan,Toyota,Camry,Phoenix,I4,Diesel,A,AWD,False,True,40.0,38.9,63.0,71.0,109.2
SAMPLE00003447,54330.51,128801.0,2018,212.2,1500,293,Sedan,Honda,Civic,Houston,I6,Hybrid,M,FWD,False,True,42.0,43.3,73.3,80.2,105.2
SAMPLE00003448,47623.7,17621.0,2016,321.8,3500,414,Truck,Chevrolet,Altima,Chicago,I4,Hybrid,M,FWD,False,False,41.4,44.3,67.3,70.7,113.6
SAMPLE00003449,17934.14,117850.0,2013,374.9,1500,242,Sedan,Nissan,Altima,Phoenix,V6,Hybrid,A,FWD,False,False,35.7,39.8,75.9,78.8,111.2
SAMPLE00003450,40012.04,101028.0,2017,237.3,3000,156,Sedan,BMW,F-150,Los Angeles,I6,Diesel,A,RWD,False,True,36.6,38.5,74.3,79.3,119.6
SAMPLE00003451,52113.25,17252.0,2018,292.8,1500,359,Coupe,Toyota,Civic,New York,V6,Gasoline,A,FWD,False,False,40.0,40.2,76.0,72.9,103.7
SAMPLE00003452,52264.24,104223.0,2022,130.9,1500,264,Hatchback,BMW,Silverado,New York,I4,Hybrid,A,FWD,False,False,36.5,41.0,61.9,76.3,111.2
SAMPLE00003453,35521.74,66232.0,2017,371.3,3500,256,Coupe,Nissan,F-150,Chicago,I4,Gasoline,A,AWD,True,False,39.3,44.7,75.8,79.4,118.0
SAMPLE00003454,66793.06,141748.0,2014,270.6,3500,463,Hatchback,Nissan,Camry,New York,I4,Hybrid,M,AWD,False,False,41.3,41.0,74.9,68.0,100.8
SAMPLE00003455,24204.64,21242.0,2021,334.1,3500,357,Coupe,Honda,Altima,New York,I6,Hybrid,A,AWD,False,True,36.7,38.6,69.4,72.7,110.0
SAMPLE00003456,42519.77,96425.0,2019,338.3,1500,342,Coupe,BMW,3 Series,Houston,I6,Diesel,A,AWD,False,False,38.0,39.0,75.9,74.5,104.3
SAMPLE00003457,52998.62,57297.0,2014,176.9,3500,122,SUV / Crossover,Nissan,3 Series,Phoenix,I6,Hybrid,A,FWD,True,True,40.6,40.5,56.2,83.8,119.2
SAMPLE00003458,53342.47,143522.0,2016,258.8,2500,455,Truck,Chevrolet,Silverado,Houston,V6,Gasoline,A,AWD,True,False,37.3,39.3,73.1,75.9,113.3
SAMPLE00003459,50675.14,49496.0,2020,388.1,2000,46,Coupe,Nissan,3 Series,Houston,V6,Gasoline,M,RWD,False,False,35.6,38.4,58.3,76.6,105.5
SAMPLE00003460,30140.85,144328.0,2022,126.9,2000,331,SUV / Crossover,Nissan,3 Series,New York,I6,Hybrid,M,RWD,True,False,35.3,39.2,62.8,79.3,119.8
SAMPLE00003461,23591.36,135223.0,2016,304.9,3500,9,Coupe,Chevrolet,Silverado,Phoenix,V6,Gasoline,M,RWD,False,False,33.6,38.7,71.8,75.7,104.4
SAMPLE00003462,49976.72,40557.0,2018,388.7,3000,143,Truck,Toyota,Altima,New York,I4,Gasoline,M,AWD,True,True,36.0,39.4,59.8,75.4,106.6
SAMPLE00003463,47961.62,120531.0,2022,190.2,3500,430,SUV / Crossover,Honda,Camry,New York,I6,Gasoline,M,FWD,True,True,39.2,45.0,60.3,84.6,113.5
SAMPLE00003464,24864.58,149341.0,2018,358.4,3500,298,Hatchback,Honda,F-150,Houston,I4,Gasoline,M,AWD,False,True,33.5,41.1,59.9,81.8,111.4
SAMPLE00003465,53782.65,37899.0,2016,380.1,1500,151,Truck,Ford,Altima,Los Angeles,I4,Gasoline,M,RWD,True,True,35.5,42.6,65.5,79.9,116.5
SAMPLE00003466,40034.46,65517.0,2013,324.1,3000,486,Sedan,Ford,F-150,Los Angeles,I4,Hybrid,M,AWD,False,True,34.0,39.2,56.9,76.2,113.4
SAMPLE00003467,51726.83,78027.0,2016,169.4,3500,135,SUV / Crossover,Chevrolet,Silverado,Houston,V6,Gasoline,A,RWD,False,True,36.6,43.9,75.4,73.9,111.6
SAMPLE00003468,61055.19,44240.0,2018,200.2,2500,74,Sedan,Nissan,Altima,Houston,I4,Gasoline,A,FWD,True,True,33.8,39.9,71.8,78.1,106.7
SAMPLE00003469,24335.06,2290.0,2018,110.7,2000,360,SUV / Crossover,BMW,Civic,New York,V6,Hybrid,A,FWD,True,False,39.7,44.9,66.8,75.6,105.9
SAMPLE00003470,16052.97,33019.0,2015,349.4,2500,25,Hatchback,Nissan,Silverado,Phoenix,I4,Diesel,M,FWD,False,True,41.4,43.9,56.9,75.9,102.0
SAMPLE00003471,57850.64,42291.0,2012,354.9,2500,6,SUV / Crossover,Nissan,Silverado,New York,I6,Gasoline,M,FWD,False,False,34.7,44.7,57.9,71.8,108.1
SAMPLE00003472,48533.36,66540.0,2017,289.8,2500,78,Coupe,BMW,Silverado,New York,I4,Diesel,A,FWD,False,True,35.3,42.7,57.3,81.5,115.8
SAMPLE00003473,53480.18,25665.0,2014,205.8,3000,14,Sedan,Toyota,Silverado,Chicago,I4,Diesel,A,AWD,False,True,34.4,42.6,55.3,81.4,105.7
SAMPLE00003474,61098.52,130988.0,2022,123.0,3000,431,Sedan,Honda,3 Series,New York,I6,Hybrid,A,FWD,True,True,34.7,43.9,70.3,73.1,117.6
SAMPLE00003475,59154.6,105737.0,2016,325.9,3000,386,SUV / Crossover,Chevrolet,3 Series,Phoenix,V6,Diesel,M,AWD,True,True,35.8,43.0,66.7,72.9,116.0
SAMPLE00003476,67850.61,12780.0,2015,318.0,2000,399,Coupe,BMW,Altima,New York,I6,Diesel,M,RWD,False,True,35.5,42.2,63.8,72.7,120.0
SAMPLE00003477,44476.43,97514.0,2013,373.8,1500,206,Coupe,Ford,Camry,Houston,I4,Diesel,M,RWD,False,False,36.5,40.5,63.0,70.8,114.5
SAMPLE00003478,41867.26,98048.0,2018,319.2,3500,88,SUV / Crossover,Chevrolet,Silverado,Phoenix,I4,Hybrid,M,FWD,False,False,37.7,39.6,65.6,82.6,101.0
SAMPLE00003479,37103.8,143433.0,2016,348.6,3500,96,Truck,Toyota,F-150,Houston,V6,Gasoline,M,AWD,False,False,39.5,43.5,65.9,72.5,111.9
SAMPLE00003480,23453.01,453.0,2018,323.8,1500,397,Hatchback,Chevrolet,Civic,Chicago,I4,Hybrid,A,FWD,False,True,41.0,40.7,58.2,79.9,106.0
SAMPLE00003481,46493.4,37190.0,2020,289.2,3500,215,SUV / Crossover,BMW,3 Series,Chicago,I4,Hybrid,M,RWD,False,True,37.1,38.4,67.2,69.7,119.0
SAMPLE00003482,30235.69,139169.0,2015,228.1,2500,458,Coupe,Toyota,F-150,Phoenix,V6,Hybrid,M,AWD,False,False,41.2,41.4,56.1,80.5,114.2
SAMPLE00003483,65671.91,139820.0,2016,370.6,2000,258,Hatchback,Nissan,3 Series,Los Angeles,V6,Gasoline,M,RWD,True,True,39.1,42.6,76.6,70.5,115.7
SAMPLE00003484,47075.49,108088.0,2020,295.3,3500,328,SUV / Crossover,Ford,Altima,Los Angeles,V6,Diesel,M,AWD,True,False,39.6,38.2,71.4,70.7,111.2
SAMPLE00003485,47606.21,114864.0,2021,219.5,2000,453,Hatchback,Ford,Camry,Phoenix,V6,Gasoline,A,RWD,False,False,37.7,42.9,55.2,82.1,119.3
SAMPLE00003486,34520.86,13722.0,2022,125.0,1500,286,Truck,BMW,Civic,Phoenix,I4,Diesel,M,FWD,True,True,37.7,39.6,61.6,72.9,103.4
SAMPLE00003487,17859.41,77081.0,2015,187.2,3500,374,Coupe,Toyota,3 Series,Houston,V6,Gasoline,A,FWD,False,True,37.8,39.6,77.6,70.9,107.8
SAMPLE00003488,16745.91,34737.0,2016,263.1,2000,463,Truck,Ford,Civic,Chicago,V6,Hybrid,A,FWD,True,True,37.4,41.9,56.1,77.1,110.0
SAMPLE00003489,38283.43,27183.0,2016,182.7,2500,74,Truck,Toyota,Civic,Phoenix,I4,Hybrid,A,RWD,False,False,37.1,40.4,58.4,69.3,111.1
SAMPLE00003490,19651.1,121545.0,2019,166.4,2500,241,Coupe,Chevrolet,Altima,New York,V6,Diesel,M,RWD,False,True,40.0,41.2,66.0,80.1,115.5
SAMPLE00003491,48376.58,20256.0,2015,258.2,1500,16,Truck,Honda,F-150,Houston,I4,Hybrid,A,RWD,False,True,36.5,41.6,63.1,82.3,114.6
SAMPLE00003492,63453.52,70298.0,2015,150.9,3000,176,SUV / Crossover,Honda,3 Series,Chicago,V6,Hybrid,A,FWD,True,True,34.9,44.4,77.7,72.2,101.1
SAMPLE00003493,63560.31,140787.0,2018,340.1,3500,258,SUV / Crossover,Honda,Civic,Houston,V6,Gasoline,M,RWD,True,True,34.2,39.4,67.4,79.9,114.5
SAMPLE00003494,51247.5,27875.0,2022,245.3,2500,122,Hatchback,Ford,Altima,Chicago,I6,Diesel,A,RWD,True,False,40.9,41.3,76.6,68.9,105.2
SAMPLE00003495,26617.75,146699.0,2016,272.2,2500,466,SUV / Crossover,BMW,Silverado,New York,I4,Gasoline,M,FWD,False,False,40.8,43.5,63.7,76.1,108.3
SAMPLE00003496,62464.83,149143.0,2017,144.2,1500,471,SUV / Crossover,Honda,Civic,Chicago,V6,Gasoline,A,RWD,True,True,35.2,39.4,61.3,84.2,109.0
SAMPLE00003497,63735.14,83343.0,2017,197.4,2500,310,Hatchback,Nissan,Civic,Houston,I6,Hybrid,A,AWD,False,True,34.1,38.6,61.6,77.1,113.9
SAMPLE00003498,25815.95,25521.0,2017,223.0,3500,110,Sedan,BMW,3 Series,Chicago,I6,Gasoline,M,RWD,False,False,41.6,38.1,69.6,75.0,113.6
SAMPLE00003499,55558.43,47416.0,2021,342.5,1500,255,Coupe,Honda,Silverado,Houston,I4,Diesel,M,FWD,False,True,37.3,38.7,68.9,68.1,107.6
SAMPLE00003500,30758.58,63674.0,2016,331.0,2000,233,SUV / Crossover,Chevrolet,Civic,Phoenix,I6,Hybrid,M,AWD,True,False,33.8,39.9,67.7,72.4,116.3
SAMPLE00003501,59145.22,46399.0,2016,166.9,1500,455,Hatchback,Honda,3 Series,New York,I4,Diesel,M,FWD,True,True,34.9,40.9,59.3,75.3,102.4
SAMPLE00003502,69848.08,42095.0,2020,284.9,3500,496,Truck,BMW,3 Series,Houston,I6,Diesel,A,FWD,True,True,39.3,42.2,61.1,74.4,104.7
SAMPLE00003503,16651.43,145834.0,2019,173.0,3500,355,Truck,Ford,Altima,Los Angeles,I4,Diesel,A,FWD,True,False,33.7,39.4,61.6,75.5,108.5
SAMPLE00003504,64355.12,23005.0,2015,396.5,2000,39,SUV / Crossover,Nissan,Civic,Los Angeles,V6,Diesel,A,AWD,True,True,36.9,39.9,74.9,68.4,104.4
SAMPLE00003505,49244.68,109999.0,2018,385.6,1500,121,Coupe,Chevrolet,Camry,Chicago,I4,Gasoline,M,AWD,True,True,36.8,42.9,73.8,77.0,118.6
SAMPLE00003506,68536.04,62.0,2019,269.0,3500,449,Hatchback,BMW,Camry,Phoenix,I6,Hybrid,M,FWD,False,False,39.2,44.4,59.7,72.3,118.6
SAMPLE00003507,40575.52,89427.0,2020,309.7,3500,214,Hatchback,Toyota,F-150,Phoenix,I4,Gasoline,M,RWD,False,True,34.8,38.9,58.4,74.8,103.4
SAMPLE00003508,61606.34,137391.0,2016,340.4,2000,295,Hatchback,Honda,Camry,Los Angeles,V6,Hybrid,A,AWD,True,True,41.9,41.3,57.3,83.1,108.3
SAMPLE00003509,18431.67,43190.0,2014,316.3,3000,285,Hatchback,Chevrolet,Camry,Chicago,V6,Gasoline,A,FWD,False,True,34.4,40.1,56.6,82.1,119.8
SAMPLE00003510,33440.35,27829.0,2015,309.9,1500,280,Hatchback,Ford,3 Series,Phoenix,I6,Hybrid,M,RWD,False,True,38.4,41.7,77.6,74.8,100.4
SAMPLE00003511,18685.91,97752.0,2021,387.6,3500,6,Coupe,Toyota,3 Series,Phoenix,I6,Diesel,A,FWD,False,False,36.0,38.8,73.7,68.9,100.9
SAMPLE00003512,68643.87,106890.0,2017,278.9,2500,91,Hatchback,Honda,Altima,Chicago,I6,Diesel,M,AWD,True,False,34.2,39.9,55.4,83.1,116.9
SAMPLE00003513,59933.56,103205.0,2021,290.9,2000,360,Coupe,Chevrolet,Civic,Houston,V6,Gasoline,M,AWD,True,False,37.8,43.0,55.2,74.8,107.6
SAMPLE00003514,61890.11,47898.0,2022,354.8,3000,433,Coupe,Nissan,Civic,Los Angeles,V6,Gasoline,M,RWD,True,True,34.5,43.7,70.9,76.2,114.6
SAMPLE00003515,66588.09,37830.0,2016,301.0,3000,122,Coupe,BMW,3 Series,Phoenix,I6,Diesel,A,AWD,False,False,39.1,42.4,62.2,69.5,112.4
SAMPLE00003516,19680.69,143388.0,2020,319.9,2000,336,Truck,Honda,Civic,Houston,V6,Gasoline,A,FWD,True,True,33.3,44.6,57.3,79.8,113.9
SAMPLE00003517,36207.87,138495.0,2022,170.3,3000,95,Sedan,Chevrolet,3 Series,Houston,V6,Gasoline,A,FWD,False,True,37.6,42.6,65.7,80.1,103.9
SAMPLE00003518,18906.92,68597.0,2022,211.4,3500,0,SUV / Crossover,Honda,Camry,Houston,I6,Hybrid,M,RWD,True,False,35.0,43.2,55.4,74.9,110.9
SAMPLE00003519,26593.62,126929.0,2014,144.2,3000,90,Truck,Nissan,Civic,Houston,V6,Hybrid,A,RWD,False,False,41.5,40.5,64.8,83.1,112.9
SAMPLE00003520,27615.12,67849.0,2013,251.7,1500,427,Sedan,Chevrolet,Camry,New York,I6,Hybrid,A,RWD,True,True,39.4,39.2,60.5,68.8,111.0
SAMPLE00003521,40800.9,63658.0,2017,236.7,2500,483,Truck,BMW,F-150,New York,V6,Gasoline,M,RWD,False,True,39.8,42.6,61.1,73.2,118.9
SAMPLE00003522,29770.92,23514.0,2018,399.1,3500,432,Coupe,Honda,Altima,Chicago,I4,Diesel,A,FWD,False,False,39.3,44.4,61.6,71.5,100.3
SAMPLE00003523,20553.8,63961.0,2016,283.4,2000,6,Coupe,Chevrolet,Altima,Los Angeles,I4,Diesel,A,FWD,False,False,39.0,44.9,62.1,79.9,104.3
SAMPLE00003524,24212.01,80613.0,2012,335.9,2500,119,Hatchback,Toyota,Civic,Chicago,V6,Diesel,M,FWD,True,False,34.2,41.2,55.5,71.5,101.5
SAMPLE00003525,23100.16,3376.0,2014,200.2,3500,386,Coupe,Ford,3 Series,New York,V6,Diesel,A,FWD,True,False,42.0,41.8,68.1,79.9,119.3
SAMPLE00003526,68519.22,66617.0,2014,349.5,2500,349,Truck,Nissan,Altima,Chicago,I4,Hybrid,A,RWD,False,True,38.9,40.2,67.6,81.5,104.7
SAMPLE00003527,56761.09,117203.0,2015,284.5,3000,128,SUV / Crossover,Chevrolet,3 Series,Chicago,I6,Hybrid,M,AWD,True,False,41.1,42.7,70.0,81.3,114.8
SAMPLE00003528,68226.88,102007.0,2021,309.1,2000,178,Coupe,Chevrolet,Altima,Houston,I6,Gasoline,A,FWD,True,False,37.5,43.4,58.7,68.5,102.9
SAMPLE00003529,39185.73,95274.0,2017,188.3,2000,97,Sedan,Chevrolet,F-150,Phoenix,I4,Diesel,A,AWD,True,True,35.6,38.3,77.9,83.8,101.0
SAMPLE00003530,30310.27,136433.0,2016,264.6,1500,421,Truck,Honda,3 Series,New York,I6,Gasoline,M,RWD,True,True,36.9,43.9,58.1,80.1,103.8
SAMPLE00003531,58906.13,2705.0,2012,290.2,3000,42,Sedan,Nissan,Camry,New York,I6,Diesel,A,RWD,False,False,36.6,41.6,73.7,81.8,105.5
SAMPLE00003532,32943.97,83557.0,2017,276.7,1500,182,Hatchback,Ford,3 Series,Chicago,I4,Diesel,A,AWD,False,True,33.1,42.1,60.1,79.0,109.2
SAMPLE00003533,31466.09,118102.0,2020,374.6,1500,184,Hatchback,Nissan,F-150,Phoenix,I4,Gasoline,A,RWD,False,False,39.1,39.4,65.1,77.0,100.4
SAMPLE00003534,27787.83,81200.0,2022,369.5,3000,52,SUV / Crossover,Honda,Silverado,Chicago,V6,Hybrid,A,AWD,False,False,39.6,38.1,62.5,79.0,112.3
SAMPLE00003535,22132.34,48584.0,2012,391.3,3500,227,Truck,Chevrolet,Silverado,Los Angeles,I4,Gasoline,A,FWD,False,True,33.4,44.7,62.1,74.1,113.1
SAMPLE00003536,29105.47,20438.0,2019,300.2,1500,160,SUV / Crossover,Nissan,Camry,New York,I4,Gasoline,A,RWD,False,False,35.2,44.5,66.2,75.8,105.8
SAMPLE00003537,34542.59,133134.0,2019,391.6,2500,234,Sedan,Chevrolet,Silverado,Houston,I6,Diesel,M,RWD,False,False,39.0,43.4,60.5,80.1,105.3
SAMPLE00003538,52069.68,70614.0,2014,349.7,3500,463,SUV / Crossover,Ford,3 Series,Houston,I6,Hybrid,M,AWD,True,False,35.9,41.3,67.6,79.3,103.8
SAMPLE00003539,18441.07,131717.0,2020,181.2,3000,445,Sedan,Toyota,F-150,Houston,V6,Gasoline,A,AWD,False,False,41.4,40.2,60.8,78.1,104.3
SAMPLE00003540,26577.88,87878.0,2022,228.2,2000,357,SUV / Crossover,Honda,Altima,New York,I6,Hybrid,A,AWD,False,True,34.0,39.1,77.4,68.8,113.0
SAMPLE00003541,59496.3,101129.0,2022,171.5,3500,394,Hatchback,Toyota,Camry,New York,I6,Hybrid,A,AWD,False,True,41.4,38.6,60.5,72.9,112.1
SAMPLE00003542,23080.71,120639.0,2019,101.3,1500,199,Truck,Nissan,Silverado,Houston,I6,Hybrid,M,AWD,True,True,41.2,41.2,72.6,78.3,118.3
SAMPLE00003543,33845.48,98873.0,2014,156.4,2500,435,SUV / Crossover,Chevrolet,3 Series,New York,I4,Hybrid,A,RWD,True,False,41.6,43.5,65.8,75.9,116.5
SAMPLE00003544,62556.24,59708.0,2021,101.2,3000,0,Sedan,Chevrolet,Altima,Houston,I6,Diesel,M,AWD,False,True,33.7,43.1,55.9,73.7,111.5
SAMPLE00003545,23520.89,77045.0,2016,316.0,2000,13,Truck,BMW,Altima,Los Angeles,I4,Diesel,A,FWD,False,False,35.5,43.3,58.5,80.2,103.3
SAMPLE00003546,19550.53,120457.0,2014,227.7,2500,477,Hatchback,BMW,3 Series,Los Angeles,I6,Diesel,M,AWD,True,True,35.3,38.8,76.4,74.6,106.5
SAMPLE00003547,41649.59,56048.0,2016,193.8,2000,212,Hatchback,Toyota,Civic,Los Angeles,I4,Diesel,A,RWD,True,False,41.0,44.0,73.9,83.4,109.5
SAMPLE00003548,31633.07,58218.0,2020,328.5,3000,377,Coupe,BMW,Civic,Chicago,I6,Diesel,M,FWD,False,False,40.3,43.6,58.3,77.0,108.4
SAMPLE00003549,45987.46,14354.0,2015,349.7,3500,276,Truck,Nissan,F-150,Chicago,V6,Gasoline,A,RWD,False,True,34.4,38.7,56.2,76.2,101.3
SAMPLE00003550,59209.27,137188.0,2017,392.6,1500,33,SUV / Crossover,Ford,Camry,Phoenix,V6,Hybrid,M,AWD,False,False,34.3,40.5,58.5,73.7,107.2
SAMPLE00003551,22543.17,13655.0,2014,292.6,3000,485,Hatchback,Nissan,Silverado,Phoenix,V6,Diesel,A,RWD,False,True,37.3,40.6,68.4,70.3,103.8
SAMPLE00003552,46938.45,97231.0,2014,238.5,2500,473,SUV / Crossover,Toyota,Silverado,Phoenix,I6,Hybrid,A,RWD,False,False,34.6,43.1,69.6,68.2,111.5
SAMPLE00003553,42802.98,61979.0,2016,191.6,3500,360,SUV / Crossover,Nissan,3 Series,Los Angeles,V6,Diesel,A,AWD,False,True,37.3,44.0,63.7,79.5,118.6
SAMPLE00003554,22924.33,60843.0,2019,166.7,2000,269,Sedan,BMW,Silverado,Los Angeles,I4,Diesel,A,RWD,False,True,40.6,40.6,61.5,69.1,102.8
SAMPLE00003555,49319.92,101933.0,2019,163.9,3500,167,SUV / Crossover,BMW,F-150,Los Angeles,V6,Gasoline,M,RWD,True,True,37.5,38.9,59.8,73.5,117.2
SAMPLE00003556,30050.22,10064.0,2014,222.8,3500,377,Coupe,Ford,Civic,New York,V6,Hybrid,A,RWD,False,True,39.5,38.6,65.1,82.9,105.2
SAMPLE00003557,41830.89,89056.0,2019,397.5,2500,418,Truck,Nissan,3 Series,New York,V6,Diesel,M,FWD,True,False,35.3,42.5,55.5,76.1,113.8
SAMPLE00003558,19524.98,115805.0,2022,100.3,1500,169,Truck,Ford,Camry,Los Angeles,V6,Diesel,M,RWD,True,False,35.4,41.5,55.2,83.0,112.1
SAMPLE00003559,40277.12,124232.0,2019,159.2,3500,81,Sedan,Toyota,3 Series,Houston,I4,Gasoline,M,AWD,True,False,38.3,44.3,73.3,69.0,104.4
SAMPLE00003560,31855.49,25580.0,2014,156.5,3500,403,Coupe,Honda,Silverado,Phoenix,V6,Hybrid,A,AWD,False,True,40.7,44.7,67.2,82.3,107.4
SAMPLE00003561,60230.97,134613.0,2021,315.1,1500,315,Coupe,Nissan,F-150,Chicago,I6,Hybrid,A,RWD,True,True,37.8,44.3,73.0,83.8,110.9
SAMPLE00003562,18133.83,98422.0,2021,205.7,1500,136,Truck,Nissan,Camry,Phoenix,V6,Diesel,M,AWD,True,False,34.8,38.5,57.6,83.5,118.2
SAMPLE00003563,38023.4,132278.0,2013,237.2,2000,232,Coupe,Ford,3 Series,Houston,I6,Gasoline,A,FWD,False,True,35.0,40.0,73.8,73.7,103.7
SAMPLE00003564,40213.73,72792.0,2021,144.6,2000,114,Hatchback,BMW,Silverado,New York,I6,Gasoline,M,AWD,False,False,38.6,39.7,76.2,69.6,106.9
SAMPLE00003565,54875.33,81305.0,2013,221.5,1500,251,SUV / Crossover,Toyota,3 Series,Los Angeles,V6,Diesel,M,AWD,False,True,33.9,38.5,67.3,83.6,119.9
SAMPLE00003566,46585.82,137856.0,2020,131.0,3000,492,SUV / Crossover,Honda,Camry,New York,V6,Hybrid,M,RWD,False,True,33.6,44.4,57.4,70.7,115.8
SAMPLE00003567,51696.68,134986.0,2018,259.9,1500,288,Truck,Nissan,Silverado,New York,I6,Diesel,M,FWD,False,True,33.9,44.3,57.8,77.3,107.7
SAMPLE00003568,57737.71,67224.0,2017,129.4,2000,48,Truck,Toyota,Civic,Houston,I4,Hybrid,M,FWD,False,False,36.5,40.7,59.5,74.9,102.8
SAMPLE00003569,62421.16,41162.0,2018,337.2,2500,451,Coupe,BMW,Altima,New York,I4,Gasoline,A,AWD,False,True,36.2,44.7,59.3,84.3,110.0
SAMPLE00003570,32263.15,58976.0,2019,270.0,2500,3,Sedan,Honda,Camry,New York,V6,Diesel,M,AWD,False,False,33.0,41.9,76.7,75.1,111.7
SAMPLE00003571,44591.25,58165.0,2012,317.2,3500,378,Truck,Honda,Civic,Phoenix,I4,Diesel,A,RWD,False,True,34.5,41.0,73.4,74.3,105.2
SAMPLE00003572,61205.94,43030.0,2019,225.6,2500,175,Truck,Ford,Civic,Phoenix,I4,Diesel,M,RWD,False,False,36.1,41.8,62.3,78.0,114.2
SAMPLE00003573,69419.81,40287.0,2014,214.4,2000,271,Truck,Chevrolet,Silverado,Houston,V6,Hybrid,A,FWD,True,False,36.9,41.0,73.8,77.0,110.8
SAMPLE00003574,63923.56,129159.0,2014,129.5,2500,430,Coupe,BMW,3 Series,Los Angeles,I6,Hybrid,M,RWD,False,False,36.6,40.0,72.8,75.7,107.3
SAMPLE00003575,35430.7,10479.0,2017,257.2,3000,25,Hatchback,Chevrolet,3 Series,Phoenix,I6,Gasoline,A,FWD,True,True,35.9,39.3,63.2,76.5,105.8
SAMPLE00003576,25734.16,101642.0,2015,254.4,1500,69,Truck,BMW,F-150,New York,I4,Hybrid,A,FWD,True,False,40.3,41.2,55.7,69.7,105.7
SAMPLE00003577,41916.59,25923.0,2015,240.4,1500,292,Hatchback,Toyota,Camry,Chicago,I6,Hybrid,A,AWD,False,False,36.7,41.7,55.2,83.9,115.8
SAMPLE00003578,55790.28,51676.0,2015,322.2,2000,405,Coupe,Chevrolet,Camry,Phoenix,V6,Diesel,M,FWD,False,False,38.8,43.8,62.5,72.3,110.0
SAMPLE00003579,42091.3,9231.0,2021,349.8,3500,233,Sedan,Nissan,Silverado,Chicago,I4,Gasoline,M,FWD,False,False,40.5,41.3,56.0,77.7,105.7
SAMPLE00003580,41574.95,40496.0,2020,325.2,1500,230,SUV / Crossover,Nissan,Silverado,Los Angeles,I6,Gasoline,M,FWD,False,False,40.7,43.8,57.8,68.6,115.8
SAMPLE00003581,61102.67,115263.0,2019,143.2,2500,262,SUV / Crossover,Nissan,F-150,New York,I4,Diesel,A,FWD,True,False,40.7,44.7,60.9,73.0,100.4
SAMPLE00003582,34877.21,132752.0,2014,286.6,3000,425,SUV / Crossover,Honda,F-150,Phoenix,I6,Hybrid,A,AWD,False,False,37.5,43.1,59.1,79.7,119.9
SAMPLE00003583,62288.71,33229.0,2012,124.1,3500,285,SUV / Crossover,Ford,Civic,Los Angeles,I4,Hybrid,A,RWD,True,True,39.0,38.8,58.3,75.8,117.8
SAMPLE00003584,37374.26,69532.0,2012,308.4,3500,73,Coupe,BMW,Altima,Houston,I6,Diesel,M,RWD,True,False,35.8,41.2,61.0,80.4,114.9
SAMPLE00003585,33052.82,70549.0,2012,214.6,3500,120,SUV / Crossover,Ford,F-150,Los Angeles,I6,Diesel,M,FWD,False,True,40.8,44.0,71.9,70.6,105.3
SAMPLE00003586,39969.45,131036.0,2015,139.7,1500,462,Coupe,BMW,3 Series,Houston,V6,Hybrid,M,RWD,False,False,34.9,41.4,65.2,84.8,117.8
SAMPLE00003587,56934.58,114420.0,2017,358.6,3500,5,Sedan,Nissan,Civic,Houston,V6,Gasoline,M,RWD,True,False,40.1,43.7,70.3,75.6,116.3
SAMPLE00003588,21930.11,76962.0,2015,284.2,2000,23,Truck,Honda,Altima,Phoenix,V6,Diesel,M,FWD,False,False,37.2,43.4,76.4,77.2,116.0
SAMPLE00003589,25803.06,100612.0,2022,206.4,2500,193,Truck,Honda,F-150,Chicago,I4,Hybrid,M,FWD,False,False,35.7,39.1,55.0,72.4,103.5
SAMPLE00003590,67329.47,127103.0,2022,109.2,3000,167,Truck,Honda,Altima,Houston,I4,Diesel,M,RWD,False,False,36.4,40.3,76.9,73.8,112.3
SAMPLE00003591,24652.04,1431.0,2014,261.2,2500,376,Coupe,Honda,3 Series,New York,I4,Gasoline,M,AWD,False,False,38.3,43.3,61.4,79.1,118.0
SAMPLE00003592,46225.0,60434.0,2019,377.0,2000,499,Coupe,Honda,3 Series,Phoenix,I6,Gasoline,M,RWD,False,True,41.4,39.1,61.6,73.8,110.1
SAMPLE00003593,46862.3,136086.0,2019,278.9,2000,398,Coupe,Nissan,Civic,Houston,I6,Hybrid,A,FWD,False,True,33.9,41.0,69.5,80.2,111.0
SAMPLE00003594,41929.35,111047.0,2017,391.5,2500,436,Sedan,Ford,Civic,Phoenix,I6,Gasoline,A,RWD,False,True,41.3,39.0,63.3,72.9,108.2
SAMPLE00003595,50460.99,81426.0,2020,140.9,1500,340,Hatchback,Toyota,3 Series,New York,I4,Diesel,M,RWD,True,False,40.3,39.6,56.9,81.0,113.4
SAMPLE00003596,27640.47,79447.0,2021,270.5,2000,209,Coupe,Chevrolet,Silverado,Phoenix,V6,Gasoline,M,AWD,False,False,38.3,40.0,71.4,79.5,117.2
SAMPLE00003597,45396.42,52166.0,2012,339.4,3500,132,Coupe,Ford,Civic,Phoenix,I4,Hybrid,A,RWD,True,False,34.2,41.7,59.2,71.6,110.2
SAMPLE00003598,35469.53,78078.0,2019,257.7,3000,344,Truck,Nissan,Camry,Houston,I4,Diesel,M,RWD,True,True,40.3,44.4,76.4,68.9,119.4
SAMPLE00003599,51391.7,98307.0,2017,127.3,3000,291,SUV / Crossover,Chevrolet,Silverado,Los Angeles,V6,Gasoline,A,FWD,False,True,39.2,40.7,77.7,83.8,108.1
SAMPLE00003600,22767.29,62754.0,2012,274.9,2000,457,SUV / Crossover,Toyota,Camry,Phoenix,V6,Gasoline,A,AWD,False,False,37.5,43.9,59.2,72.0,102.4
SAMPLE00003601,46398.26,107123.0,2015,283.5,3500,498,Sedan,BMW,Altima,Houston,I4,Gasoline,A,RWD,False,False,41.0,42.9,72.3,77.8,100.3
SAMPLE00003602,25189.87,129185.0,2016,318.6,2500,173,SUV / Crossover,Toyota,Altima,New York,I6,Hybrid,A,RWD,True,False,39.0,43.5,77.8,73.1,111.6
SAMPLE00003603,30325.37,23203.0,2018,328.4,3000,150,Hatchback,Toyota,Altima,New York,I6,Hybrid,M,FWD,True,True,35.6,43.3,77.0,79.2,116.3
SAMPLE00003604,27029.04,67732.0,2019,331.2,3500,87,Truck,Nissan,F-150,Los Angeles,V6,Gasoline,M,FWD,False,True,33.4,40.1,68.0,79.9,117.0
SAMPLE00003605,25056.08,61203.0,2020,299.0,3500,300,Sedan,BMW,Civic,New York,I4,Diesel,M,AWD,False,True,39.8,39.7,62.2,69.3,119.3
SAMPLE00003606,60414.1,103120.0,2017,164.7,1500,265,SUV / Crossover,Chevrolet,Civic,Houston,I6,Gasoline,M,AWD,False,False,35.3,44.8,55.3,68.9,110.5
SAMPLE00003607,30713.92,37480.0,2021,221.3,2000,309,SUV / Crossover,Honda,3 Series,Los Angeles,I6,Diesel,M,AWD,False,False,35.5,43.2,75.7,84.8,104.2
SAMPLE00003608,65991.81,96038.0,2020,332.8,3500,69,Truck,BMW,Civic,Houston,V6,Diesel,M,FWD,True,False,37.0,40.6,55.8,81.1,113.6
SAMPLE00003609,68345.96,131623.0,2015,386.0,2500,204,Sedan,BMW,Altima,Los Angeles,I4,Hybrid,M,FWD,True,True,39.7,41.9,68.3,72.4,117.9
SAMPLE00003610,46419.33,62720.0,2019,123.7,3000,340,Truck,Toyota,Camry,Los Angeles,V6,Gasoline,A,FWD,True,True,41.3,43.4,59.3,76.4,103.7
SAMPLE00003611,22865.06,136652.0,2014,260.7,1500,31,Sedan,BMW,Silverado,Houston,I4,Hybrid,A,FWD,True,False,34.9,38.4,60.6,84.3,107.0
SAMPLE00003612,35600.15,148975.0,2015,193.8,2500,42,SUV / Crossover,Ford,F-150,Los Angeles,I4,Gasoline,A,AWD,True,True,40.9,38.7,55.5,77.2,115.7
SAMPLE00003613,58875.27,15914.0,2021,167.6,3000,117,Truck,Honda,Silverado,Houston,I4,Diesel,M,AWD,False,True,38.4,38.2,55.8,75.1,104.7
SAMPLE00003614,35206.49,34958.0,2015,251.7,2000,376,Truck,Toyota,Camry,New York,I4,Hybrid,A,AWD,True,True,40.7,39.1,63.1,68.6,118.0
SAMPLE00003615,19785.95,142557.0,2017,281.8,2500,14,Hatchback,Chevrolet,F-150,New York,I4,Hybrid,M,FWD,False,True,40.6,38.8,75.2,77.9,116.8
SAMPLE00003616,45623.17,143749.0,2020,102.9,3000,321,Truck,Chevrolet,3 Series,Phoenix,I4,Hybrid,M,FWD,True,False,36.5,41.2,68.0,83.0,110.1
SAMPLE00003617,61481.65,14656.0,2017,334.1,1500,398,Sedan,Chevrolet,Civic,Chicago,I6,Diesel,M,FWD,True,True,39.1,40.0,67.4,77.2,120.0
SAMPLE00003618,58775.95,2250.0,2012,346.0,3000,114,Hatchback,Chevrolet,Civic,Chicago,I6,Hybrid,A,FWD,False,False,41.5,38.3,69.3,81.3,105.9
SAMPLE00003619,24631.77,24165.0,2016,389.7,3500,336,Truck,Chevrolet,3 Series,New York,I6,Gasoline,A,RWD,True,False,39.1,41.1,67.3,83.1,118.6
SAMPLE00003620,52002.05,149402.0,2020,154.2,1500,19,Truck,Toyota,Camry,Phoenix,I6,Gasoline,M,AWD,False,True,37.1,42.1,62.0,74.9,105.8
SAMPLE00003621,27127.73,27000.0,2016,278.4,2500,177,Hatchback,Ford,3 Series,Chicago,I4,Diesel,A,AWD,False,True,36.3,40.6,75.2,75.0,113.9
SAMPLE00003622,27001.41,75382.0,2017,228.0,2000,261,SUV / Crossover,Ford,Altima,Houston,I6,Hybrid,A,RWD,False,True,34.3,39.8,65.9,83.7,115.1
SAMPLE00003623,63073.95,127263.0,2014,200.4,1500,78,Truck,Chevrolet,Camry,Houston,I4,Gasoline,A,AWD,False,True,42.0,40.7,72.3,73.8,113.0
SAMPLE00003624,28731.79,3060.0,2019,269.7,1500,380,Coupe,Ford,F-150,Los Angeles,V6,Hybrid,A,FWD,True,True,38.9,41.6,76.0,79.2,110.7
SAMPLE00003625,29478.6,90673.0,2021,334.7,1500,400,SUV / Crossover,Honda,Silverado,Chicago,V6,Gasoline,M,AWD,True,False,35.5,41.1,55.1,78.5,113.1
SAMPLE00003626,15035.94,41554.0,2022,106.9,3000,119,Truck,Ford,Silverado,Houston,I6,Diesel,M,FWD,False,True,33.7,38.7,66.0,76.2,100.5
SAMPLE00003627,62886.8,129350.0,2015,390.8,3500,25,SUV / Crossover,BMW,3 Series,Chicago,I4,Gasoline,A,FWD,False,False,39.8,41.2,68.9,78.9,117.6
SAMPLE00003628,58592.71,42519.0,2015,343.0,2000,21,Sedan,Chevrolet,Civic,Los Angeles,I6,Gasoline,M,FWD,True,False,40.7,43.0,66.6,80.0,110.7
SAMPLE00003629,49503.09,103013.0,2022,325.3,2000,200,SUV / Crossover,BMW,3 Series,New York,I4,Gasoline,M,RWD,True,True,36.9,43.7,75.8,83.7,109.7
SAMPLE00003630,56264.62,101133.0,2016,328.1,3500,63,Hatchback,BMW,Civic,Phoenix,I6,Diesel,M,AWD,False,False,41.6,41.1,76.6,81.6,111.5
SAMPLE00003631,23362.67,33224.0,2021,216.7,3000,459,Truck,Chevrolet,3 Series,Los Angeles,V6,Gasoline,M,FWD,False,True,36.0,45.0,58.1,74.1,111.4
SAMPLE00003632,40207.8,5220.0,2020,325.5,3000,213,SUV / Crossover,Nissan,3 Series,Los Angeles,V6,Diesel,M,AWD,False,False,39.8,43.9,62.0,75.3,114.6
SAMPLE00003633,34317.07,61387.0,2019,216.0,3500,313,Coupe,Toyota,Silverado,Los Angeles,I6,Diesel,M,RWD,False,False,35.4,39.5,61.1,83.4,101.7
SAMPLE00003634,20157.71,43379.0,2018,369.6,3500,470,Sedan,Nissan,Altima,Phoenix,I6,Gasoline,A,AWD,True,True,36.0,41.2,66.4,72.6,118.8
SAMPLE00003635,41737.18,121347.0,2016,153.2,2500,292,Sedan,Ford,Civic,Houston,I4,Hybrid,M,AWD,False,True,38.4,40.1,63.8,73.5,118.8
SAMPLE00003636,65640.68,120055.0,2020,187.7,3000,77,SUV / Crossover,Nissan,Altima,Chicago,V6,Gasoline,M,AWD,True,False,33.3,41.9,63.3,79.7,100.3
SAMPLE00003637,17203.25,68554.0,2020,265.4,1500,215,Hatchback,Honda,Altima,New York,I6,Diesel,A,AWD,False,False,34.9,39.6,67.3,69.9,110.5
SAMPLE00003638,31030.35,90977.0,2021,195.8,2000,455,Sedan,Nissan,Altima,New York,I4,Hybrid,A,RWD,False,True,34.6,38.2,66.3,81.4,114.7
SAMPLE00003639,26414.75,90639.0,2021,227.3,3000,473,SUV / Crossover,Nissan,Silverado,Phoenix,V6,Gasoline,A,AWD,True,True,36.0,44.3,65.7,84.1,105.6
SAMPLE00003640,28098.07,124074.0,2013,247.7,3500,223,SUV / Crossover,Toyota,Altima,New York,I4,Gasoline,M,FWD,True,True,40.0,41.6,57.6,78.9,112.8
SAMPLE00003641,64963.9,63750.0,2015,356.9,1500,376,Sedan,Honda,Civic,Phoenix,V6,Gasoline,A,RWD,True,False,41.2,44.4,67.4,69.2,113.1
SAMPLE00003642,40743.8,41317.0,2019,257.0,2500,27,SUV / Crossover,Nissan,F-150,Phoenix,V6,Gasoline,M,AWD,True,True,33.1,38.8,56.4,72.1,104.3
SAMPLE00003643,40646.47,39755.0,2012,208.7,2500,479,SUV / Crossover,Chevrolet,Altima,Chicago,I4,Gasoline,M,AWD,False,False,35.3,39.1,69.2,69.7,104.2
SAMPLE00003644,56831.66,80429.0,2016,174.3,1500,469,Coupe,Ford,Altima,Chicago,I4,Hybrid,M,FWD,False,True,33.2,39.6,69.3,73.3,115.0
SAMPLE00003645,23497.07,67372.0,2019,222.6,1500,304,SUV / Crossover,Nissan,F-150,Phoenix,V6,Gasoline,A,RWD,False,True,40.8,41.2,61.0,84.0,114.2
SAMPLE00003646,41799.59,66018.0,2013,254.7,3500,200,SUV / Crossover,Toyota,Altima,Chicago,V6,Diesel,M,RWD,False,False,34.8,44.2,58.1,74.1,117.3
SAMPLE00003647,38649.19,13671.0,2013,323.8,3500,66,Hatchback,Chevrolet,F-150,Houston,I4,Diesel,A,FWD,True,False,39.9,42.6,73.4,71.1,117.7
SAMPLE00003648,47830.09,107791.0,2019,136.3,2000,472,Sedan,Toyota,Camry,Los Angeles,I6,Hybrid,M,AWD,False,True,33.3,38.4,72.7,79.2,103.2
SAMPLE00003649,69975.67,32061.0,2021,166.5,2000,358,Hatchback,BMW,Silverado,New York,I4,Diesel,M,AWD,True,False,36.6,40.9,76.8,83.3,116.1
SAMPLE00003650,57319.69,29543.0,2020,213.9,2500,125,Truck,Nissan,Silverado,New York,I6,Hybrid,A,RWD,False,True,36.2,43.1,65.3,68.6,113.3
SAMPLE00003651,36882.61,61914.0,2018,208.1,1500,459,Hatchback,Ford,F-150,New York,I4,Diesel,M,RWD,False,False,36.0,40.3,62.3,79.4,112.9
SAMPLE00003652,60515.42,34167.0,2019,217.5,2500,348,Truck,Ford,3 Series,New York,I6,Hybrid,M,AWD,True,False,38.1,41.4,62.0,72.9,105.4
SAMPLE00003653,24388.96,87579.0,2016,338.1,3500,194,Truck,Chevrolet,Silverado,Houston,I6,Gasoline,M,FWD,False,False,36.5,43.0,59.1,74.4,116.6
SAMPLE00003654,16675.5,55720.0,2012,197.2,3000,424,Hatchback,Chevrolet,Civic,Houston,V6,Diesel,M,FWD,False,True,36.6,44.8,63.0,72.0,119.8
SAMPLE00003655,26244.66,67337.0,2015,250.6,3500,173,Coupe,Chevrolet,Silverado,Los Angeles,I4,Diesel,A,AWD,True,True,34.7,40.3,57.9,83.4,103.3
SAMPLE00003656,33722.64,80575.0,2013,287.2,3000,86,Hatchback,Ford,Silverado,Phoenix,I4,Hybrid,M,FWD,True,True,36.7,43.2,75.1,83.1,114.8
SAMPLE00003657,43081.94,30530.0,2014,169.7,1500,342,Sedan,Nissan,Civic,Chicago,I4,Hybrid,A,RWD,True,True,39.7,43.2,63.0,78.3,107.6
SAMPLE00003658,48832.1,23363.0,2014,315.6,1500,310,Hatchback,BMW,F-150,Los Angeles,I6,Hybrid,M,AWD,False,False,35.9,41.8,67.6,68.3,103.8
SAMPLE00003659,65083.31,132063.0,2020,264.1,1500,465,Coupe,Ford,F-150,New York,I6,Diesel,M,FWD,True,False,40.7,43.7,56.5,84.1,102.8
SAMPLE00003660,43041.97,65059.0,2021,234.0,2000,394,Hatchback,Chevrolet,Civic,Chicago,V6,Hybrid,A,FWD,True,True,34.5,41.8,61.5,75.9,104.2
SAMPLE00003661,42570.16,61814.0,2015,342.9,2000,483,Coupe,Honda,Silverado,Los Angeles,I6,Gasoline,A,RWD,False,False,40.6,42.4,60.1,76.3,117.0
SAMPLE00003662,17763.37,5342.0,2013,173.0,3000,153,Sedan,Nissan,Altima,New York,I4,Hybrid,M,RWD,True,True,38.5,43.9,75.4,81.1,111.0
SAMPLE00003663,16920.14,74696.0,2014,365.0,2500,455,SUV / Crossover,BMW,Silverado,Los Angeles,I6,Gasoline,A,AWD,False,False,36.8,41.3,59.1,78.4,117.8
SAMPLE00003664,45313.8,83125.0,2014,268.3,2500,475,Coupe,Ford,F-150,New York,I6,Gasoline,A,RWD,True,True,33.3,41.3,73.3,70.1,118.2
SAMPLE00003665,39099.82,83826.0,2018,282.8,3000,209,Coupe,Honda,Altima,New York,V6,Hybrid,M,RWD,False,False,34.1,42.1,61.5,69.8,103.0
SAMPLE00003666,61154.92,106055.0,2019,362.5,2000,12,Coupe,Nissan,Camry,Houston,I6,Gasoline,M,AWD,True,True,36.7,43.6,59.9,72.3,112.6
SAMPLE00003667,23837.38,26622.0,2022,345.3,3500,163,Sedan,BMW,F-150,New York,I4,Gasoline,A,FWD,True,False,40.9,38.9,55.2,69.2,101.0
SAMPLE00003668,16373.44,37833.0,2017,280.5,3000,489,Truck,Ford,Civic,Los Angeles,I4,Gasoline,A,RWD,True,False,41.6,43.4,61.7,82.2,105.5
SAMPLE00003669,39697.13,121610.0,2015,326.0,2500,487,Coupe,Nissan,Altima,Chicago,I4,Hybrid,A,AWD,True,True,41.4,40.1,56.6,68.7,103.5
SAMPLE00003670,28061.32,142076.0,2017,230.0,3000,254,Sedan,Nissan,Camry,Houston,I4,Hybrid,A,RWD,False,True,35.5,38.5,63.3,84.1,116.8
SAMPLE00003671,17728.79,20390.0,2022,264.2,3000,383,SUV / Crossover,Chevrolet,Camry,Chicago,V6,Gasoline,M,RWD,True,False,35.3,43.5,56.2,69.9,107.3
SAMPLE00003672,54852.91,74647.0,2012,118.6,1500,491,Coupe,Ford,Civic,Phoenix,V6,Diesel,M,FWD,False,False,39.7,39.0,56.5,82.6,119.9
SAMPLE00003673,21137.61,32126.0,2021,127.0,2000,63,Truck,Nissan,Altima,Chicago,I4,Gasoline,M,RWD,False,True,41.5,39.5,63.2,72.0,102.8
SAMPLE00003674,48457.57,9011.0,2019,348.8,1500,306,Sedan,BMW,3 Series,Phoenix,I4,Hybrid,M,RWD,False,True,34.2,42.9,65.3,79.2,104.6
SAMPLE00003675,30457.74,48826.0,2012,117.9,2000,75,SUV / Crossover,Chevrolet,F-150,Phoenix,I6,Gasoline,M,RWD,True,False,36.4,42.0,62.6,73.8,112.9
SAMPLE00003676,24542.28,21553.0,2016,150.8,3000,21,Truck,Nissan,Silverado,Houston,I6,Gasoline,M,FWD,True,True,40.5,44.4,55.5,69.1,119.4
SAMPLE00003677,35886.33,106490.0,2013,338.7,2000,59,SUV / Crossover,Toyota,Altima,Chicago,I6,Hybrid,A,RWD,True,True,37.4,44.7,59.1,80.4,114.7
SAMPLE00003678,59079.52,80059.0,2017,100.3,2500,385,Truck,Honda,F-150,New York,I6,Hybrid,A,AWD,True,False,40.6,40.2,76.6,81.7,102.5
SAMPLE00003679,36565.15,21575.0,2020,184.7,1500,55,Hatchback,Nissan,Civic,Houston,I6,Diesel,M,AWD,False,True,34.1,40.3,68.1,73.1,108.3
SAMPLE00003680,56292.33,1386.0,2016,275.2,3000,167,Hatchback,Chevrolet,Silverado,Houston,I4,Gasoline,M,FWD,False,False,40.0,39.5,74.6,81.3,119.9
SAMPLE00003681,21901.75,121224.0,2015,278.6,2500,411,Hatchback,Chevrolet,3 Series,New York,I6,Gasoline,M,FWD,False,True,36.5,41.6,56.2,75.8,101.4
SAMPLE00003682,57502.43,26429.0,2013,333.1,2000,204,SUV / Crossover,BMW,Civic,Chicago,I6,Gasoline,A,FWD,True,True,39.2,40.6,55.2,80.4,105.7
SAMPLE00003683,28031.33,90932.0,2014,251.8,2000,352,Hatchback,Nissan,F-150,Houston,I6,Diesel,A,RWD,False,True,35.6,38.1,73.0,79.0,102.5
SAMPLE00003684,52256.62,50538.0,2017,252.8,2500,258,Sedan,Nissan,Camry,Phoenix,V6,Diesel,A,FWD,False,False,39.2,40.8,63.8,83.8,116.4
SAMPLE00003685,46117.99,87823.0,2019,317.6,2000,190,Sedan,BMW,Civic,New York,V6,Gasoline,A,AWD,False,True,39.3,38.4,63.5,73.6,116.7
SAMPLE00003686,66102.96,47348.0,2019,249.6,1500,481,Hatchback,Honda,Civic,Los Angeles,V6,Hybrid,A,AWD,False,False,36.8,43.6,60.5,69.9,106.9
SAMPLE00003687,36302.74,13041.0,2016,282.5,3500,406,Truck,BMW,F-150,Houston,I4,Gasoline,M,RWD,False,False,41.7,44.5,58.7,81.4,106.7
SAMPLE00003688,18639.09,33443.0,2016,369.3,2000,54,Truck,Chevrolet,3 Series,Phoenix,V6,Gasoline,M,RWD,True,False,33.0,40.1,74.1,81.8,116.3
SAMPLE00003689,16053.55,28209.0,2021,220.4,3000,415,SUV / Crossover,Honda,F-150,Chicago,I6,Gasoline,M,RWD,False,True,39.1,42.6,56.4,68.4,103.2
SAMPLE00003690,60477.22,64203.0,2014,215.5,2000,339,Truck,Honda,F-150,Chicago,I6,Hybrid,A,RWD,False,True,41.2,38.6,66.5,70.1,116.4
SAMPLE00003691,43860.46,98743.0,2018,101.1,3000,283,Coupe,Ford,3 Series,New York,I6,Diesel,A,AWD,False,True,40.7,40.5,63.3,82.1,101.9
SAMPLE00003692,57638.42,39571.0,2017,284.0,2000,379,Truck,Chevrolet,3 Series,Phoenix,I4,Diesel,A,AWD,False,False,38.1,42.0,61.3,78.2,105.9
SAMPLE00003693,27893.41,1810.0,2012,108.9,2000,263,Sedan,Chevrolet,Civic,New York,V6,Gasoline,A,FWD,False,False,41.1,38.7,72.5,75.7,110.1
SAMPLE00003694,33979.61,77841.0,2015,251.2,3000,258,Truck,BMW,Camry,Houston,V6,Gasoline,A,RWD,True,False,34.0,40.6,75.2,82.1,102.4
SAMPLE00003695,16655.71,90864.0,2017,341.3,1500,349,SUV / Crossover,Chevrolet,F-150,New York,I6,Gasoline,M,AWD,False,False,37.9,44.7,59.5,72.2,101.5
SAMPLE00003696,67882.08,144431.0,2022,265.0,3500,88,Truck,Nissan,Camry,Los Angeles,I6,Hybrid,M,AWD,True,True,41.8,39.2,56.8,73.5,105.4
SAMPLE00003697,51732.73,88421.0,2017,180.9,3500,436,SUV / Crossover,BMW,3 Series,New York,V6,Gasoline,A,FWD,True,False,41.9,42.3,63.6,81.1,111.7
SAMPLE00003698,66326.28,70676.0,2022,335.9,1500,221,Coupe,Chevrolet,3 Series,New York,V6,Hybrid,M,AWD,True,True,39.1,43.8,65.1,78.0,116.3
SAMPLE00003699,29602.3,86010.0,2014,180.9,2000,412,Hatchback,Nissan,F-150,Houston,I6,Gasoline,A,AWD,True,False,34.5,43.4,56.2,71.5,114.6
SAMPLE00003700,48630.5,139185.0,2017,319.9,3500,494,Coupe,Ford,Civic,Phoenix,V6,Gasoline,A,RWD,True,False,34.0,43.4,65.8,83.2,111.0
SAMPLE00003701,52317.5,124257.0,2021,283.1,1500,349,Sedan,Chevrolet,F-150,Los Angeles,V6,Gasoline,A,FWD,False,False,41.3,38.4,76.9,84.9,113.2
SAMPLE00003702,32465.23,48447.0,2017,151.0,1500,481,Coupe,Ford,Civic,New York,I4,Diesel,A,RWD,False,False,40.9,44.8,63.9,70.5,110.7
SAMPLE00003703,61646.01,35588.0,2020,371.5,3500,88,Coupe,Chevrolet,Silverado,Houston,I6,Gasoline,A,RWD,True,False,35.8,43.1,75.7,73.0,110.8
SAMPLE00003704,67093.88,39395.0,2020,160.2,3000,464,Sedan,Chevrolet,Civic,Houston,V6,Gasoline,M,FWD,True,True,41.4,44.7,74.5,80.7,100.3
SAMPLE00003705,63667.03,75663.0,2013,396.9,2500,58,Sedan,Toyota,F-150,Houston,I4,Gasoline,M,FWD,True,True,34.2,44.9,65.0,70.1,107.7
SAMPLE00003706,55648.68,111607.0,2015,102.2,3000,151,Hatchback,Nissan,F-150,Phoenix,I4,Gasoline,M,RWD,True,False,35.7,40.5,71.2,75.9,111.2
SAMPLE00003707,30260.56,75483.0,2020,179.0,2000,421,Hatchback,Chevrolet,Civic,New York,I4,Hybrid,M,RWD,False,True,38.8,41.8,59.8,71.7,111.9
SAMPLE00003708,30488.88,10169.0,2015,160.0,3000,27,Truck,Ford,Camry,Chicago,I4,Hybrid,A,RWD,False,True,34.5,43.1,58.1,79.3,110.2
SAMPLE00003709,67984.82,108537.0,2019,104.2,2500,224,SUV / Crossover,Honda,Civic,Los Angeles,I4,Gasoline,M,RWD,True,False,41.9,43.9,55.0,74.1,114.0
SAMPLE00003710,15565.65,120896.0,2021,319.7,2500,317,Sedan,Ford,Silverado,Chicago,I4,Hybrid,A,FWD,False,False,35.0,44.8,56.7,82.4,107.4
SAMPLE00003711,54382.75,43425.0,2014,308.0,1500,483,Coupe,Nissan,Silverado,Phoenix,I4,Gasoline,A,AWD,True,False,35.2,44.8,69.5,75.8,102.9
SAMPLE00003712,53843.54,99619.0,2014,337.7,2000,50,Coupe,Chevrolet,Camry,New York,I6,Gasoline,A,FWD,False,False,37.3,40.3,75.4,77.1,100.6
SAMPLE00003713,49247.92,63989.0,2020,177.0,1500,262,Hatchback,BMW,Silverado,Chicago,I6,Hybrid,M,AWD,True,False,40.0,42.8,77.5,83.1,111.4
SAMPLE00003714,69455.99,133368.0,2022,233.3,3000,278,SUV / Crossover,Toyota,F-150,Chicago,I6,Hybrid,A,FWD,False,False,34.1,39.0,66.1,81.1,109.9
SAMPLE00003715,32153.37,126784.0,2021,297.7,3000,45,Sedan,BMW,Camry,Chicago,I4,Gasoline,M,RWD,False,False,39.0,43.7,58.2,81.8,104.7
SAMPLE00003716,33698.45,78815.0,2019,231.9,3500,473,Hatchback,Toyota,Camry,Los Angeles,V6,Diesel,A,AWD,True,True,33.9,39.1,55.0,68.2,104.4
SAMPLE00003717,19341.67,103726.0,2012,309.2,1500,333,SUV / Crossover,Toyota,Camry,New York,I4,Gasoline,A,FWD,True,True,33.9,44.2,77.7,79.2,111.6
SAMPLE00003718,39353.9,132502.0,2021,290.2,1500,105,Sedan,BMW,Altima,Houston,I6,Gasoline,A,FWD,False,True,33.4,44.9,73.8,75.9,102.1
SAMPLE00003719,29357.67,74358.0,2013,134.4,1500,283,Coupe,Nissan,Civic,New York,I6,Diesel,M,FWD,True,True,37.9,38.6,67.0,83.0,102.7
SAMPLE00003720,33886.27,46988.0,2014,334.3,1500,23,Coupe,Chevrolet,Civic,Chicago,I4,Hybrid,A,RWD,True,True,36.9,41.6,60.6,68.7,105.0
SAMPLE00003721,60901.45,113050.0,2022,316.2,2500,6,Hatchback,Ford,Camry,New York,I6,Diesel,M,FWD,False,True,35.8,39.9,66.9,82.4,117.7
SAMPLE00003722,66451.65,33010.0,2013,296.8,3500,367,SUV / Crossover,BMW,Silverado,Houston,V6,Gasoline,M,FWD,True,True,37.7,41.3,74.3,70.3,114.1
SAMPLE00003723,25215.32,58280.0,2014,146.5,2000,483,Coupe,Honda,Altima,Los Angeles,V6,Hybrid,A,RWD,True,True,37.5,40.1,67.8,78.1,111.2
SAMPLE00003724,35487.99,129859.0,2019,180.4,2000,486,SUV / Crossover,Toyota,Altima,New York,V6,Diesel,A,AWD,False,False,37.3,38.5,77.9,80.4,107.4
SAMPLE00003725,66074.68,108663.0,2022,218.0,2000,334,Hatchback,Ford,F-150,New York,I4,Diesel,M,AWD,True,False,34.6,40.8,57.5,71.4,108.4
SAMPLE00003726,18399.47,60572.0,2022,184.0,2500,432,Truck,Honda,F-150,Los Angeles,I6,Gasoline,M,RWD,False,True,41.1,39.4,77.6,70.8,103.4
SAMPLE00003727,20079.83,32212.0,2017,168.3,3500,2,SUV / Crossover,Ford,Civic,Los Angeles,I6,Diesel,A,AWD,False,True,38.6,41.8,68.4,79.6,116.8
SAMPLE00003728,23953.5,53395.0,2018,341.6,3500,495,SUV / Crossover,Chevrolet,3 Series,Chicago,V6,Gasoline,M,FWD,True,False,34.1,42.8,68.1,70.8,103.6
SAMPLE00003729,47736.71,42616.0,2021,291.5,2500,257,Hatchback,Honda,Camry,Chicago,I6,Hybrid,A,FWD,True,True,35.3,40.8,63.3,76.7,115.2
SAMPLE00003730,23275.97,26413.0,2021,269.6,1500,262,Truck,Nissan,3 Series,Los Angeles,I4,Diesel,A,AWD,True,True,39.9,39.4,55.9,72.5,104.8
SAMPLE00003731,68244.2,111500.0,2017,167.8,3000,120,Coupe,Nissan,F-150,Houston,V6,Hybrid,A,AWD,False,True,40.0,39.3,72.5,68.5,115.1
SAMPLE00003732,39569.3,37810.0,2012,375.4,1500,207,Sedan,BMW,Civic,Chicago,I4,Hybrid,A,AWD,True,True,39.5,38.0,61.3,69.1,106.1
SAMPLE00003733,42583.49,68125.0,2022,157.4,2000,20,Hatchback,Ford,Civic,Houston,I4,Gasoline,A,RWD,False,False,40.1,42.9,63.1,70.2,119.6
SAMPLE00003734,28566.22,57879.0,2014,338.5,1500,392,Sedan,Nissan,Civic,Los Angeles,I6,Diesel,M,AWD,True,True,38.4,39.8,67.3,77.3,118.4
SAMPLE00003735,40902.81,147312.0,2012,390.0,2500,139,Truck,Nissan,Civic,New York,I4,Hybrid,A,RWD,False,True,35.6,44.8,56.3,71.6,117.5
SAMPLE00003736,51405.25,58664.0,2021,318.1,2000,476,Truck,BMW,Civic,Los Angeles,V6,Diesel,M,AWD,True,False,36.2,43.2,55.2,82.4,103.6
SAMPLE00003737,56314.74,11997.0,2020,397.9,3000,279,SUV / Crossover,BMW,Camry,Los Angeles,I4,Diesel,A,RWD,False,False,37.6,40.1,57.4,68.5,101.7
SAMPLE00003738,56462.74,13474.0,2020,295.3,2000,288,Sedan,Nissan,Altima,Phoenix,I6,Diesel,A,RWD,True,True,35.2,39.1,71.9,79.2,119.3
SAMPLE00003739,46784.01,88613.0,2016,165.2,1500,205,Sedan,Ford,3 Series,Los Angeles,I4,Diesel,M,FWD,True,False,40.7,42.4,59.4,69.5,108.7
SAMPLE00003740,64739.79,89905.0,2015,161.1,3500,42,Truck,Ford,Altima,Chicago,I4,Hybrid,M,AWD,False,False,39.7,44.1,66.8,83.1,117.5
SAMPLE00003741,59957.43,62814.0,2020,197.4,3500,337,Sedan,Toyota,F-150,New York,I6,Diesel,M,FWD,False,True,41.8,42.1,59.3,68.7,109.7
SAMPLE00003742,56637.65,64777.0,2020,102.1,3500,117,Coupe,Toyota,F-150,Houston,I6,Gasoline,A,FWD,False,False,36.7,38.1,61.5,70.4,113.0
SAMPLE00003743,18058.3,8090.0,2014,304.5,2000,4,Truck,Honda,Altima,Phoenix,I6,Gasoline,M,RWD,False,False,40.8,43.5,55.9,72.7,115.1
SAMPLE00003744,15378.29,77482.0,2016,180.6,3500,206,SUV / Crossover,Honda,Civic,Chicago,I6,Diesel,M,RWD,False,True,40.0,44.7,63.4,69.7,110.7
SAMPLE00003745,26684.6,75711.0,2014,344.6,2500,122,SUV / Crossover,Honda,Civic,New York,I6,Diesel,M,RWD,False,False,40.5,38.3,58.1,83.5,118.7
SAMPLE00003746,51493.8,22432.0,2021,207.8,3000,326,SUV / Crossover,Toyota,Altima,Houston,I6,Gasoline,M,RWD,True,True,39.2,43.7,67.8,70.3,101.0
SAMPLE00003747,37615.86,15576.0,2013,244.0,3500,344,Sedan,BMW,Civic,New York,I6,Diesel,M,FWD,False,True,36.1,43.0,74.2,69.4,116.7
SAMPLE00003748,37132.34,18536.0,2012,389.7,2500,141,Truck,Nissan,Altima,Chicago,I4,Hybrid,A,RWD,True,True,35.2,40.8,75.2,69.0,113.8
SAMPLE00003749,63652.28,15154.0,2021,172.7,2500,371,SUV / Crossover,Chevrolet,Silverado,New York,I4,Diesel,M,FWD,False,True,35.5,42.4,76.5,81.7,106.6
SAMPLE00003750,64255.96,91456.0,2013,316.4,2000,231,Truck,Chevrolet,F-150,Los Angeles,I4,Diesel,A,FWD,False,False,38.1,39.1,57.8,79.0,109.4
SAMPLE00003751,65004.64,29472.0,2019,326.5,2000,163,Sedan,Nissan,Civic,New York,V6,Hybrid,A,AWD,False,False,40.9,43.0,66.9,80.9,109.4
SAMPLE00003752,32263.29,37715.0,2022,166.3,3000,34,Coupe,Ford,3 Series,Los Angeles,I6,Diesel,M,AWD,False,False,37.0,42.1,57.6,80.0,100.9
SAMPLE00003753,53008.07,26036.0,2019,250.3,3000,363,Coupe,Toyota,Silverado,Chicago,I4,Hybrid,M,RWD,False,False,38.4,38.6,62.0,84.5,110.7
SAMPLE00003754,29939.82,143675.0,2014,205.1,1500,433,Coupe,Ford,Camry,Phoenix,I6,Hybrid,A,FWD,True,True,39.6,44.1,60.3,81.1,101.3
SAMPLE00003755,25483.54,128193.0,2018,331.6,3000,471,Sedan,Chevrolet,Silverado,Los Angeles,V6,Gasoline,A,FWD,True,False,40.7,38.9,55.3,74.5,110.3
SAMPLE00003756,25154.79,34574.0,2018,286.7,2000,334,SUV / Crossover,Ford,Silverado,New York,I6,Gasoline,M,FWD,False,True,38.8,41.1,76.4,72.9,104.3
SAMPLE00003757,33815.92,49135.0,2013,242.8,2500,10,Sedan,Toyota,Silverado,New York,I4,Diesel,A,AWD,True,True,38.7,38.9,73.0,73.0,116.7
SAMPLE00003758,38647.67,31484.0,2020,333.8,1500,407,Truck,Toyota,3 Series,New York,V6,Gasoline,A,FWD,True,True,41.9,42.5,66.9,73.3,101.4
SAMPLE00003759,60702.2,73781.0,2014,170.5,3000,74,Coupe,Toyota,F-150,Chicago,I6,Diesel,A,FWD,False,False,40.8,43.2,62.9,71.2,105.9
SAMPLE00003760,21594.01,2942.0,2013,326.1,2500,299,Truck,Chevrolet,Civic,Houston,V6,Diesel,A,FWD,False,False,39.6,44.6,64.5,74.7,108.2
SAMPLE00003761,55420.92,100705.0,2014,359.6,2000,434,Sedan,Toyota,3 Series,New York,I6,Gasoline,A,AWD,False,True,40.5,39.8,59.7,69.9,112.0
SAMPLE00003762,44230.02,78474.0,2013,363.6,3500,400,Hatchback,Honda,3 Series,New York,V6,Gasoline,M,RWD,True,False,42.0,40.6,77.3,73.1,119.8
SAMPLE00003763,30836.99,134796.0,2019,335.1,1500,380,Hatchback,Honda,Altima,Los Angeles,I4,Diesel,A,RWD,False,False,37.6,40.7,61.6,71.0,102.6
SAMPLE00003764,42105.08,24659.0,2016,222.4,2500,197,Sedan,Nissan,Civic,Phoenix,I6,Diesel,A,RWD,True,True,39.3,38.7,56.7,83.6,107.5
SAMPLE00003765,31496.81,120616.0,2014,394.5,2000,340,SUV / Crossover,Toyota,Altima,New York,I6,Diesel,M,AWD,True,False,40.3,43.7,68.0,75.8,113.6
SAMPLE00003766,47784.51,118794.0,2016,213.9,2000,263,Truck,Honda,Altima,Chicago,I6,Hybrid,M,AWD,False,True,37.0,38.6,72.2,82.0,107.5
SAMPLE00003767,38861.42,19077.0,2022,291.6,1500,334,Sedan,Toyota,Silverado,Houston,I4,Diesel,A,RWD,True,False,41.6,40.4,77.3,78.0,104.8
SAMPLE00003768,24042.3,59784.0,2022,148.3,1500,373,Sedan,Chevrolet,Altima,Houston,V6,Diesel,A,RWD,True,False,36.4,39.3,69.3,78.2,116.3
SAMPLE00003769,21412.07,25523.0,2019,394.1,3000,499,Hatchback,Honda,Camry,Houston,I4,Diesel,A,AWD,False,False,35.2,42.7,59.2,68.1,103.7
SAMPLE00003770,45068.26,38208.0,2018,311.2,3000,223,Coupe,Chevrolet,Silverado,Chicago,V6,Gasoline,M,RWD,False,True,39.1,44.3,64.0,68.2,106.7
SAMPLE00003771,64632.72,39487.0,2017,326.0,1500,121,Coupe,Honda,Silverado,Houston,I6,Gasoline,A,FWD,False,True,33.7,43.2,62.3,72.7,104.8
SAMPLE00003772,33917.67,83435.0,2012,119.7,1500,73,SUV / Crossover,BMW,Altima,Houston,V6,Hybrid,A,AWD,True,False,34.1,43.4,55.4,69.0,119.2
SAMPLE00003773,55315.01,61712.0,2021,329.0,2500,27,SUV / Crossover,BMW,Altima,Los Angeles,V6,Diesel,A,RWD,False,False,41.7,38.5,64.0,72.7,116.7
SAMPLE00003774,51226.37,142160.0,2012,332.4,3000,462,SUV / Crossover,Nissan,F-150,Houston,I6,Diesel,M,RWD,False,True,35.5,43.2,73.4,78.5,109.2
SAMPLE00003775,66235.52,18956.0,2012,301.5,2000,395,Hatchback,Nissan,Silverado,Los Angeles,I6,Diesel,M,AWD,True,True,33.3,38.4,64.3,80.1,116.8
SAMPLE00003776,60153.96,146054.0,2021,187.6,3000,170,Sedan,Nissan,Camry,Los Angeles,V6,Diesel,M,AWD,True,False,37.3,41.4,74.6,78.4,113.7
SAMPLE00003777,46163.29,34596.0,2019,246.9,3000,465,SUV / Crossover,Chevrolet,3 Series,Los Angeles,I6,Diesel,M,FWD,False,True,40.8,42.8,72.1,77.4,107.1
SAMPLE00003778,51136.68,115931.0,2019,133.1,1500,375,Hatchback,Honda,Altima,Chicago,I6,Diesel,M,AWD,True,True,36.0,39.8,71.5,69.4,104.2
SAMPLE00003779,64411.26,50845.0,2018,241.5,1500,420,Truck,BMW,Silverado,New York,V6,Gasoline,A,AWD,False,False,36.8,42.8,63.8,70.2,107.2
SAMPLE00003780,36973.53,21462.0,2017,173.1,3000,363,Sedan,Toyota,3 Series,Phoenix,I4,Hybrid,M,FWD,True,True,34.4,44.2,56.2,68.7,110.4
SAMPLE00003781,32973.71,128683.0,2015,204.7,3500,382,Truck,Ford,Altima,Houston,I4,Gasoline,M,RWD,True,False,36.1,44.1,75.3,81.8,104.0
SAMPLE00003782,15594.61,46329.0,2012,148.8,3500,215,Coupe,BMW,F-150,Phoenix,I6,Gasoline,A,AWD,True,False,41.7,39.3,69.7,73.5,105.5
SAMPLE00003783,60460.31,98828.0,2020,169.0,3000,318,Coupe,BMW,Altima,New York,V6,Gasoline,A,RWD,False,True,40.9,39.9,57.1,74.8,112.9
SAMPLE00003784,59053.94,84967.0,2012,123.0,3500,100,Sedan,Toyota,Camry,Los Angeles,I6,Hybrid,A,FWD,True,True,39.7,42.7,56.9,78.6,114.5
SAMPLE00003785,20745.0,70763.0,2015,376.0,3000,245,SUV / Crossover,BMW,Civic,Los Angeles,I4,Diesel,A,AWD,True,True,40.1,43.9,69.1,84.5,109.1
SAMPLE00003786,46727.16,74373.0,2014,259.1,1500,92,Sedan,BMW,Civic,Los Angeles,I4,Hybrid,A,FWD,True,False,39.0,41.2,64.7,78.5,119.4
SAMPLE00003787,40518.99,109836.0,2018,219.0,1500,62,SUV / Crossover,BMW,Altima,Los Angeles,V6,Gasoline,A,RWD,False,False,34.1,44.5,59.4,70.0,106.1
SAMPLE00003788,21529.0,13166.0,2016,260.5,1500,265,Coupe,Nissan,F-150,Houston,V6,Gasoline,M,FWD,True,True,34.1,42.0,60.5,83.3,118.2
SAMPLE00003789,68931.25,100227.0,2016,288.5,2000,205,Sedan,Nissan,Camry,New York,I4,Gasoline,M,AWD,False,False,37.8,39.8,63.9,71.9,105.5
SAMPLE00003790,26808.27,134372.0,2015,376.6,1500,79,Sedan,Honda,Altima,New York,V6,Gasoline,M,AWD,False,False,38.4,38.1,72.3,81.4,114.7
SAMPLE00003791,18697.88,8668.0,2012,153.6,1500,36,SUV / Crossover,Nissan,3 Series,New York,I4,Diesel,A,RWD,False,False,41.7,43.7,59.5,80.7,120.0
SAMPLE00003792,47716.61,21098.0,2016,188.7,3000,10,Coupe,BMW,F-150,Phoenix,I6,Gasoline,A,RWD,False,False,37.1,38.6,71.2,75.1,116.7
SAMPLE00003793,55637.67,107495.0,2015,392.7,3500,114,Coupe,Ford,Silverado,Los Angeles,I4,Gasoline,M,RWD,False,False,41.3,38.5,59.1,76.9,109.5
SAMPLE00003794,16784.39,65592.0,2021,211.4,3500,89,SUV / Crossover,Nissan,3 Series,Chicago,I4,Diesel,M,RWD,True,False,41.9,43.4,72.6,71.9,102.5
SAMPLE00003795,51229.47,60532.0,2019,106.8,1500,231,SUV / Crossover,Honda,Altima,New York,V6,Gasoline,A,AWD,True,True,40.6,38.2,75.7,79.9,119.3
SAMPLE00003796,44276.05,20545.0,2013,144.3,1500,18,SUV / Crossover,Honda,Silverado,Phoenix,V6,Diesel,M,AWD,False,False,36.6,43.9,65.2,84.6,114.4
SAMPLE00003797,20679.58,76016.0,2019,107.9,1500,51,Coupe,Chevrolet,Silverado,Houston,V6,Hybrid,A,AWD,False,False,39.8,42.2,69.8,75.3,116.8
SAMPLE00003798,24488.81,18982.0,2012,397.0,3000,373,Coupe,BMW,3 Series,Los Angeles,I6,Diesel,A,FWD,True,False,37.9,42.5,61.1,85.0,111.5
SAMPLE00003799,46238.59,71493.0,2015,183.7,3000,273,Sedan,Ford,Silverado,Phoenix,V6,Gasoline,A,FWD,True,True,34.8,44.6,76.3,72.3,109.6
SAMPLE00003800,31299.67,114542.0,2014,377.1,3000,93,Coupe,Ford,Civic,Chicago,I6,Diesel,A,RWD,False,False,34.2,44.1,64.8,70.1,101.6
SAMPLE00003801,66607.37,38740.0,2016,398.8,3500,31,Truck,Chevrolet,3 Series,Chicago,V6,Gasoline,M,RWD,False,False,33.6,38.5,66.4,85.0,101.2
SAMPLE00003802,60030.71,72118.0,2016,280.0,2000,150,Truck,Ford,F-150,Houston,V6,Gasoline,M,RWD,False,True,35.9,44.0,61.0,74.4,111.6
SAMPLE00003803,69096.2,148802.0,2016,110.0,3500,139,SUV / Crossover,Honda,Civic,New York,I4,Hybrid,M,AWD,False,False,39.2,42.7,59.5,82.6,103.8
SAMPLE00003804,29281.9,102998.0,2015,124.5,3000,57,SUV / Crossover,Toyota,F-150,New York,I4,Gasoline,M,FWD,True,True,41.2,40.2,60.2,68.5,113.5
SAMPLE00003805,68334.8,126204.0,2019,244.5,2500,460,SUV / Crossover,Honda,Camry,Phoenix,I4,Gasoline,A,RWD,False,True,35.9,44.0,65.9,78.7,119.1
SAMPLE00003806,38717.86,62227.0,2014,221.9,2000,20,Sedan,Nissan,F-150,Phoenix,I6,Gasoline,M,RWD,False,False,37.8,38.2,58.2,68.1,107.1
SAMPLE00003807,34113.53,115179.0,2015,281.9,1500,148,Truck,Toyota,3 Series,New York,V6,Diesel,M,AWD,False,True,37.2,43.9,63.9,76.6,114.7
SAMPLE00003808,17769.22,6076.0,2012,231.7,3500,220,Truck,Ford,F-150,New York,I4,Gasoline,A,FWD,True,True,34.0,42.3,63.8,80.5,118.2
SAMPLE00003809,17902.09,18437.0,2018,380.2,2000,220,Coupe,BMW,Camry,Phoenix,V6,Gasoline,A,RWD,False,True,39.8,39.8,65.0,78.6,116.9
SAMPLE00003810,53060.62,30461.0,2012,260.4,2500,241,Truck,Toyota,Silverado,Los Angeles,I4,Gasoline,M,RWD,False,False,37.7,38.0,64.7,78.7,101.7
SAMPLE00003811,40186.09,60293.0,2013,308.1,2000,218,Coupe,Honda,3 Series,Chicago,V6,Hybrid,A,RWD,True,False,41.3,41.6,61.3,73.6,113.5
SAMPLE00003812,27458.69,126862.0,2022,368.9,3500,28,Sedan,Honda,Altima,Chicago,I4,Hybrid,A,RWD,False,False,40.5,41.0,63.4,78.8,106.1
SAMPLE00003813,48768.37,51940.0,2018,144.1,3000,462,SUV / Crossover,Nissan,Civic,Houston,I4,Diesel,A,FWD,False,True,35.5,44.0,75.8,82.5,118.1
SAMPLE00003814,28907.2,98193.0,2012,168.9,1500,46,SUV / Crossover,Honda,Civic,Chicago,I4,Hybrid,A,FWD,True,False,35.8,43.5,55.9,76.4,103.4
SAMPLE00003815,46769.75,106397.0,2022,132.2,3000,395,Coupe,Nissan,F-150,Phoenix,I4,Hybrid,A,RWD,False,False,37.8,42.1,57.0,77.2,104.4
SAMPLE00003816,34756.48,87927.0,2014,141.9,3000,57,Hatchback,Honda,Civic,Los Angeles,I4,Diesel,A,AWD,False,True,34.1,39.1,76.4,82.3,109.8
SAMPLE00003817,60295.37,53586.0,2017,253.8,3500,424,Coupe,Chevrolet,Camry,Phoenix,V6,Hybrid,A,RWD,True,True,35.3,43.1,61.2,70.1,106.6
SAMPLE00003818,60138.29,86558.0,2017,196.4,3000,274,Sedan,Ford,Altima,New York,I4,Gasoline,A,AWD,False,False,40.4,42.2,62.0,78.2,107.2
SAMPLE00003819,41254.27,51340.0,2017,227.0,3000,139,Truck,BMW,Civic,New York,V6,Gasoline,M,RWD,False,False,34.4,38.2,62.9,76.1,108.5
SAMPLE00003820,34295.05,12581.0,2022,394.7,3500,22,Coupe,Nissan,F-150,Chicago,I4,Gasoline,M,RWD,False,False,37.9,43.3,57.4,75.1,102.9
SAMPLE00003821,34940.79,148921.0,2013,147.0,3500,388,Sedan,Chevrolet,Civic,Los Angeles,V6,Hybrid,A,AWD,False,False,36.5,43.8,72.7,74.9,101.9
SAMPLE00003822,59314.3,19077.0,2013,262.2,2500,377,SUV / Crossover,Ford,Silverado,Houston,I4,Diesel,M,RWD,True,False,34.8,43.4,58.8,78.8,103.9
SAMPLE00003823,33049.87,10852.0,2017,129.7,3000,409,Hatchback,Nissan,Silverado,Phoenix,I4,Hybrid,A,FWD,False,False,41.7,39.2,71.1,83.3,110.7
SAMPLE00003824,26498.27,131780.0,2021,195.5,2000,372,Hatchback,Toyota,Civic,Houston,I4,Diesel,A,AWD,True,True,40.4,41.5,60.3,79.1,108.0
SAMPLE00003825,19657.86,45275.0,2016,258.3,1500,62,Coupe,Chevrolet,3 Series,Houston,I6,Gasoline,M,FWD,False,False,35.4,41.7,70.7,72.5,113.3
SAMPLE00003826,40668.12,97545.0,2018,384.0,1500,51,Truck,Nissan,Altima,Houston,V6,Diesel,M,AWD,False,True,40.1,44.5,77.4,70.3,113.9
SAMPLE00003827,41517.27,49351.0,2018,217.4,3500,265,Coupe,Chevrolet,Civic,Houston,V6,Gasoline,A,FWD,False,True,33.1,44.5,66.7,84.6,112.6
SAMPLE00003828,61249.98,58718.0,2016,119.5,3500,341,Hatchback,Chevrolet,Silverado,Phoenix,I4,Hybrid,A,RWD,False,True,35.5,38.4,62.3,73.2,104.5
SAMPLE00003829,27168.13,39317.0,2019,216.4,2500,166,Hatchback,Chevrolet,Silverado,New York,I4,Hybrid,A,RWD,False,False,34.0,45.0,63.7,75.9,112.4
SAMPLE00003830,35954.52,51457.0,2021,143.7,3000,150,SUV / Crossover,Toyota,Camry,Phoenix,I4,Diesel,A,AWD,True,False,36.8,43.5,63.8,68.3,111.3
SAMPLE00003831,59462.32,61605.0,2017,169.0,3500,10,Truck,Honda,F-150,New York,I6,Hybrid,M,FWD,False,False,38.7,40.6,57.9,81.8,112.8
SAMPLE00003832,60299.3,108062.0,2016,285.4,3500,475,Truck,Chevrolet,Camry,New York,I4,Diesel,M,RWD,False,True,34.5,43.2,73.8,81.5,105.0
SAMPLE00003833,36153.61,76730.0,2015,120.2,1500,94,Hatchback,Ford,3 Series,Phoenix,I4,Hybrid,M,FWD,True,True,35.2,40.6,63.7,79.8,119.8
SAMPLE00003834,40251.82,141535.0,2018,239.4,3000,71,Hatchback,Honda,F-150,Phoenix,V6,Hybrid,M,FWD,True,False,36.5,44.6,71.5,74.1,119.7
SAMPLE00003835,31680.72,6282.0,2015,282.8,2500,383,Coupe,Toyota,Civic,Phoenix,I6,Hybrid,A,AWD,False,False,38.7,40.6,61.2,74.4,117.6
SAMPLE00003836,66290.52,75460.0,2016,226.6,3500,486,Coupe,BMW,Civic,New York,V6,Diesel,M,RWD,True,True,35.8,43.4,63.2,76.4,104.8
SAMPLE00003837,21525.41,87634.0,2016,105.7,3500,47,SUV / Crossover,Toyota,3 Series,Phoenix,I6,Diesel,M,AWD,False,True,38.4,39.1,75.4,74.8,115.1
SAMPLE00003838,66356.22,138030.0,2012,395.7,3500,347,Hatchback,BMW,Altima,Los Angeles,I6,Diesel,M,AWD,False,True,36.1,44.0,64.8,70.9,102.5
SAMPLE00003839,52612.65,7374.0,2012,210.1,1500,271,Coupe,Ford,Silverado,Chicago,V6,Hybrid,A,RWD,False,True,35.3,42.3,63.1,71.9,118.3
SAMPLE00003840,44236.47,86025.0,2014,333.6,3500,429,SUV / Crossover,BMW,Altima,Chicago,V6,Gasoline,A,FWD,True,True,40.7,43.7,62.2,73.6,104.5
SAMPLE00003841,16796.25,128044.0,2022,197.7,3500,430,Truck,Nissan,Civic,Los Angeles,I6,Diesel,A,AWD,False,True,36.4,40.9,75.5,68.3,108.8
SAMPLE00003842,41157.79,36289.0,2014,242.5,1500,499,Hatchback,Chevrolet,Camry,Chicago,I6,Gasoline,A,RWD,True,False,41.3,40.4,64.7,73.8,112.9
SAMPLE00003843,37426.15,131444.0,2013,216.5,3500,94,Sedan,Honda,Silverado,New York,I4,Diesel,A,FWD,True,False,35.8,41.7,75.2,82.0,107.3
SAMPLE00003844,23867.03,2857.0,2013,202.8,3000,232,Hatchback,Nissan,Civic,Phoenix,I4,Diesel,M,FWD,True,True,37.9,40.7,61.9,76.0,104.8
SAMPLE00003845,51102.53,109868.0,2017,106.6,3000,47,Coupe,Honda,Silverado,Phoenix,V6,Gasoline,M,FWD,False,False,33.5,41.6,77.5,71.2,115.9
SAMPLE00003846,68413.3,139967.0,2012,208.0,1500,207,Hatchback,Chevrolet,Altima,Phoenix,I6,Gasoline,M,AWD,False,True,39.1,41.0,66.6,79.8,116.3
SAMPLE00003847,45920.38,98580.0,2017,366.8,3000,452,Sedan,Honda,F-150,Los Angeles,V6,Hybrid,M,AWD,False,True,40.2,39.4,58.8,68.4,109.5
SAMPLE00003848,54311.43,65854.0,2016,307.1,2500,226,Hatchback,Toyota,Civic,Los Angeles,I4,Gasoline,A,RWD,True,True,41.7,44.8,64.8,70.6,106.0
SAMPLE00003849,18764.77,6732.0,2017,143.6,3500,408,Coupe,Chevrolet,Civic,New York,I4,Diesel,A,FWD,True,True,40.5,38.1,70.7,77.9,114.2
SAMPLE00003850,37971.68,138017.0,2016,277.3,2500,76,Truck,Chevrolet,Silverado,Los Angeles,I4,Gasoline,A,FWD,False,False,35.8,44.5,75.4,79.4,118.0
SAMPLE00003851,21399.72,70544.0,2018,367.7,3000,348,Coupe,Honda,F-150,Phoenix,I6,Gasoline,A,RWD,True,True,38.0,43.8,57.9,73.0,116.1
SAMPLE00003852,48703.77,4350.0,2012,310.0,1500,218,SUV / Crossover,Nissan,Camry,New York,V6,Gasoline,M,FWD,True,True,38.3,40.9,67.8,72.7,111.2
SAMPLE00003853,66616.52,103473.0,2014,144.6,1500,359,Coupe,BMW,F-150,New York,I6,Gasoline,A,FWD,True,True,33.5,40.3,67.3,68.4,101.2
SAMPLE00003854,51397.78,72276.0,2017,360.3,2500,80,SUV / Crossover,Ford,Camry,Phoenix,I6,Hybrid,M,RWD,True,False,33.7,39.2,62.6,72.8,118.4
SAMPLE00003855,19224.17,18652.0,2012,190.5,3000,36,Hatchback,BMW,3 Series,Houston,I4,Diesel,A,RWD,True,False,35.9,38.9,64.4,84.3,118.2
SAMPLE00003856,34506.64,32141.0,2022,236.2,3500,101,SUV / Crossover,Toyota,Altima,Phoenix,I4,Diesel,M,AWD,False,False,39.7,41.9,62.0,74.8,105.1
SAMPLE00003857,45286.49,9674.0,2022,257.8,3000,190,Hatchback,Chevrolet,F-150,New York,V6,Diesel,A,AWD,False,False,35.6,38.7,62.0,73.6,113.7
SAMPLE00003858,37176.43,86144.0,2018,355.2,3000,28,SUV / Crossover,Chevrolet,Camry,Houston,I6,Hybrid,M,AWD,False,True,40.9,41.3,67.3,78.7,107.5
SAMPLE00003859,60850.42,93304.0,2015,379.5,1500,313,Coupe,Toyota,Silverado,Phoenix,V6,Gasoline,M,RWD,False,False,38.8,43.7,56.4,84.8,104.4
SAMPLE00003860,59806.91,75861.0,2014,378.9,2000,252,Sedan,Ford,Camry,Phoenix,V6,Diesel,M,AWD,False,True,37.2,43.3,66.1,75.4,100.2
SAMPLE00003861,48650.71,122565.0,2021,102.4,3500,250,Hatchback,Chevrolet,3 Series,Houston,V6,Diesel,A,FWD,True,True,37.9,38.9,62.5,69.6,107.3
SAMPLE00003862,35540.19,129151.0,2020,376.6,3500,225,SUV / Crossover,BMW,Camry,Houston,V6,Gasoline,A,AWD,True,True,36.0,44.7,65.7,80.2,104.2
SAMPLE00003863,29043.5,92344.0,2012,116.3,1500,93,Sedan,Toyota,Altima,Chicago,I4,Diesel,A,AWD,False,True,41.8,40.0,77.4,83.3,100.5
SAMPLE00003864,20823.09,1913.0,2019,179.7,3000,414,SUV / Crossover,Chevrolet,F-150,Houston,V6,Gasoline,M,AWD,False,True,34.6,42.9,72.0,79.6,110.5
SAMPLE00003865,34519.37,104284.0,2012,254.5,1500,85,SUV / Crossover,BMW,Camry,Los Angeles,I4,Hybrid,M,RWD,False,False,40.7,40.1,74.8,76.5,104.7
SAMPLE00003866,37724.49,62700.0,2016,244.0,3000,109,SUV / Crossover,Toyota,F-150,Houston,V6,Diesel,M,FWD,False,False,39.1,42.3,63.5,72.2,111.8
SAMPLE00003867,52170.26,84834.0,2021,281.4,2000,216,Coupe,Toyota,3 Series,New York,I4,Diesel,M,RWD,True,False,39.4,42.0,71.2,75.6,108.4
SAMPLE00003868,51198.79,97362.0,2019,243.8,2000,195,SUV / Crossover,Toyota,Camry,Houston,V6,Gasoline,A,FWD,False,False,40.5,39.2,65.7,75.2,106.8
SAMPLE00003869,18855.95,52535.0,2017,380.3,2500,482,Sedan,Ford,Camry,Phoenix,I6,Hybrid,M,AWD,True,True,34.2,42.6,68.7,84.4,107.5
SAMPLE00003870,36739.26,137565.0,2018,172.2,3000,296,SUV / Crossover,Toyota,3 Series,Los Angeles,I6,Diesel,A,AWD,False,False,39.3,40.3,65.1,68.6,111.5
SAMPLE00003871,24997.84,20096.0,2022,182.2,1500,433,Truck,Nissan,Altima,Houston,I4,Gasoline,M,FWD,True,False,40.0,42.3,58.0,74.2,116.7
SAMPLE00003872,23624.7,100727.0,2019,376.2,1500,43,Hatchback,Honda,Camry,Los Angeles,I4,Hybrid,A,RWD,False,True,41.9,41.8,76.8,73.3,113.4
SAMPLE00003873,60501.62,654.0,2017,123.0,1500,392,Coupe,Honda,F-150,Chicago,V6,Gasoline,M,RWD,True,False,39.7,43.9,71.2,84.7,102.2
SAMPLE00003874,17305.34,138698.0,2022,282.9,2500,442,Truck,Toyota,Altima,Los Angeles,I6,Diesel,M,AWD,False,False,41.6,39.5,68.8,68.1,111.3
SAMPLE00003875,38055.06,16876.0,2017,304.5,3500,89,Truck,Chevrolet,Civic,Phoenix,V6,Diesel,A,FWD,True,False,40.6,39.1,67.9,73.0,115.4
SAMPLE00003876,24251.2,14233.0,2022,251.7,1500,474,Sedan,Honda,Altima,Chicago,I4,Diesel,A,FWD,False,True,40.9,44.0,71.6,84.6,106.2
SAMPLE00003877,63363.16,49951.0,2017,308.3,2000,154,Sedan,BMW,Civic,Houston,V6,Gasoline,M,FWD,False,False,41.3,41.1,67.2,70.7,112.6
SAMPLE00003878,45637.23,56035.0,2016,151.8,1500,465,Coupe,BMW,F-150,Los Angeles,I6,Hybrid,M,FWD,True,True,37.8,43.5,60.0,81.4,100.0
SAMPLE00003879,27725.94,32145.0,2019,355.8,1500,477,Coupe,Chevrolet,Camry,Chicago,I6,Diesel,M,AWD,True,False,39.4,44.7,55.2,77.6,118.8
SAMPLE00003880,42633.5,87768.0,2013,142.0,1500,108,Hatchback,BMW,F-150,Houston,I6,Diesel,A,RWD,False,True,34.1,41.8,63.8,83.4,105.4
SAMPLE00003881,55231.75,66437.0,2018,220.2,3500,58,SUV / Crossover,Nissan,3 Series,Houston,I6,Gasoline,A,AWD,False,True,36.2,40.1,68.0,82.8,118.1
SAMPLE00003882,67696.49,5126.0,2015,122.6,1500,109,Coupe,Chevrolet,F-150,Los Angeles,I6,Diesel,A,FWD,True,False,40.9,43.6,63.6,77.8,104.3
SAMPLE00003883,27124.53,47948.0,2012,263.6,3500,478,Coupe,BMW,Civic,Los Angeles,I4,Gasoline,A,RWD,True,True,41.8,44.5,67.3,77.4,117.9
SAMPLE00003884,63740.0,121565.0,2016,300.9,3500,105,SUV / Crossover,Toyota,Altima,Chicago,V6,Diesel,A,AWD,True,True,34.0,39.7,70.3,70.6,111.1
SAMPLE00003885,66386.73,103455.0,2014,382.4,2500,386,Hatchback,BMW,Silverado,Los Angeles,V6,Hybrid,M,FWD,False,True,38.3,42.8,73.6,69.0,103.6
SAMPLE00003886,65403.13,108731.0,2015,321.8,2000,220,Sedan,Toyota,3 Series,Houston,V6,Diesel,M,AWD,True,False,39.6,43.5,61.9,80.4,106.4
SAMPLE00003887,49947.79,104718.0,2018,262.3,1500,262,Hatchback,BMW,Camry,Phoenix,I4,Gasoline,A,FWD,False,True,37.6,38.2,69.6,78.4,116.6
SAMPLE00003888,49640.14,46646.0,2016,379.8,1500,81,SUV / Crossover,BMW,Altima,Chicago,I4,Diesel,M,AWD,True,False,35.1,42.1,75.5,81.5,119.1
SAMPLE00003889,37176.58,14950.0,2015,243.5,1500,271,Sedan,BMW,F-150,Phoenix,I4,Gasoline,A,AWD,True,True,33.4,42.4,58.5,68.3,117.5
SAMPLE00003890,56381.88,40870.0,2012,268.4,3500,48,Sedan,Toyota,3 Series,Phoenix,I4,Gasoline,A,AWD,False,False,41.6,42.5,70.9,83.9,117.4
SAMPLE00003891,44221.17,124768.0,2017,278.8,3000,376,Sedan,BMW,Civic,Houston,V6,Gasoline,A,FWD,False,True,35.1,38.6,76.0,69.2,100.1
SAMPLE00003892,52259.09,147071.0,2022,223.0,2000,31,Hatchback,BMW,Camry,Phoenix,I6,Hybrid,A,RWD,True,True,35.7,38.2,70.4,83.4,109.0
SAMPLE00003893,38565.18,74077.0,2021,351.5,1500,485,SUV / Crossover,Nissan,F-150,New York,I6,Hybrid,A,RWD,False,False,38.8,40.1,57.1,71.3,116.7
SAMPLE00003894,55232.31,1455.0,2017,155.6,3000,88,Hatchback,Ford,Altima,Chicago,I4,Diesel,M,FWD,False,False,36.9,40.5,61.5,72.4,100.7
SAMPLE00003895,60345.93,21007.0,2018,266.5,3000,427,Hatchback,Toyota,F-150,Houston,V6,Gasoline,M,RWD,False,True,36.8,39.0,59.4,82.8,113.9
SAMPLE00003896,23053.99,48312.0,2012,316.7,3000,479,Truck,Nissan,Camry,Los Angeles,V6,Hybrid,M,RWD,True,False,33.7,41.6,76.0,75.7,110.0
SAMPLE00003897,60811.13,86788.0,2015,371.2,2000,18,Coupe,Honda,Altima,Houston,I4,Gasoline,M,AWD,False,True,41.9,39.6,77.8,79.8,115.8
SAMPLE00003898,44716.31,11264.0,2020,365.2,3000,2,Hatchback,Chevrolet,Silverado,Los Angeles,V6,Diesel,A,AWD,False,False,35.6,40.4,65.0,83.3,105.2
SAMPLE00003899,61456.62,141504.0,2021,252.6,1500,377,Truck,Ford,Silverado,Houston,I6,Gasoline,M,FWD,True,False,34.0,40.0,75.6,73.0,117.6
SAMPLE00003900,38721.59,54763.0,2017,292.9,1500,59,SUV / Crossover,Nissan,3 Series,New York,I4,Hybrid,M,FWD,True,False,39.1,43.4,58.1,70.3,105.9
SAMPLE00003901,35847.23,136888.0,2013,218.3,2500,418,Truck,Nissan,F-150,Chicago,V6,Hybrid,A,AWD,False,True,39.8,44.1,55.1,77.2,119.0
SAMPLE00003902,65328.34,117078.0,2015,240.5,3500,241,Hatchback,BMW,3 Series,Phoenix,V6,Gasoline,M,FWD,True,False,33.2,40.1,68.1,74.6,112.8
SAMPLE00003903,28814.31,113316.0,2017,371.9,3000,28,SUV / Crossover,Honda,Camry,Houston,V6,Gasoline,M,FWD,False,False,35.4,40.6,77.7,81.6,103.9
SAMPLE00003904,61431.68,91008.0,2015,379.2,3500,74,Truck,Honda,Altima,Chicago,I4,Gasoline,M,RWD,False,True,34.7,43.7,67.9,68.1,115.5
SAMPLE00003905,41621.13,94018.0,2021,368.6,3500,69,Hatchback,BMW,3 Series,Chicago,I6,Gasoline,M,FWD,True,False,40.1,43.3,77.6,77.9,110.7
SAMPLE00003906,43275.25,95700.0,2018,141.5,3500,82,SUV / Crossover,Nissan,F-150,Chicago,V6,Gasoline,A,FWD,True,False,34.7,43.0,65.4,76.8,108.2
SAMPLE00003907,31965.76,94308.0,2014,355.0,3500,356,SUV / Crossover,Nissan,Silverado,Chicago,I4,Gasoline,A,AWD,False,True,35.1,43.0,63.8,82.4,109.4
SAMPLE00003908,46517.32,83059.0,2017,384.5,3500,172,Coupe,BMW,Silverado,Chicago,I4,Diesel,M,FWD,False,False,41.9,40.1,76.4,77.8,108.0
SAMPLE00003909,32886.62,147962.0,2015,208.4,1500,410,Hatchback,Ford,Camry,Phoenix,V6,Diesel,A,AWD,True,False,39.3,44.6,56.1,84.9,114.1
SAMPLE00003910,17159.82,109844.0,2014,255.6,2000,196,Coupe,Toyota,Civic,Phoenix,I4,Hybrid,M,FWD,True,True,36.5,43.7,62.5,68.5,105.2
SAMPLE00003911,29959.92,116542.0,2014,333.7,3000,345,SUV / Crossover,Ford,3 Series,Houston,I6,Gasoline,M,RWD,True,False,39.8,39.5,65.2,76.6,110.2
SAMPLE00003912,15350.85,130869.0,2013,268.6,3000,418,SUV / Crossover,Toyota,Camry,Los Angeles,I6,Diesel,M,AWD,False,True,37.2,42.6,57.0,84.6,115.1
SAMPLE00003913,68809.51,32346.0,2022,398.0,1500,146,Truck,Honda,Silverado,Houston,I4,Gasoline,A,FWD,True,False,34.9,39.1,66.9,84.1,102.9
SAMPLE00003914,68116.1,12571.0,2014,236.7,1500,272,Coupe,Chevrolet,F-150,Chicago,V6,Hybrid,A,FWD,False,True,37.4,42.0,63.6,71.7,105.8
SAMPLE00003915,36733.54,72434.0,2021,314.2,3500,34,Sedan,BMW,F-150,Los Angeles,I6,Diesel,M,RWD,False,True,39.9,40.0,65.1,82.1,104.3
SAMPLE00003916,55060.4,77112.0,2012,337.8,2000,494,Hatchback,Ford,Altima,Houston,V6,Gasoline,A,FWD,True,True,34.6,38.7,70.8,81.7,111.4
SAMPLE00003917,34019.34,124377.0,2014,248.2,3000,112,Coupe,Honda,Civic,Los Angeles,I4,Gasoline,A,RWD,True,False,37.4,42.2,56.6,84.4,108.2
SAMPLE00003918,51910.12,66568.0,2020,357.1,2500,460,SUV / Crossover,Ford,Civic,Phoenix,I6,Gasoline,A,AWD,False,False,34.1,44.2,77.1,76.7,106.5
SAMPLE00003919,59298.65,85628.0,2015,263.8,1500,205,Truck,Nissan,Silverado,Chicago,V6,Gasoline,A,AWD,True,True,40.6,39.0,67.0,77.0,107.2
SAMPLE00003920,67071.59,79061.0,2014,223.5,2500,157,Hatchback,Toyota,Civic,Los Angeles,I4,Gasoline,M,FWD,False,False,40.4,44.3,74.3,81.4,109.4
SAMPLE00003921,37011.68,5730.0,2019,132.3,3000,252,Hatchback,BMW,Civic,New York,V6,Gasoline,M,AWD,True,False,39.1,38.9,62.3,85.0,108.4
SAMPLE00003922,58081.39,92282.0,2012,218.0,1500,121,Truck,Nissan,F-150,Chicago,I6,Hybrid,M,RWD,False,False,41.3,43.2,62.2,73.3,114.1
SAMPLE00003923,29626.06,124206.0,2016,320.2,3000,47,SUV / Crossover,Toyota,Altima,Phoenix,I4,Gasoline,M,RWD,False,False,36.6,44.9,75.8,79.6,113.9
SAMPLE00003924,69468.28,23625.0,2012,376.4,1500,184,Sedan,Nissan,3 Series,Phoenix,I4,Gasoline,M,FWD,False,False,34.2,38.7,57.7,79.4,100.5
SAMPLE00003925,16417.33,89150.0,2018,175.5,3000,490,Truck,Toyota,F-150,Houston,V6,Diesel,A,RWD,False,False,41.8,39.5,57.4,82.6,114.2
SAMPLE00003926,48194.08,89042.0,2016,206.6,2500,272,Sedan,Toyota,Altima,New York,V6,Gasoline,A,RWD,True,False,37.6,41.2,71.0,79.0,104.4
SAMPLE00003927,51272.83,24628.0,2013,146.2,2000,100,Coupe,Nissan,F-150,Los Angeles,I4,Gasoline,M,RWD,False,False,37.3,43.2,65.7,75.8,108.4
SAMPLE00003928,52842.51,18520.0,2012,307.2,1500,14,Hatchback,Honda,Silverado,Houston,I6,Diesel,M,FWD,False,True,33.6,44.3,71.5,73.3,104.4
SAMPLE00003929,21621.32,147008.0,2022,388.1,2500,127,SUV / Crossover,BMW,Altima,Phoenix,I6,Diesel,M,AWD,True,False,38.1,43.1,65.0,84.5,102.4
SAMPLE00003930,66619.14,59058.0,2018,292.3,3000,209,Sedan,Chevrolet,Altima,Los Angeles,V6,Gasoline,M,RWD,False,True,38.8,43.4,59.9,73.7,111.7
SAMPLE00003931,24965.08,34113.0,2012,285.1,2500,111,SUV / Crossover,Ford,Silverado,Phoenix,V6,Hybrid,A,AWD,True,False,37.3,41.2,71.5,72.3,119.0
SAMPLE00003932,49251.44,25699.0,2014,266.0,1500,269,Coupe,Toyota,Altima,Phoenix,V6,Diesel,A,AWD,False,True,41.2,40.5,55.9,81.5,107.4
SAMPLE00003933,27247.18,100140.0,2022,126.5,2500,141,Sedan,BMW,3 Series,New York,I6,Diesel,M,FWD,True,True,39.7,41.6,65.3,76.5,113.6
SAMPLE00003934,31896.9,91417.0,2017,318.9,3000,172,SUV / Crossover,Ford,Camry,Chicago,I6,Gasoline,M,FWD,True,True,33.3,42.5,65.5,71.1,109.1
SAMPLE00003935,45055.22,96533.0,2017,280.6,3500,352,SUV / Crossover,BMW,Civic,Los Angeles,V6,Diesel,A,AWD,False,True,37.9,41.5,56.8,74.1,103.6
SAMPLE00003936,37945.64,13201.0,2018,298.4,2000,165,Coupe,Nissan,Altima,New York,V6,Gasoline,M,FWD,False,False,41.9,43.5,60.6,71.5,118.4
SAMPLE00003937,23812.41,134030.0,2022,369.6,2000,446,Truck,Ford,Civic,Phoenix,I4,Hybrid,M,AWD,True,False,34.8,39.1,61.0,71.6,109.0
SAMPLE00003938,24401.5,58390.0,2022,335.2,3500,118,Coupe,BMW,F-150,Phoenix,I4,Hybrid,M,RWD,True,False,38.6,40.8,75.5,69.3,100.2
SAMPLE00003939,37997.96,47005.0,2012,334.3,1500,202,Sedan,Chevrolet,F-150,New York,I4,Gasoline,M,AWD,False,True,35.5,38.5,66.8,79.0,109.1
SAMPLE00003940,56650.56,69354.0,2018,378.2,2500,10,Sedan,BMW,Altima,Los Angeles,I4,Hybrid,A,AWD,False,True,36.3,42.7,70.4,74.3,100.1
SAMPLE00003941,64388.06,58510.0,2013,397.0,2500,248,Hatchback,BMW,Altima,Phoenix,V6,Gasoline,M,RWD,False,False,33.3,43.3,56.3,69.0,115.9
SAMPLE00003942,19627.02,129537.0,2017,274.4,3500,303,SUV / Crossover,Toyota,Altima,Los Angeles,I6,Diesel,A,FWD,False,True,39.2,42.7,57.4,79.1,107.4
SAMPLE00003943,36620.71,139389.0,2019,132.7,3500,247,Sedan,Toyota,3 Series,New York,I6,Diesel,A,AWD,True,False,39.9,44.7,68.0,73.0,112.3
SAMPLE00003944,20513.51,45518.0,2016,237.7,3000,153,Truck,Toyota,Altima,Phoenix,I4,Gasoline,M,FWD,True,True,40.0,44.5,74.2,70.8,115.3
SAMPLE00003945,15912.59,129590.0,2021,336.3,3000,322,Truck,Nissan,Civic,Houston,I6,Gasoline,M,RWD,True,True,41.7,39.9,56.2,84.3,100.6
SAMPLE00003946,51394.53,117228.0,2014,108.3,2000,24,Coupe,BMW,F-150,Houston,I4,Diesel,M,AWD,True,True,40.5,39.7,77.6,69.3,110.4
SAMPLE00003947,48134.72,139621.0,2022,117.1,1500,464,Sedan,Chevrolet,F-150,Phoenix,V6,Gasoline,M,AWD,False,True,34.9,38.2,75.4,74.6,112.8
SAMPLE00003948,23966.05,36863.0,2019,120.1,1500,444,Sedan,Ford,Altima,Chicago,I4,Diesel,A,AWD,True,True,35.1,41.5,75.1,78.5,109.4
SAMPLE00003949,27859.71,86544.0,2019,319.3,3500,341,Hatchback,Toyota,Silverado,Phoenix,I6,Gasoline,M,AWD,False,False,39.9,44.0,55.2,84.9,106.1
SAMPLE00003950,16303.93,41182.0,2015,250.3,2000,220,Hatchback,Honda,Camry,Phoenix,I6,Diesel,M,FWD,False,True,40.0,39.1,64.3,69.4,109.3
SAMPLE00003951,60922.1,123614.0,2019,210.7,2000,109,Hatchback,BMW,Altima,Phoenix,I6,Hybrid,A,FWD,False,True,34.1,42.2,73.3,83.8,107.9
SAMPLE00003952,68607.98,799.0,2016,131.7,3000,409,Sedan,Chevrolet,3 Series,New York,V6,Hybrid,M,RWD,False,True,33.1,43.0,72.4,83.0,112.2
SAMPLE00003953,22450.27,84723.0,2022,319.7,2500,417,Coupe,Chevrolet,Camry,Phoenix,I4,Diesel,M,FWD,False,False,36.6,40.6,62.9,81.2,109.4
SAMPLE00003954,27731.14,50881.0,2016,196.3,1500,89,Coupe,Toyota,Camry,Phoenix,V6,Diesel,A,AWD,True,False,39.3,42.9,75.2,69.7,102.6
SAMPLE00003955,62762.52,48403.0,2014,179.6,2000,264,Coupe,Nissan,Altima,New York,V6,Diesel,M,RWD,True,False,40.8,43.9,69.6,72.9,101.7
SAMPLE00003956,65955.51,96736.0,2018,295.7,3000,39,Coupe,Toyota,3 Series,Phoenix,I4,Diesel,A,AWD,True,True,34.5,38.1,77.9,72.6,103.3
SAMPLE00003957,38079.51,127723.0,2022,267.7,3000,458,Truck,Nissan,Civic,Houston,I6,Diesel,M,AWD,False,False,40.3,43.1,62.7,77.1,101.3
SAMPLE00003958,17784.24,91379.0,2022,208.7,3000,262,Sedan,Honda,Altima,Houston,I6,Hybrid,A,RWD,True,True,39.2,42.2,69.8,70.0,105.1
SAMPLE00003959,17166.55,127976.0,2020,292.4,2500,157,SUV / Crossover,Honda,F-150,Phoenix,I6,Diesel,A,AWD,False,True,34.5,43.9,64.8,81.9,101.4
SAMPLE00003960,46567.24,39690.0,2020,181.4,2000,117,Sedan,Toyota,3 Series,New York,I6,Gasoline,M,AWD,True,True,40.9,39.0,69.9,79.6,112.1
SAMPLE00003961,36609.23,77925.0,2012,338.4,3500,449,Coupe,Ford,F-150,Phoenix,V6,Hybrid,A,RWD,True,True,41.4,43.6,61.0,82.6,108.9
SAMPLE00003962,16575.88,67580.0,2012,168.8,3500,255,Truck,Toyota,Altima,Phoenix,I4,Diesel,M,FWD,False,False,35.4,39.0,63.8,71.8,105.1
SAMPLE00003963,47078.88,1747.0,2021,147.7,3000,413,Truck,Toyota,Altima,Los Angeles,I4,Gasoline,M,RWD,False,True,34.3,42.1,76.4,78.5,100.3
SAMPLE00003964,15621.64,83522.0,2022,334.7,3000,195,Sedan,Chevrolet,Silverado,Chicago,I4,Hybrid,M,RWD,True,True,41.7,39.9,61.6,82.5,102.9
SAMPLE00003965,58305.46,99229.0,2016,312.4,2500,313,SUV / Crossover,Toyota,Camry,New York,V6,Gasoline,M,RWD,False,False,33.2,39.7,69.3,68.9,113.3
SAMPLE00003966,31853.81,88787.0,2012,154.8,3000,310,Coupe,Toyota,Silverado,Chicago,I6,Diesel,M,FWD,False,True,41.5,41.5,76.1,77.4,105.0
SAMPLE00003967,17214.19,110442.0,2015,134.9,2000,13,Truck,Toyota,Camry,Los Angeles,I6,Gasoline,M,RWD,False,True,34.9,43.3,66.1,80.4,106.7
SAMPLE00003968,47359.37,85701.0,2012,351.5,3000,460,Coupe,Ford,Civic,Chicago,I4,Gasoline,M,FWD,True,True,36.9,42.5,71.0,74.3,101.5
SAMPLE00003969,36872.64,10013.0,2013,333.0,3000,117,Coupe,Chevrolet,3 Series,Phoenix,I6,Hybrid,M,AWD,True,True,35.8,44.9,72.2,74.0,111.0
SAMPLE00003970,68559.02,17467.0,2013,198.2,2000,216,Coupe,BMW,Civic,Houston,V6,Gasoline,A,RWD,True,False,34.4,38.8,67.5,68.5,116.1
SAMPLE00003971,44930.93,89471.0,2015,297.5,1500,204,Hatchback,BMW,Camry,New York,I6,Gasoline,M,AWD,False,True,36.2,43.1,63.7,76.3,107.1
SAMPLE00003972,30138.15,41247.0,2019,137.2,3500,76,Coupe,BMW,Altima,New York,I6,Hybrid,A,AWD,False,True,37.9,38.4,73.6,78.1,102.3
SAMPLE00003973,54019.14,11947.0,2013,252.1,3000,420,Coupe,BMW,Silverado,Phoenix,I6,Diesel,A,FWD,False,False,33.8,40.5,67.7,80.6,119.1
SAMPLE00003974,29932.06,64440.0,2020,105.6,2000,379,SUV / Crossover,Chevrolet,Camry,Chicago,I4,Gasoline,A,AWD,False,True,40.3,40.4,57.7,69.5,110.2
SAMPLE00003975,64733.38,83148.0,2020,217.5,3500,171,SUV / Crossover,Toyota,Altima,New York,V6,Diesel,A,AWD,False,False,40.2,39.8,75.1,75.1,101.8
SAMPLE00003976,35609.71,49312.0,2013,122.5,2500,389,Hatchback,BMW,Civic,Los Angeles,I4,Hybrid,M,RWD,True,True,40.2,41.7,61.8,72.4,109.9
SAMPLE00003977,45242.77,108065.0,2012,242.5,1500,25,Hatchback,Toyota,Altima,Los Angeles,V6,Diesel,M,AWD,True,True,39.2,39.7,66.3,71.5,100.9
SAMPLE00003978,17781.52,96566.0,2021,226.5,3000,127,Coupe,BMW,Altima,Chicago,I4,Gasoline,A,RWD,True,False,37.1,40.6,59.9,72.2,101.1
SAMPLE00003979,38436.67,49923.0,2021,233.3,1500,373,Truck,Ford,Civic,Los Angeles,V6,Gasoline,A,AWD,False,False,40.5,44.0,66.3,74.1,106.4
SAMPLE00003980,60779.99,113231.0,2020,113.6,3000,141,Truck,Toyota,Silverado,Houston,V6,Diesel,A,FWD,True,False,40.7,40.3,58.0,80.5,113.5
SAMPLE00003981,59310.68,97304.0,2013,208.5,3000,391,Sedan,Chevrolet,Altima,Phoenix,I4,Diesel,M,AWD,True,False,35.6,44.9,68.0,75.4,114.1
SAMPLE00003982,27337.52,95617.0,2019,326.9,3000,23,Truck,Nissan,Silverado,New York,I4,Gasoline,M,FWD,True,False,37.3,39.9,67.0,69.1,118.0
SAMPLE00003983,27434.35,83014.0,2014,210.7,1500,469,Truck,Ford,Altima,Phoenix,I6,Hybrid,M,RWD,False,True,34.8,44.3,73.8,73.9,102.2
SAMPLE00003984,59951.79,1708.0,2012,314.6,2500,231,SUV / Crossover,Nissan,Altima,Chicago,V6,Gasoline,M,RWD,False,True,35.3,41.0,67.9,69.9,109.3
SAMPLE00003985,66171.91,104476.0,2022,210.8,2000,422,Sedan,Ford,Civic,Phoenix,V6,Gasoline,M,AWD,True,True,35.2,44.4,64.4,71.6,109.5
SAMPLE00003986,20244.85,56406.0,2012,227.0,2000,176,Sedan,Chevrolet,Camry,New York,V6,Diesel,A,AWD,True,False,40.4,41.0,65.7,70.2,109.2
SAMPLE00003987,39753.23,141391.0,2021,269.2,2500,340,SUV / Crossover,Ford,Camry,New York,V6,Gasoline,M,RWD,True,True,35.3,43.4,68.9,84.5,116.8
SAMPLE00003988,33559.99,122698.0,2013,385.2,2500,234,Truck,Toyota,3 Series,Chicago,V6,Diesel,A,RWD,True,True,37.9,40.8,74.3,83.0,116.2
SAMPLE00003989,62887.87,88154.0,2018,132.7,3000,318,Truck,Honda,Civic,New York,I6,Hybrid,A,RWD,False,False,38.7,42.3,56.0,78.6,110.2
SAMPLE00003990,19593.87,37827.0,2017,109.9,3000,25,Sedan,Honda,3 Series,Los Angeles,I6,Gasoline,A,FWD,True,True,39.7,38.4,76.3,72.3,115.6
SAMPLE00003991,26611.93,30558.0,2022,282.4,2000,265,Truck,BMW,Altima,Phoenix,I6,Hybrid,A,AWD,False,True,33.3,42.2,56.9,71.0,101.2
SAMPLE00003992,56385.76,51058.0,2013,384.7,3000,460,Sedan,BMW,Civic,Houston,V6,Hybrid,M,RWD,True,True,37.3,40.2,62.9,82.3,110.6
SAMPLE00003993,17821.16,71485.0,2015,396.9,3000,361,Truck,Toyota,3 Series,Houston,I4,Gasoline,M,RWD,False,False,35.6,45.0,62.7,69.2,101.9
SAMPLE00003994,42089.45,44410.0,2013,245.2,2500,116,Coupe,Chevrolet,F-150,Houston,I4,Diesel,M,AWD,False,False,40.5,43.7,67.2,79.8,117.3
SAMPLE00003995,39315.89,77239.0,2012,240.4,1500,57,SUV / Crossover,Toyota,Camry,Chicago,V6,Diesel,M,AWD,False,True,33.3,38.6,63.2,73.0,110.1
SAMPLE00003996,33392.06,24806.0,2014,293.5,3500,269,Hatchback,BMW,Camry,Houston,I6,Gasoline,M,FWD,True,False,34.9,39.4,60.0,76.3,100.4
SAMPLE00003997,36701.48,146657.0,2015,266.7,3500,328,Coupe,Ford,F-150,Phoenix,I4,Diesel,A,RWD,False,True,35.8,42.3,60.6,80.4,111.0
SAMPLE00003998,44146.73,16189.0,2021,290.2,3000,454,Truck,Nissan,Silverado,New York,I4,Diesel,M,AWD,False,False,33.7,40.1,77.7,68.6,114.8
SAMPLE00003999,23875.2,139792.0,2016,362.2,3000,294,Hatchback,Toyota,F-150,Los Angeles,I6,Hybrid,M,FWD,True,False,36.6,39.5,74.2,71.0,102.7
SAMPLE00004000,46459.77,137037.0,2016,323.9,3500,121,Coupe,Toyota,Camry,Houston,V6,Diesel,M,RWD,True,True,39.7,40.5,73.5,79.0,105.7
SAMPLE00004001,59298.78,78804.0,2018,249.1,2500,158,SUV / Crossover,Chevrolet,Civic,Houston,V6,Diesel,A,FWD,False,True,34.9,38.7,64.6,83.6,109.0
SAMPLE00004002,56808.85,108737.0,2021,238.6,3500,177,Hatchback,BMW,3 Series,Houston,V6,Gasoline,A,AWD,False,False,39.8,41.9,76.5,72.4,108.3
SAMPLE00004003,23464.49,65407.0,2019,291.9,3500,143,Hatchback,Toyota,Camry,Los Angeles,V6,Hybrid,M,FWD,True,False,37.8,40.0,56.4,70.5,110.1
SAMPLE00004004,23208.72,94505.0,2020,236.7,3500,327,SUV / Crossover,Ford,F-150,Phoenix,V6,Diesel,A,RWD,True,True,36.1,44.1,57.9,83.7,100.3
SAMPLE00004005,29749.59,51086.0,2018,237.3,3000,367,Coupe,Nissan,Civic,Houston,I4,Gasoline,A,AWD,False,True,36.3,38.2,60.7,82.7,114.8
SAMPLE00004006,34859.11,45174.0,2016,104.9,3000,306,Hatchback,Ford,Camry,New York,I6,Diesel,A,RWD,True,True,34.0,40.5,69.8,83.5,106.3
SAMPLE00004007,37465.06,86734.0,2020,152.2,3500,398,SUV / Crossover,Honda,F-150,Chicago,I4,Hybrid,A,FWD,True,False,35.2,41.8,58.8,70.1,114.0
SAMPLE00004008,52383.35,74719.0,2019,246.6,3000,88,Coupe,BMW,Camry,Los Angeles,I4,Hybrid,M,FWD,False,True,39.6,39.6,62.7,83.7,117.1
SAMPLE00004009,18117.42,86930.0,2021,346.8,3500,238,Truck,Ford,F-150,Phoenix,I4,Hybrid,M,FWD,True,False,40.8,38.4,59.1,77.9,113.7
SAMPLE00004010,16907.0,42999.0,2020,183.6,2500,37,Sedan,Chevrolet,Altima,New York,I6,Hybrid,A,AWD,False,False,35.4,38.5,73.4,79.3,113.4
SAMPLE00004011,36555.08,55044.0,2021,256.8,3000,360,Truck,Nissan,F-150,Los Angeles,I4,Hybrid,A,FWD,True,True,38.3,39.1,75.9,75.7,111.6
SAMPLE00004012,53344.0,12585.0,2019,203.5,1500,78,Truck,BMW,Camry,Los Angeles,I4,Hybrid,A,AWD,True,False,33.3,39.9,74.6,74.0,100.0
SAMPLE00004013,25638.94,7841.0,2017,131.4,3000,344,Sedan,Ford,Civic,Chicago,V6,Gasoline,A,FWD,True,False,33.7,42.9,55.6,69.9,118.1
SAMPLE00004014,50282.75,38019.0,2015,387.5,2500,326,Truck,Toyota,Camry,Chicago,I6,Hybrid,A,FWD,True,False,41.7,41.3,62.3,71.8,116.7
SAMPLE00004015,29290.55,11137.0,2020,356.4,2500,345,Truck,BMW,Camry,Phoenix,V6,Diesel,A,AWD,True,True,41.1,38.2,69.7,78.0,103.9
SAMPLE00004016,63734.74,15566.0,2020,123.5,3000,251,SUV / Crossover,Ford,Altima,Houston,V6,Diesel,M,AWD,True,False,33.7,39.1,55.0,73.4,103.6
SAMPLE00004017,64262.95,121939.0,2021,315.9,2000,327,SUV / Crossover,Toyota,Civic,Chicago,I4,Diesel,A,AWD,False,True,40.4,40.6,72.2,70.0,100.7
SAMPLE00004018,31350.8,5831.0,2021,204.3,3500,465,Coupe,Honda,Altima,Phoenix,V6,Diesel,M,RWD,True,False,33.9,40.9,75.0,80.1,107.6
SAMPLE00004019,27649.66,98841.0,2020,398.5,3500,148,Hatchback,Nissan,Camry,Los Angeles,I4,Hybrid,M,FWD,False,False,40.5,38.4,56.8,77.0,119.7
SAMPLE00004020,37621.72,40884.0,2021,190.7,2500,15,Coupe,BMW,Altima,Houston,V6,Hybrid,M,RWD,True,False,41.2,38.8,64.9,68.7,101.9
SAMPLE00004021,28229.24,130732.0,2014,171.6,3000,366,SUV / Crossover,BMW,3 Series,New York,I6,Gasoline,A,FWD,True,True,34.4,39.8,62.0,79.4,111.3
SAMPLE00004022,51981.11,72749.0,2022,270.4,2000,322,SUV / Crossover,Ford,3 Series,Los Angeles,I6,Hybrid,A,FWD,True,True,34.3,43.9,76.8,82.6,105.3
SAMPLE00004023,60433.56,45836.0,2014,350.5,1500,320,Sedan,Honda,3 Series,Phoenix,V6,Diesel,M,FWD,True,False,41.3,39.5,62.5,81.2,117.2
SAMPLE00004024,52020.07,77646.0,2022,157.8,3500,268,Sedan,Chevrolet,F-150,New York,I4,Gasoline,M,FWD,True,False,35.7,39.6,68.4,83.7,110.1
SAMPLE00004025,60339.27,57294.0,2017,312.8,2000,117,SUV / Crossover,Ford,Silverado,Los Angeles,I4,Gasoline,A,RWD,True,False,37.3,41.5,55.2,73.7,117.1
SAMPLE00004026,36834.57,84645.0,2017,118.4,3500,191,Truck,Ford,Altima,Chicago,I4,Gasoline,A,FWD,False,False,35.7,44.2,74.2,69.5,118.6
SAMPLE00004027,23597.43,17180.0,2017,375.7,3000,316,Coupe,Chevrolet,Camry,Phoenix,V6,Gasoline,A,RWD,False,True,39.7,41.7,55.7,80.1,112.7
SAMPLE00004028,55587.3,149549.0,2016,124.3,3500,287,SUV / Crossover,Chevrolet,Silverado,New York,I4,Hybrid,A,AWD,True,False,34.9,38.6,68.1,83.3,105.7
SAMPLE00004029,34826.1,63833.0,2016,374.3,1500,395,SUV / Crossover,Chevrolet,Altima,Chicago,V6,Gasoline,A,RWD,False,False,37.4,39.3,72.0,73.4,109.0
SAMPLE00004030,51919.9,52235.0,2013,247.2,3000,350,Sedan,Nissan,3 Series,New York,I6,Hybrid,M,FWD,True,True,40.7,44.0,64.1,72.5,112.6
SAMPLE00004031,29885.42,106531.0,2018,234.4,2500,296,Coupe,Chevrolet,Civic,Houston,I4,Gasoline,A,RWD,False,False,41.5,44.1,55.7,80.2,113.0
SAMPLE00004032,19467.63,54585.0,2015,392.0,2000,193,Coupe,Chevrolet,3 Series,Houston,V6,Hybrid,M,RWD,False,False,36.2,43.6,75.7,80.4,101.3
SAMPLE00004033,69592.0,124991.0,2014,397.1,3500,488,Hatchback,Toyota,Camry,Phoenix,I4,Hybrid,M,AWD,True,True,34.0,41.8,63.4,82.1,107.0
SAMPLE00004034,23591.08,68141.0,2019,295.1,3000,391,SUV / Crossover,Toyota,Silverado,New York,V6,Diesel,M,AWD,False,False,40.3,41.1,65.7,80.7,110.6
SAMPLE00004035,69363.15,107934.0,2015,138.1,3000,442,Hatchback,Chevrolet,Silverado,Houston,I4,Hybrid,M,AWD,True,False,34.0,39.9,73.7,74.8,106.7
SAMPLE00004036,68750.4,16118.0,2022,251.9,3500,280,Sedan,Nissan,Altima,Los Angeles,I6,Gasoline,A,FWD,True,True,40.0,41.8,70.2,75.2,111.6
SAMPLE00004037,58660.0,126918.0,2015,258.7,2500,388,Hatchback,Nissan,F-150,Los Angeles,V6,Gasoline,M,RWD,False,False,39.2,42.8,62.5,81.7,103.5
SAMPLE00004038,51268.26,110358.0,2019,254.3,3500,300,Truck,Honda,Civic,Houston,V6,Hybrid,M,RWD,True,False,38.2,42.2,67.4,72.5,100.7
SAMPLE00004039,46779.39,31758.0,2012,270.8,2500,385,SUV / Crossover,Nissan,3 Series,Houston,I6,Hybrid,A,AWD,False,True,41.5,39.6,57.2,69.8,106.8
SAMPLE00004040,62635.58,21793.0,2020,105.6,3500,425,SUV / Crossover,Honda,Civic,Phoenix,I6,Hybrid,A,FWD,True,True,35.9,44.3,66.1,71.7,111.4
SAMPLE00004041,30919.17,47444.0,2018,313.4,3000,249,Coupe,Chevrolet,Camry,Phoenix,I4,Hybrid,M,FWD,False,True,33.8,40.7,64.9,76.6,100.2
SAMPLE00004042,40722.47,146411.0,2013,313.7,1500,421,Hatchback,Nissan,F-150,Los Angeles,V6,Diesel,A,FWD,False,False,41.8,44.2,72.5,77.7,112.2
SAMPLE00004043,49066.45,38525.0,2022,134.6,1500,230,Coupe,Toyota,3 Series,Chicago,V6,Diesel,A,AWD,False,True,37.0,40.8,73.4,69.2,107.1
SAMPLE00004044,37615.48,68419.0,2017,271.1,3000,2,Hatchback,Honda,Camry,New York,I4,Diesel,A,FWD,True,False,36.9,38.3,75.1,73.2,119.9
SAMPLE00004045,38511.75,4503.0,2019,270.5,1500,173,Hatchback,Toyota,Civic,Chicago,I4,Diesel,A,FWD,False,False,33.8,43.2,74.7,80.7,115.7
SAMPLE00004046,33165.66,59584.0,2022,304.7,2500,239,Sedan,Ford,F-150,Phoenix,V6,Diesel,A,FWD,False,True,39.7,44.4,78.0,82.7,105.8
SAMPLE00004047,46032.75,85698.0,2016,125.6,3000,485,Hatchback,Toyota,3 Series,Chicago,I6,Hybrid,M,AWD,True,True,39.5,39.8,71.3,70.2,119.4
SAMPLE00004048,61781.6,142969.0,2017,288.0,2500,405,Coupe,Chevrolet,Civic,Phoenix,I4,Diesel,A,AWD,False,True,34.3,41.8,69.3,76.8,105.6
SAMPLE00004049,26084.06,77510.0,2021,184.2,3000,103,Hatchback,Nissan,3 Series,Chicago,V6,Diesel,A,RWD,False,True,35.1,43.7,58.4,70.5,102.2
SAMPLE00004050,66393.82,122866.0,2019,252.1,2500,288,Hatchback,Nissan,F-150,Los Angeles,I4,Hybrid,A,RWD,True,False,33.1,40.2,65.8,80.3,100.5
SAMPLE00004051,52899.82,82069.0,2017,332.0,2500,243,SUV / Crossover,BMW,F-150,Phoenix,I6,Hybrid,A,RWD,False,False,41.0,40.0,64.9,70.7,115.7
SAMPLE00004052,60280.03,6118.0,2020,311.7,1500,287,SUV / Crossover,Chevrolet,Civic,Los Angeles,V6,Gasoline,M,AWD,False,False,35.2,40.9,71.9,69.6,106.4
SAMPLE00004053,45590.49,47251.0,2020,135.7,3000,366,SUV / Crossover,Ford,3 Series,Chicago,V6,Gasoline,A,RWD,True,True,41.3,41.9,61.3,75.5,119.7
SAMPLE00004054,57873.42,86332.0,2020,277.4,3500,272,Truck,Nissan,Silverado,Houston,V6,Gasoline,M,FWD,True,True,38.1,41.9,75.0,69.6,112.4
SAMPLE00004055,15891.02,142589.0,2017,390.7,1500,119,SUV / Crossover,Toyota,Camry,Houston,I6,Diesel,A,AWD,True,False,36.8,41.4,60.1,81.9,103.3
SAMPLE00004056,60010.92,128870.0,2020,147.0,2500,337,Truck,Honda,F-150,New York,I4,Hybrid,M,AWD,False,True,33.1,43.7,66.1,82.1,106.7
SAMPLE00004057,17207.64,34253.0,2014,355.9,2500,439,Truck,Chevrolet,3 Series,Houston,I6,Gasoline,A,RWD,True,False,33.8,39.1,76.7,76.7,110.2
SAMPLE00004058,63945.24,33016.0,2016,310.8,3500,258,Coupe,Nissan,Civic,New York,I6,Gasoline,A,FWD,True,True,34.4,38.6,62.9,77.7,114.4
SAMPLE00004059,69557.95,30176.0,2013,332.2,3500,69,SUV / Crossover,Honda,Civic,Chicago,I6,Diesel,M,FWD,True,True,34.0,39.2,71.7,70.3,111.8
SAMPLE00004060,31173.71,138375.0,2019,184.6,2500,432,Hatchback,Toyota,F-150,New York,V6,Gasoline,A,AWD,False,True,35.3,42.9,62.7,72.7,105.2
SAMPLE00004061,26567.52,127900.0,2022,186.4,3500,182,Sedan,Nissan,Altima,New York,I6,Hybrid,M,AWD,True,True,34.4,39.0,66.8,70.1,109.5
SAMPLE00004062,57094.99,116233.0,2015,371.8,2000,460,Hatchback,Ford,F-150,New York,V6,Hybrid,A,RWD,True,False,39.0,40.3,72.8,71.6,104.3
SAMPLE00004063,28916.45,58910.0,2017,207.9,1500,246,SUV / Crossover,Chevrolet,Altima,Los Angeles,V6,Gasoline,M,FWD,True,True,35.7,44.2,73.7,74.7,107.0
SAMPLE00004064,62605.93,75657.0,2017,118.9,3000,117,Hatchback,Honda,Silverado,New York,I4,Hybrid,M,AWD,False,False,39.5,39.0,74.4,79.6,105.7
SAMPLE00004065,20656.34,69650.0,2016,280.2,3500,30,SUV / Crossover,Nissan,Civic,Phoenix,I4,Gasoline,A,FWD,True,True,34.2,41.7,57.3,80.4,118.0
SAMPLE00004066,21927.54,38010.0,2012,137.4,3500,464,SUV / Crossover,Chevrolet,3 Series,Chicago,I6,Gasoline,M,AWD,True,True,34.9,41.5,74.7,75.6,115.8
SAMPLE00004067,68853.34,75754.0,2022,339.0,2000,148,Hatchback,Nissan,Altima,Los Angeles,V6,Hybrid,A,RWD,False,False,40.1,38.2,58.4,73.0,110.6
SAMPLE00004068,52061.14,4574.0,2018,292.5,3000,15,Truck,Chevrolet,Camry,Phoenix,V6,Hybrid,M,AWD,False,True,38.7,38.8,61.3,81.8,103.5
SAMPLE00004069,61578.8,19772.0,2021,362.4,2000,272,Coupe,Honda,Camry,Chicago,I4,Diesel,A,AWD,True,False,33.9,44.7,77.3,75.4,111.9
SAMPLE00004070,32838.12,132988.0,2019,335.5,3000,351,Coupe,Ford,Silverado,Los Angeles,V6,Diesel,M,AWD,True,True,41.6,44.7,58.3,77.5,107.1
SAMPLE00004071,52206.61,112752.0,2012,133.6,1500,384,Coupe,Chevrolet,Altima,Chicago,I6,Gasoline,M,RWD,False,True,39.9,44.1,60.8,72.5,100.7
SAMPLE00004072,47683.3,63430.0,2021,214.3,3500,367,Coupe,Ford,Altima,Houston,V6,Hybrid,A,RWD,True,False,38.0,41.0,62.7,69.1,113.8
SAMPLE00004073,48173.26,77573.0,2018,332.4,1500,101,Sedan,Ford,3 Series,Chicago,I6,Gasoline,M,RWD,True,True,36.1,42.2,73.5,70.8,105.1
SAMPLE00004074,52539.29,55500.0,2015,225.2,3000,71,SUV / Crossover,Toyota,Camry,Houston,I4,Diesel,A,AWD,False,False,33.8,43.8,62.4,80.1,104.7
SAMPLE00004075,46644.75,111117.0,2017,391.7,3500,192,Sedan,Nissan,Camry,Houston,I4,Gasoline,A,AWD,True,True,36.2,42.7,74.0,72.7,113.3
SAMPLE00004076,38598.43,117628.0,2020,320.7,2000,321,Coupe,Honda,3 Series,Chicago,V6,Hybrid,A,FWD,False,True,35.9,44.3,59.7,70.1,117.4
SAMPLE00004077,30175.75,114493.0,2016,104.6,2500,110,Coupe,Toyota,Altima,Houston,V6,Hybrid,A,RWD,False,False,33.7,40.2,68.8,78.9,105.6
SAMPLE00004078,57271.97,108392.0,2019,364.0,2000,292,Hatchback,BMW,3 Series,Los Angeles,I4,Diesel,A,RWD,True,False,40.1,42.4,77.1,76.1,115.6
SAMPLE00004079,27444.98,30676.0,2016,130.2,2500,407,Coupe,Nissan,F-150,Houston,I6,Gasoline,A,AWD,False,True,36.7,42.0,55.9,68.4,117.7
SAMPLE00004080,53079.49,50695.0,2013,142.2,2000,346,SUV / Crossover,Toyota,Camry,New York,I6,Gasoline,A,RWD,False,False,41.0,44.9,75.9,84.8,104.2
SAMPLE00004081,27833.31,70477.0,2015,320.3,3000,339,Coupe,Chevrolet,Altima,Los Angeles,I6,Hybrid,A,FWD,True,True,34.4,44.1,58.8,74.5,118.3
SAMPLE00004082,49393.16,49619.0,2013,359.5,1500,366,Coupe,Chevrolet,Camry,Los Angeles,I4,Diesel,A,RWD,True,False,35.9,39.2,68.4,79.1,105.7
SAMPLE00004083,56089.3,113241.0,2018,260.9,2500,317,Sedan,Chevrolet,Silverado,Los Angeles,I4,Hybrid,A,RWD,False,False,35.5,38.4,56.1,84.7,104.4
SAMPLE00004084,27029.26,49403.0,2018,186.7,3000,276,SUV / Crossover,BMW,F-150,New York,I4,Hybrid,A,RWD,False,True,40.8,41.1,68.1,78.8,107.2
SAMPLE00004085,18296.88,20735.0,2014,205.4,1500,105,Truck,Ford,F-150,New York,V6,Diesel,M,FWD,True,False,37.6,41.8,69.1,73.3,104.6
SAMPLE00004086,22203.56,59856.0,2018,202.9,1500,36,Hatchback,Chevrolet,Camry,New York,I4,Hybrid,A,FWD,True,True,34.3,43.5,73.6,76.3,111.5
SAMPLE00004087,48329.83,146987.0,2012,198.0,3500,290,Truck,Nissan,Civic,New York,I6,Gasoline,A,RWD,False,False,36.2,39.1,64.6,69.7,109.5
SAMPLE00004088,61719.55,33882.0,2012,172.9,3500,421,Sedan,Nissan,Civic,New York,I6,Gasoline,A,FWD,True,True,41.5,44.4,76.1,70.9,113.4
SAMPLE00004089,17474.83,91824.0,2020,282.7,3500,180,Coupe,Toyota,3 Series,Phoenix,I4,Gasoline,M,AWD,False,True,38.0,42.0,63.5,73.3,114.5
SAMPLE00004090,55378.32,64946.0,2017,370.1,2500,142,Hatchback,Ford,F-150,Phoenix,I4,Hybrid,A,RWD,True,True,33.3,43.9,57.1,69.4,101.6
SAMPLE00004091,33772.53,10654.0,2016,192.1,2500,113,SUV / Crossover,Toyota,Camry,New York,I6,Diesel,A,FWD,False,False,33.5,43.9,63.9,69.9,103.1
SAMPLE00004092,41319.06,73181.0,2017,156.0,1500,237,Hatchback,Toyota,Altima,Los Angeles,I4,Diesel,A,FWD,False,True,35.1,44.7,62.0,82.3,115.8
SAMPLE00004093,66087.28,105325.0,2017,351.6,2500,425,Sedan,Chevrolet,Camry,Houston,V6,Diesel,M,FWD,False,True,38.6,42.6,65.3,72.2,101.3
SAMPLE00004094,33258.43,76983.0,2012,322.5,1500,93,Coupe,Toyota,Camry,Houston,I4,Diesel,A,AWD,True,True,35.2,43.5,59.6,73.5,113.2
SAMPLE00004095,40593.53,130816.0,2016,379.3,3000,259,Sedan,BMW,Altima,Phoenix,I6,Diesel,M,FWD,False,True,40.7,43.7,63.5,71.0,113.3
SAMPLE00004096,15752.53,43341.0,2020,149.7,2000,106,SUV / Crossover,Nissan,Altima,New York,I6,Hybrid,A,AWD,True,True,38.7,41.3,75.4,74.9,114.7
SAMPLE00004097,19487.93,12937.0,2015,143.3,1500,243,Truck,Nissan,Silverado,Chicago,I4,Diesel,A,AWD,True,True,35.7,41.0,70.0,79.9,104.4
SAMPLE00004098,29222.54,140485.0,2014,262.4,1500,422,Coupe,Nissan,Civic,Houston,I6,Gasoline,M,FWD,False,True,36.5,44.6,59.6,84.1,103.0
SAMPLE00004099,16531.87,56729.0,2012,284.3,3000,334,Coupe,Ford,Silverado,Houston,I4,Hybrid,M,AWD,True,False,36.4,38.5,56.2,77.2,109.0
SAMPLE00004100,49725.64,86461.0,2013,244.1,3500,22,Sedan,Chevrolet,Camry,Los Angeles,I6,Gasoline,M,FWD,True,True,35.8,44.7,60.0,73.1,100.9
SAMPLE00004101,38451.91,118800.0,2014,279.7,3500,360,Sedan,Chevrolet,Camry,Houston,I6,Diesel,A,FWD,False,True,38.7,42.0,64.4,76.7,116.8
SAMPLE00004102,45147.99,48647.0,2015,154.1,3500,270,Sedan,Toyota,F-150,Phoenix,I6,Diesel,M,FWD,False,True,34.8,40.1,63.4,70.2,114.9
SAMPLE00004103,24605.6,107425.0,2018,243.9,1500,473,Coupe,Toyota,F-150,New York,I4,Gasoline,M,RWD,True,False,35.6,41.9,74.5,79.5,117.7
SAMPLE00004104,31276.26,20313.0,2017,297.4,1500,139,Sedan,Honda,Civic,New York,I4,Gasoline,A,AWD,False,True,33.8,42.5,68.5,73.6,101.4
SAMPLE00004105,51510.35,43694.0,2022,229.8,2500,465,Hatchback,Honda,Altima,Houston,I4,Hybrid,A,AWD,False,False,36.4,38.8,74.4,84.1,118.4
SAMPLE00004106,68091.65,21707.0,2019,303.8,2500,453,Hatchback,Chevrolet,3 Series,Chicago,V6,Diesel,A,FWD,False,True,33.6,42.7,78.0,79.2,115.1
SAMPLE00004107,17772.92,121685.0,2020,235.4,2000,383,Hatchback,Chevrolet,Camry,Phoenix,V6,Diesel,M,AWD,True,True,33.2,44.3,61.7,76.1,102.3
SAMPLE00004108,63971.14,33397.0,2017,200.1,2000,81,Coupe,Toyota,F-150,Houston,V6,Diesel,A,FWD,False,True,38.8,44.8,66.0,71.9,102.1
SAMPLE00004109,46728.47,107611.0,2018,191.1,2500,376,Sedan,BMW,Civic,Phoenix,I6,Gasoline,A,AWD,True,True,34.5,42.2,71.2,69.6,118.0
SAMPLE00004110,46015.58,141495.0,2015,223.3,1500,497,SUV / Crossover,BMW,Silverado,Chicago,I6,Diesel,M,AWD,False,False,33.3,40.3,66.8,71.2,109.3
SAMPLE00004111,42515.32,79166.0,2013,106.9,3000,437,Sedan,Nissan,Camry,Phoenix,I4,Hybrid,A,FWD,True,True,33.6,41.9,62.5,77.7,120.0
SAMPLE00004112,18816.67,81004.0,2020,300.6,2500,343,Coupe,Toyota,3 Series,Phoenix,I6,Hybrid,A,FWD,False,False,34.8,38.0,73.8,76.8,112.7
SAMPLE00004113,19943.23,69155.0,2020,353.5,1500,421,Hatchback,Honda,Civic,Phoenix,V6,Gasoline,M,FWD,False,False,39.5,44.4,75.5,68.2,113.8
SAMPLE00004114,48050.16,48884.0,2015,206.4,2500,155,Coupe,Honda,Altima,New York,V6,Gasoline,M,AWD,True,False,33.1,43.5,61.4,80.6,109.4
SAMPLE00004115,33752.72,71348.0,2014,113.8,3500,334,Sedan,BMW,3 Series,Chicago,I4,Hybrid,M,RWD,False,False,39.5,39.2,61.5,68.7,108.7
SAMPLE00004116,65449.74,90421.0,2021,396.0,2500,18,Coupe,Chevrolet,Camry,New York,I6,Gasoline,M,RWD,False,False,38.4,42.3,68.1,69.3,116.0
SAMPLE00004117,37362.48,147899.0,2022,179.1,3500,68,SUV / Crossover,Toyota,Civic,Los Angeles,I6,Gasoline,M,AWD,False,True,37.6,38.1,73.8,80.1,109.0
SAMPLE00004118,22880.48,140665.0,2017,138.0,1500,447,Coupe,Nissan,Altima,Houston,V6,Diesel,A,AWD,False,False,41.2,39.5,67.0,79.0,110.0
SAMPLE00004119,54309.54,129323.0,2014,210.9,3500,131,Truck,Nissan,F-150,New York,I4,Hybrid,M,FWD,True,True,40.5,39.2,56.4,71.7,107.8
SAMPLE00004120,31134.44,133370.0,2012,321.6,2500,255,Coupe,Chevrolet,3 Series,Phoenix,V6,Diesel,M,FWD,False,False,36.8,39.1,61.8,79.3,103.9
SAMPLE00004121,43900.87,70177.0,2015,188.2,3500,208,Sedan,Honda,Silverado,Los Angeles,I6,Hybrid,A,FWD,True,False,33.1,41.9,66.6,68.3,117.0
SAMPLE00004122,53380.8,98617.0,2012,272.4,3000,9,Truck,BMW,Silverado,Chicago,V6,Diesel,M,AWD,True,False,39.4,44.8,71.9,72.7,104.4
SAMPLE00004123,64514.53,134260.0,2013,224.7,3500,139,Hatchback,Chevrolet,3 Series,Chicago,V6,Hybrid,M,FWD,True,False,33.4,38.9,72.8,80.9,106.0
SAMPLE00004124,58570.52,58943.0,2014,135.3,3500,452,Sedan,Honda,Camry,New York,I6,Hybrid,A,FWD,False,True,35.5,44.1,72.3,76.1,111.9
SAMPLE00004125,52199.86,144264.0,2019,199.1,2000,134,SUV / Crossover,Honda,Camry,Phoenix,I6,Hybrid,A,AWD,False,True,37.4,38.6,57.2,82.5,106.5
SAMPLE00004126,52379.83,62368.0,2021,317.5,3000,254,Coupe,Nissan,Camry,Phoenix,I6,Gasoline,A,RWD,True,True,33.9,38.6,69.2,70.4,107.1
SAMPLE00004127,67025.86,90162.0,2015,283.6,1500,299,Coupe,Honda,Silverado,Chicago,V6,Diesel,A,FWD,True,True,39.1,42.4,64.8,82.7,100.1
SAMPLE00004128,31270.33,106471.0,2015,135.9,3500,406,Sedan,Chevrolet,Silverado,Phoenix,V6,Gasoline,A,RWD,True,False,35.9,42.0,62.2,76.3,116.0
SAMPLE00004129,15061.17,142589.0,2021,149.0,3000,257,Coupe,Ford,F-150,Houston,V6,Gasoline,A,FWD,False,True,36.3,40.4,74.0,69.7,109.9
SAMPLE00004130,29957.5,36692.0,2020,292.2,1500,93,Coupe,BMW,Camry,New York,I4,Hybrid,M,FWD,True,True,38.8,41.7,63.2,68.8,103.9
SAMPLE00004131,26984.03,111920.0,2018,344.0,3000,371,Hatchback,Honda,Silverado,New York,I4,Hybrid,A,FWD,False,True,36.6,43.3,59.2,68.0,114.2
SAMPLE00004132,51400.9,78122.0,2013,204.8,2000,240,Coupe,Chevrolet,Silverado,Phoenix,I6,Gasoline,A,AWD,True,False,35.0,43.4,71.0,78.8,113.1
SAMPLE00004133,49854.14,40284.0,2014,278.6,1500,236,Coupe,Nissan,Camry,Chicago,I4,Gasoline,A,AWD,False,True,34.6,38.1,58.1,71.8,107.5
SAMPLE00004134,47640.38,116491.0,2015,151.2,1500,164,Hatchback,Toyota,Camry,Houston,I6,Gasoline,A,FWD,True,False,39.5,38.5,61.8,70.5,111.6
SAMPLE00004135,15893.39,82833.0,2015,193.4,3500,324,Coupe,Nissan,Silverado,Houston,V6,Hybrid,M,FWD,False,True,39.8,38.0,65.2,78.2,113.3
SAMPLE00004136,55082.79,99146.0,2021,106.1,2500,147,Hatchback,BMW,Altima,Houston,I6,Hybrid,A,AWD,False,True,34.8,38.1,58.3,75.0,101.2
SAMPLE00004137,32794.17,48435.0,2019,330.5,1500,217,SUV / Crossover,Toyota,3 Series,Los Angeles,V6,Hybrid,M,AWD,False,True,35.9,43.9,61.6,75.6,108.4
SAMPLE00004138,51578.08,72191.0,2021,220.3,1500,427,Coupe,Toyota,Silverado,Phoenix,I6,Diesel,M,RWD,True,True,41.6,38.6,69.8,70.3,110.5
SAMPLE00004139,45611.81,92603.0,2021,344.8,2000,107,Sedan,Nissan,F-150,Houston,I4,Gasoline,A,AWD,False,False,41.9,43.0,67.8,72.3,114.5
SAMPLE00004140,33850.2,60737.0,2017,312.5,2000,230,Truck,Chevrolet,Civic,Phoenix,V6,Gasoline,M,FWD,True,False,38.3,44.9,74.4,69.7,107.6
SAMPLE00004141,22401.69,29756.0,2014,348.6,2000,69,SUV / Crossover,Nissan,Altima,Chicago,V6,Diesel,A,AWD,False,False,39.8,43.7,58.2,73.7,103.4
SAMPLE00004142,20193.04,144246.0,2022,185.7,3500,220,Coupe,Ford,Camry,Chicago,V6,Gasoline,M,RWD,False,True,39.7,38.5,74.9,73.2,101.8
SAMPLE00004143,60733.51,76720.0,2020,155.5,1500,73,Sedan,Chevrolet,F-150,Chicago,I4,Gasoline,M,RWD,False,True,36.6,44.3,56.7,81.2,116.2
SAMPLE00004144,65511.86,110088.0,2021,391.6,2000,178,Truck,Chevrolet,3 Series,Los Angeles,I4,Gasoline,M,FWD,False,False,33.4,44.7,72.1,84.8,109.6
SAMPLE00004145,50738.34,61657.0,2019,315.2,2000,79,Hatchback,BMW,Civic,Chicago,I4,Diesel,M,AWD,True,True,39.7,42.9,59.8,85.0,104.6
SAMPLE00004146,20688.88,53270.0,2020,350.2,3000,353,Coupe,Chevrolet,Altima,Phoenix,V6,Diesel,A,RWD,False,False,34.2,42.3,75.8,74.6,116.1
SAMPLE00004147,37111.5,61075.0,2016,103.9,3000,158,Hatchback,BMW,Silverado,New York,I6,Gasoline,M,RWD,True,True,35.6,42.2,56.0,81.5,116.2
SAMPLE00004148,55091.66,61379.0,2014,206.3,2000,355,SUV / Crossover,Honda,Camry,New York,I6,Hybrid,A,RWD,False,False,35.8,43.7,68.3,72.7,113.0
SAMPLE00004149,57890.15,81627.0,2015,322.8,3500,168,Truck,BMW,Silverado,Phoenix,I4,Gasoline,M,FWD,False,False,36.1,41.9,55.3,70.4,102.4
SAMPLE00004150,21502.02,81520.0,2016,123.4,2500,313,Truck,Chevrolet,F-150,New York,I6,Gasoline,A,RWD,True,False,37.2,40.3,71.9,78.9,106.1
SAMPLE00004151,15001.69,74573.0,2020,270.2,3000,388,Hatchback,Honda,Camry,Houston,V6,Hybrid,M,AWD,True,True,37.5,44.8,55.8,76.1,117.6
SAMPLE00004152,54167.54,20218.0,2020,228.7,3000,160,Hatchback,Honda,Silverado,New York,V6,Gasoline,A,FWD,True,True,37.4,38.3,71.7,78.1,102.4
SAMPLE00004153,34612.79,74411.0,2014,105.3,1500,426,SUV / Crossover,Ford,Camry,Los Angeles,I4,Gasoline,M,AWD,True,True,34.5,42.7,73.6,74.2,114.0
SAMPLE00004154,28996.47,25366.0,2018,170.8,1500,402,Sedan,Nissan,F-150,Chicago,I4,Diesel,A,AWD,True,True,38.8,42.1,75.6,73.1,105.1
SAMPLE00004155,15709.36,18920.0,2017,185.4,2000,31,Coupe,Chevrolet,Silverado,New York,I6,Gasoline,A,RWD,True,False,40.1,42.5,63.3,83.8,100.7
SAMPLE00004156,44716.47,139897.0,2015,133.6,1500,120,Sedan,Toyota,Civic,New York,I6,Hybrid,M,FWD,True,True,37.2,42.5,67.5,83.0,113.8
SAMPLE00004157,61813.29,90743.0,2016,289.5,1500,214,Truck,Nissan,3 Series,Los Angeles,I6,Diesel,M,FWD,True,False,40.5,38.9,71.9,70.1,105.3
SAMPLE00004158,67669.74,98924.0,2021,172.7,2500,2,Coupe,Chevrolet,Silverado,Los Angeles,I4,Diesel,M,AWD,False,True,37.0,38.9,73.9,79.1,114.9
SAMPLE00004159,46115.97,60269.0,2013,183.3,3500,384,SUV / Crossover,Toyota,Camry,New York,I4,Hybrid,M,FWD,True,False,38.1,38.5,73.0,74.1,107.3
SAMPLE00004160,43295.37,136347.0,2022,369.5,2000,227,Sedan,Nissan,Altima,Houston,I4,Hybrid,M,FWD,False,False,33.6,44.6,74.5,77.6,104.4
SAMPLE00004161,19678.1,95690.0,2018,240.1,2500,424,Sedan,Ford,Silverado,New York,V6,Diesel,A,FWD,True,True,34.3,42.3,75.6,71.5,118.2
SAMPLE00004162,45188.0,115375.0,2015,217.6,2000,475,Coupe,Chevrolet,Camry,Houston,I6,Gasoline,A,FWD,True,True,39.9,38.5,70.0,80.3,107.1
SAMPLE00004163,35898.85,55284.0,2013,317.2,3500,47,SUV / Crossover,Nissan,Altima,Chicago,I4,Gasoline,M,RWD,True,False,35.2,41.0,59.0,73.3,118.3
SAMPLE00004164,48392.44,144002.0,2022,372.9,2000,166,SUV / Crossover,Ford,F-150,Phoenix,I4,Diesel,M,AWD,True,False,33.8,40.5,74.2,79.7,119.2
SAMPLE00004165,36379.95,123069.0,2017,107.5,1500,388,Sedan,Toyota,Altima,Chicago,I4,Gasoline,M,AWD,False,True,38.1,39.0,65.7,70.4,108.1
SAMPLE00004166,28216.45,128092.0,2022,234.5,3500,332,Sedan,BMW,3 Series,New York,I6,Diesel,M,FWD,True,False,33.8,43.8,56.2,70.3,114.4
SAMPLE00004167,20223.09,25829.0,2013,283.2,2500,10,Hatchback,Chevrolet,Camry,New York,I6,Hybrid,M,FWD,True,False,39.2,43.4,69.4,73.9,107.9
SAMPLE00004168,32320.51,40644.0,2021,195.6,2500,237,Coupe,Honda,Silverado,Houston,V6,Gasoline,A,AWD,True,False,39.2,41.2,71.7,85.0,113.1
SAMPLE00004169,20315.47,42844.0,2013,331.7,3000,277,SUV / Crossover,Honda,Altima,Los Angeles,V6,Gasoline,A,AWD,True,True,37.1,41.7,65.5,82.6,115.4
SAMPLE00004170,24729.33,40636.0,2018,391.4,2500,240,Truck,Ford,F-150,Houston,V6,Diesel,A,RWD,True,True,39.2,41.1,66.7,78.6,112.8
SAMPLE00004171,69303.49,128311.0,2012,383.0,3000,470,Coupe,BMW,Altima,Los Angeles,V6,Diesel,M,FWD,True,True,40.2,41.9,67.6,73.3,105.8
SAMPLE00004172,39425.7,4783.0,2018,179.8,1500,191,Hatchback,Honda,Civic,Los Angeles,I4,Gasoline,M,AWD,False,False,34.8,43.1,60.8,70.8,106.2
SAMPLE00004173,44252.95,11415.0,2021,167.9,2500,11,Coupe,Honda,Silverado,Los Angeles,V6,Gasoline,M,RWD,True,False,38.8,44.1,63.6,80.6,117.2
SAMPLE00004174,63049.02,41087.0,2016,387.2,3500,52,Sedan,Chevrolet,3 Series,Los Angeles,I4,Gasoline,A,RWD,False,True,39.2,42.1,73.6,71.5,111.3
SAMPLE00004175,69756.29,29981.0,2012,237.6,3000,54,Coupe,Honda,F-150,New York,I4,Hybrid,M,FWD,False,True,34.8,38.9,55.7,75.0,118.0
SAMPLE00004176,47049.29,34779.0,2017,162.5,2500,308,Coupe,Toyota,Silverado,Phoenix,I6,Gasoline,M,RWD,True,True,39.5,43.4,67.8,77.0,108.4
SAMPLE00004177,59686.06,119691.0,2018,312.1,1500,20,Coupe,Ford,Camry,Phoenix,I4,Gasoline,M,RWD,True,False,39.5,40.6,55.7,69.6,105.3
SAMPLE00004178,32981.76,84469.0,2012,185.3,3500,18,Truck,Nissan,Camry,Chicago,I6,Diesel,A,RWD,True,True,34.4,42.4,59.6,81.2,112.2
SAMPLE00004179,31815.92,866.0,2020,180.2,3500,452,Hatchback,Honda,Camry,Chicago,V6,Hybrid,A,RWD,False,True,35.9,39.4,63.6,84.0,117.8
SAMPLE00004180,37148.7,64398.0,2018,363.8,1500,343,Coupe,Chevrolet,Silverado,Chicago,V6,Diesel,A,RWD,True,False,41.5,39.1,59.3,70.5,110.0
SAMPLE00004181,51987.9,61183.0,2012,148.7,2500,349,Coupe,Nissan,3 Series,Houston,I6,Gasoline,A,FWD,False,False,33.6,38.4,74.5,82.7,105.6
SAMPLE00004182,52520.54,17092.0,2014,119.3,2000,455,Truck,Toyota,Camry,Chicago,I6,Hybrid,A,FWD,True,False,35.1,40.2,75.0,76.2,104.4
SAMPLE00004183,32338.17,101421.0,2016,180.8,2500,321,SUV / Crossover,Nissan,Silverado,Chicago,V6,Gasoline,A,FWD,True,True,38.2,42.2,58.5,70.3,109.0
SAMPLE00004184,22326.55,105315.0,2015,282.1,3000,314,Coupe,Honda,Silverado,Chicago,I4,Hybrid,M,FWD,False,False,41.7,40.2,75.5,78.3,117.1
SAMPLE00004185,49781.79,108134.0,2013,136.9,3000,432,Coupe,Ford,3 Series,New York,I4,Hybrid,M,AWD,True,True,35.3,39.7,60.3,83.8,105.7
SAMPLE00004186,22057.92,109271.0,2012,241.5,2500,481,SUV / Crossover,Ford,F-150,Chicago,I6,Hybrid,M,FWD,True,False,40.4,45.0,55.3,84.3,111.1
SAMPLE00004187,46817.09,8.0,2015,288.2,3000,58,Coupe,Ford,F-150,Phoenix,I4,Hybrid,A,FWD,True,False,36.3,45.0,71.9,80.2,103.5
SAMPLE00004188,53138.22,143088.0,2018,354.6,2000,150,Coupe,Honda,Silverado,New York,I4,Hybrid,A,FWD,False,True,36.2,42.2,66.9,76.4,114.9
SAMPLE00004189,53533.63,122131.0,2022,169.0,2000,258,Coupe,Toyota,F-150,Los Angeles,V6,Hybrid,A,RWD,False,True,42.0,40.3,66.5,71.2,109.2
SAMPLE00004190,56440.97,135597.0,2015,345.2,3500,439,Hatchback,BMW,Civic,Houston,I6,Diesel,A,RWD,False,True,40.4,44.0,55.1,78.2,104.8
SAMPLE00004191,63007.27,2346.0,2020,170.5,3000,371,Sedan,Nissan,3 Series,New York,V6,Diesel,M,RWD,False,False,35.2,43.2,77.5,78.4,115.1
SAMPLE00004192,42497.74,140079.0,2019,303.0,2500,57,Hatchback,Ford,Silverado,New York,I4,Gasoline,M,FWD,True,False,34.7,42.3,74.1,69.9,114.6
SAMPLE00004193,55163.71,121468.0,2019,229.2,3500,215,SUV / Crossover,Toyota,F-150,Phoenix,I4,Hybrid,A,AWD,False,False,33.8,44.4,77.3,72.3,100.7
SAMPLE00004194,49054.5,125583.0,2016,134.4,2000,61,Hatchback,Chevrolet,Altima,Chicago,V6,Hybrid,A,AWD,False,True,37.3,41.1,60.6,73.2,108.8
SAMPLE00004195,25265.2,13993.0,2012,314.3,3500,145,Hatchback,Chevrolet,F-150,Los Angeles,I4,Diesel,A,FWD,True,True,36.0,39.8,68.9,82.6,111.9
SAMPLE00004196,16412.93,110817.0,2020,165.3,1500,444,Truck,Toyota,3 Series,Phoenix,I4,Gasoline,M,AWD,False,False,36.4,44.8,72.2,77.9,105.1
SAMPLE00004197,30649.78,143988.0,2013,153.0,3000,381,SUV / Crossover,Chevrolet,Altima,Phoenix,V6,Gasoline,A,AWD,True,False,36.9,44.0,73.5,72.1,101.1
SAMPLE00004198,39366.85,101782.0,2017,207.5,2500,238,SUV / Crossover,Chevrolet,Camry,New York,I4,Diesel,M,FWD,True,False,41.9,44.4,73.0,73.3,105.7
SAMPLE00004199,48940.83,85584.0,2021,296.0,2000,292,SUV / Crossover,Ford,F-150,Los Angeles,V6,Diesel,M,RWD,False,False,33.0,44.4,68.2,70.5,117.3
SAMPLE00004200,61747.76,141844.0,2016,170.2,3500,181,Hatchback,Honda,Altima,Phoenix,I6,Hybrid,A,AWD,True,True,36.8,40.7,55.7,68.8,106.8
SAMPLE00004201,25793.51,66441.0,2021,155.1,2500,368,SUV / Crossover,Honda,3 Series,Houston,I4,Diesel,A,RWD,False,True,33.6,44.0,77.9,76.7,115.7
SAMPLE00004202,21905.24,89894.0,2019,103.0,3000,94,Truck,Honda,Altima,Houston,I4,Hybrid,A,FWD,True,False,39.1,44.2,57.6,68.5,114.0
SAMPLE00004203,67991.4,71451.0,2022,241.5,2500,77,Coupe,Honda,Camry,Phoenix,V6,Gasoline,M,RWD,False,True,33.5,41.8,59.2,84.9,119.2
SAMPLE00004204,20942.45,139927.0,2014,228.6,3000,448,Hatchback,Toyota,Altima,New York,I6,Hybrid,M,AWD,False,True,39.9,42.4,74.0,81.1,117.4
SAMPLE00004205,41317.01,11413.0,2017,170.2,3000,141,Coupe,Ford,Silverado,Houston,I4,Diesel,M,RWD,True,False,40.8,42.0,57.3,81.2,118.8
SAMPLE00004206,47206.01,75168.0,2017,116.1,3000,104,Coupe,Toyota,Camry,New York,I4,Hybrid,M,RWD,False,False,41.7,38.1,59.9,80.8,100.5
SAMPLE00004207,44775.59,103043.0,2021,228.8,3500,260,Hatchback,Nissan,F-150,Chicago,I6,Hybrid,M,RWD,False,False,34.1,41.7,55.5,78.9,105.9
SAMPLE00004208,19731.77,118786.0,2014,336.5,3000,94,Hatchback,Nissan,Silverado,Chicago,I4,Diesel,M,FWD,False,True,41.8,38.3,58.6,69.2,117.5
SAMPLE00004209,18136.48,87453.0,2018,314.6,2500,222,SUV / Crossover,Chevrolet,Silverado,New York,V6,Hybrid,A,FWD,False,True,36.7,41.2,70.2,75.8,107.5
SAMPLE00004210,20801.59,136338.0,2022,358.2,1500,477,Truck,Ford,Camry,Phoenix,I6,Gasoline,A,FWD,True,True,38.7,38.3,63.3,72.7,101.1
SAMPLE00004211,47207.32,141299.0,2015,102.9,2500,483,Hatchback,BMW,Silverado,Chicago,I6,Hybrid,A,FWD,False,True,33.0,41.2,58.1,73.1,118.6
SAMPLE00004212,44938.97,9648.0,2016,389.9,3500,189,Coupe,Honda,Camry,Chicago,I4,Diesel,M,RWD,True,False,36.3,40.1,61.1,74.3,109.0
SAMPLE00004213,27855.74,60356.0,2020,202.4,3000,128,Hatchback,Nissan,Camry,Houston,I6,Diesel,A,AWD,True,False,36.2,43.4,72.3,73.5,101.0
SAMPLE00004214,50077.58,3519.0,2017,397.1,1500,318,Truck,Nissan,Altima,Phoenix,I6,Diesel,A,RWD,True,False,37.5,41.4,67.8,79.3,105.7
SAMPLE00004215,60103.71,49412.0,2021,175.8,3500,194,Sedan,Chevrolet,Camry,New York,I6,Hybrid,A,RWD,False,False,34.2,41.6,65.9,68.1,117.1
SAMPLE00004216,17286.84,80530.0,2015,241.5,2000,19,Coupe,Honda,3 Series,Chicago,I4,Gasoline,M,RWD,True,False,39.2,44.3,56.1,74.2,115.8
SAMPLE00004217,42397.15,136619.0,2019,206.2,2000,298,Sedan,Honda,F-150,Phoenix,I6,Diesel,A,AWD,False,False,38.4,41.4,66.8,84.1,119.9
SAMPLE00004218,52912.07,126983.0,2020,206.7,2000,239,Sedan,Honda,Silverado,Chicago,I4,Diesel,A,AWD,True,False,34.9,39.1,66.1,72.4,108.8
SAMPLE00004219,28877.16,19125.0,2021,352.7,1500,234,Truck,Nissan,Civic,Houston,I6,Gasoline,M,AWD,True,True,41.9,38.8,65.2,78.6,106.1
SAMPLE00004220,31927.4,13955.0,2016,323.9,2500,84,Hatchback,BMW,Altima,Phoenix,V6,Diesel,A,RWD,False,False,33.1,40.1,66.2,77.5,102.7
SAMPLE00004221,48750.08,88390.0,2013,397.6,1500,93,Sedan,Chevrolet,F-150,Los Angeles,I6,Hybrid,A,FWD,True,True,36.0,39.9,56.7,76.3,106.0
SAMPLE00004222,64386.44,79818.0,2017,284.1,1500,41,SUV / Crossover,Honda,Civic,Houston,I6,Diesel,M,FWD,False,True,35.4,43.7,76.5,70.1,104.0
SAMPLE00004223,59545.84,39957.0,2022,239.0,1500,363,Hatchback,Honda,Camry,New York,I6,Diesel,A,RWD,False,False,38.0,43.3,62.0,82.2,113.4
SAMPLE00004224,47072.16,134918.0,2019,127.0,2000,349,Coupe,Ford,Silverado,Phoenix,V6,Hybrid,M,FWD,False,True,41.0,38.4,70.0,77.6,115.3
SAMPLE00004225,55162.19,139105.0,2016,399.0,2500,452,Hatchback,Honda,Altima,Chicago,I6,Gasoline,M,FWD,True,True,38.9,39.4,63.3,77.2,116.1
SAMPLE00004226,35065.24,60392.0,2012,265.5,1500,73,Truck,Ford,F-150,Phoenix,V6,Gasoline,A,RWD,False,True,33.4,41.1,62.5,84.1,115.0
SAMPLE00004227,50253.1,133545.0,2019,310.1,2500,471,Truck,Chevrolet,Civic,New York,V6,Diesel,M,RWD,False,True,40.8,38.6,71.7,69.4,109.8
SAMPLE00004228,40639.99,57592.0,2020,222.0,3000,364,Coupe,Chevrolet,Civic,Phoenix,V6,Hybrid,A,FWD,False,False,35.4,39.2,64.6,76.4,107.8
SAMPLE00004229,25446.49,110523.0,2012,264.3,1500,114,Coupe,Chevrolet,Civic,Chicago,I4,Hybrid,A,RWD,True,True,34.0,44.4,69.2,80.0,102.0
SAMPLE00004230,53595.61,71391.0,2019,382.8,1500,422,Coupe,Ford,F-150,Houston,I4,Gasoline,A,FWD,False,False,36.9,41.8,61.3,81.6,111.6
SAMPLE00004231,45605.56,18387.0,2021,149.9,1500,189,Truck,Nissan,3 Series,Houston,V6,Gasoline,A,AWD,False,True,41.1,43.6,61.1,68.0,109.1
SAMPLE00004232,34724.19,139190.0,2013,187.7,3000,431,Hatchback,Nissan,Camry,Chicago,I4,Gasoline,A,AWD,True,True,33.3,40.3,59.6,79.6,104.9
SAMPLE00004233,65123.66,68114.0,2015,145.6,3000,124,Sedan,BMW,Silverado,Los Angeles,V6,Hybrid,M,RWD,True,False,38.6,40.6,61.9,84.2,116.1
SAMPLE00004234,16151.38,110173.0,2013,337.7,2000,5,Sedan,BMW,Civic,Los Angeles,I4,Hybrid,M,FWD,False,False,36.0,44.0,56.5,80.4,114.2
SAMPLE00004235,32367.52,55076.0,2013,118.6,3500,457,SUV / Crossover,Nissan,Altima,Houston,I4,Hybrid,A,AWD,False,True,38.6,42.6,56.8,75.1,111.4
SAMPLE00004236,18128.48,2832.0,2021,124.5,2500,378,Truck,Nissan,F-150,New York,I6,Diesel,M,RWD,False,False,35.4,42.7,74.6,82.9,104.0
SAMPLE00004237,57159.0,15080.0,2014,189.5,3500,41,Coupe,Honda,Altima,Phoenix,I4,Diesel,A,AWD,False,False,41.7,42.5,61.4,82.9,111.4
SAMPLE00004238,53615.91,74433.0,2019,254.3,1500,57,Hatchback,Chevrolet,Civic,Chicago,I4,Gasoline,A,AWD,False,False,34.0,41.8,67.4,79.7,104.1
SAMPLE00004239,33224.37,103495.0,2015,221.9,1500,426,Truck,Nissan,F-150,New York,I6,Gasoline,A,RWD,True,False,34.4,44.9,66.4,79.3,114.6
SAMPLE00004240,52161.46,50210.0,2018,113.4,2000,9,SUV / Crossover,Toyota,Altima,Phoenix,V6,Diesel,A,AWD,True,False,33.4,44.3,69.6,73.9,103.4
SAMPLE00004241,36776.55,104323.0,2021,387.2,3500,88,Sedan,Nissan,3 Series,Houston,I6,Diesel,M,RWD,False,True,40.2,43.0,69.9,72.1,114.8
SAMPLE00004242,56593.96,104795.0,2014,385.9,1500,333,Hatchback,Honda,Civic,Chicago,I4,Diesel,A,RWD,False,False,33.8,42.7,63.4,78.7,110.8
SAMPLE00004243,39980.1,105590.0,2021,183.8,3500,110,Sedan,Nissan,Civic,New York,I4,Diesel,A,AWD,False,True,35.5,38.6,58.1,68.1,119.5
SAMPLE00004244,37675.39,73878.0,2022,319.5,2000,38,Hatchback,BMW,Silverado,Phoenix,V6,Gasoline,A,AWD,False,True,34.9,41.4,59.1,82.3,109.3
SAMPLE00004245,66410.15,137233.0,2014,273.6,3500,396,Coupe,BMW,F-150,Houston,I4,Diesel,A,FWD,True,True,36.2,41.5,63.3,83.3,104.8
SAMPLE00004246,28798.35,73379.0,2013,171.2,2500,458,Hatchback,Chevrolet,F-150,Houston,I6,Diesel,M,AWD,False,False,39.9,38.4,67.9,70.8,116.8
SAMPLE00004247,21624.6,67540.0,2017,178.7,2000,166,Coupe,Ford,3 Series,Phoenix,V6,Hybrid,A,FWD,False,True,41.6,43.3,69.1,77.7,111.6
SAMPLE00004248,47149.87,29907.0,2017,247.3,3500,10,Truck,Honda,Civic,Los Angeles,I6,Gasoline,M,RWD,True,False,40.9,38.0,76.4,71.0,110.7
SAMPLE00004249,68312.7,46148.0,2012,225.8,1500,109,Sedan,Ford,Silverado,Los Angeles,I4,Gasoline,M,AWD,False,False,40.6,41.0,62.0,76.4,102.1
SAMPLE00004250,35781.16,6350.0,2018,187.4,3000,496,Hatchback,BMW,Altima,Phoenix,V6,Hybrid,M,AWD,True,False,36.8,44.3,57.5,78.9,107.6
SAMPLE00004251,18412.02,95030.0,2015,342.3,3000,15,Hatchback,Chevrolet,Camry,Phoenix,I4,Gasoline,M,RWD,False,True,40.2,40.4,67.4,74.6,100.1
SAMPLE00004252,33661.79,37280.0,2022,244.4,2000,32,SUV / Crossover,BMW,Silverado,Phoenix,I4,Gasoline,A,AWD,False,False,40.0,42.1,56.5,83.2,104.3
SAMPLE00004253,42826.24,45623.0,2014,296.5,3000,232,Sedan,Chevrolet,Altima,Houston,I6,Diesel,M,FWD,True,True,35.2,40.2,58.8,83.2,110.5
SAMPLE00004254,23905.77,115622.0,2019,156.8,2500,488,Truck,Nissan,Silverado,Chicago,I4,Diesel,M,AWD,False,False,35.4,39.3,67.7,77.0,109.5
SAMPLE00004255,51195.62,49083.0,2013,260.1,2000,187,Coupe,Toyota,Altima,Houston,I6,Gasoline,M,FWD,False,True,37.5,43.1,76.3,77.9,111.3
SAMPLE00004256,69876.22,36329.0,2020,195.4,1500,223,Truck,Ford,Silverado,Houston,I4,Hybrid,M,AWD,False,True,41.7,39.4,59.5,68.0,117.4
SAMPLE00004257,39845.67,25359.0,2019,257.9,1500,58,SUV / Crossover,Honda,Silverado,Los Angeles,I6,Hybrid,M,AWD,True,False,34.0,38.5,63.3,73.7,105.2
SAMPLE00004258,34510.07,116229.0,2019,334.2,2000,457,Truck,Chevrolet,Civic,Phoenix,I6,Gasoline,A,RWD,True,False,41.9,41.0,65.2,80.9,113.5
SAMPLE00004259,37038.73,19456.0,2014,330.7,3000,50,Coupe,Nissan,Silverado,Houston,V6,Gasoline,A,FWD,False,False,34.4,43.0,76.9,84.9,111.0
SAMPLE00004260,21333.04,68063.0,2015,206.3,3000,270,Sedan,Nissan,Altima,Houston,V6,Gasoline,M,RWD,True,True,37.4,42.1,71.9,84.1,116.4
SAMPLE00004261,63580.05,76040.0,2013,308.3,1500,463,SUV / Crossover,Toyota,Altima,Phoenix,I4,Gasoline,M,RWD,False,False,35.7,39.7,62.6,69.6,105.3
SAMPLE00004262,37815.41,103108.0,2013,382.4,2500,42,Hatchback,Nissan,F-150,Chicago,I4,Diesel,A,RWD,True,True,36.8,43.7,61.2,75.1,119.8
SAMPLE00004263,36300.09,94993.0,2015,287.7,3000,26,Hatchback,Nissan,Altima,Los Angeles,V6,Diesel,M,FWD,False,True,41.6,38.7,66.9,68.9,113.3
SAMPLE00004264,51282.97,121608.0,2017,144.5,2500,55,Sedan,Toyota,F-150,New York,I6,Gasoline,A,RWD,True,True,38.7,42.7,63.8,82.2,100.8
SAMPLE00004265,39311.84,6713.0,2016,303.9,3000,120,Truck,Ford,Altima,Houston,I6,Hybrid,M,FWD,False,False,35.7,42.2,69.2,80.4,100.1
SAMPLE00004266,50652.84,44466.0,2012,131.5,2000,112,Hatchback,Nissan,Silverado,Chicago,V6,Diesel,M,FWD,False,False,38.7,44.3,67.3,83.7,117.4
SAMPLE00004267,18379.55,42020.0,2021,361.6,3500,315,SUV / Crossover,Chevrolet,Altima,New York,V6,Gasoline,A,AWD,True,False,37.1,41.7,55.8,76.5,105.2
SAMPLE00004268,59754.78,21903.0,2012,255.0,1500,114,Coupe,Honda,F-150,Phoenix,I4,Hybrid,M,FWD,False,False,41.5,43.7,56.7,69.8,104.7
SAMPLE00004269,66727.72,43377.0,2017,215.5,2000,108,Truck,Honda,Civic,New York,I6,Diesel,M,FWD,True,True,36.2,39.5,58.1,77.9,111.0
SAMPLE00004270,50682.1,46465.0,2014,117.1,3000,479,Coupe,Honda,Camry,Phoenix,V6,Diesel,A,AWD,True,True,38.3,41.8,70.0,82.7,103.4
SAMPLE00004271,67501.13,78283.0,2014,214.2,1500,453,Truck,BMW,Silverado,Chicago,I6,Gasoline,M,RWD,False,False,40.6,41.7,77.5,68.9,105.8
SAMPLE00004272,23328.78,99556.0,2018,371.0,3500,174,SUV / Crossover,BMW,Altima,New York,I6,Hybrid,A,AWD,False,False,41.6,40.1,65.4,81.9,110.3
SAMPLE00004273,41257.89,57165.0,2012,106.3,3500,111,Coupe,Chevrolet,F-150,Los Angeles,V6,Gasoline,M,AWD,True,True,40.2,38.0,58.4,78.6,119.6
SAMPLE00004274,48099.37,107921.0,2012,242.4,3000,99,SUV / Crossover,Nissan,F-150,Chicago,I6,Diesel,A,AWD,False,False,41.4,43.2,69.0,70.2,103.1
SAMPLE00004275,46995.52,50425.0,2021,379.3,1500,7,Coupe,Nissan,Civic,New York,I4,Hybrid,M,FWD,False,True,37.2,40.8,69.4,79.2,100.8
SAMPLE00004276,37080.4,43543.0,2014,218.5,3000,446,Truck,Honda,Altima,Houston,V6,Diesel,A,AWD,False,True,39.9,40.1,72.4,69.1,114.2
SAMPLE00004277,33594.64,81178.0,2019,228.5,3500,472,SUV / Crossover,Toyota,Civic,New York,I6,Gasoline,A,FWD,True,False,33.9,39.4,71.3,71.0,112.3
SAMPLE00004278,21975.32,3557.0,2012,273.6,2000,134,Truck,Nissan,Camry,New York,V6,Gasoline,A,FWD,True,True,38.3,44.0,70.8,69.0,106.3
SAMPLE00004279,36545.83,11968.0,2021,238.9,2000,250,Truck,Honda,Altima,Los Angeles,V6,Diesel,M,FWD,False,True,33.1,40.3,71.7,77.9,105.6
SAMPLE00004280,23946.34,62695.0,2015,150.6,2500,336,Coupe,Chevrolet,3 Series,Chicago,I6,Gasoline,M,FWD,True,True,35.3,39.4,73.8,72.9,117.4
SAMPLE00004281,55390.11,141437.0,2020,105.6,3500,239,Coupe,Honda,3 Series,Houston,I4,Gasoline,A,RWD,True,False,39.0,41.7,75.6,72.9,106.4
SAMPLE00004282,26485.7,108227.0,2015,282.9,3500,221,SUV / Crossover,Ford,Altima,Chicago,V6,Diesel,M,FWD,True,True,34.5,43.5,55.1,79.0,111.9
SAMPLE00004283,18221.09,13219.0,2021,376.2,3000,385,Hatchback,Honda,3 Series,Chicago,I6,Hybrid,A,FWD,False,False,34.8,42.2,70.3,69.9,108.5
SAMPLE00004284,45380.14,126948.0,2019,131.9,2500,144,Sedan,Nissan,Camry,Houston,V6,Diesel,M,AWD,False,True,33.6,44.7,76.6,78.8,110.5
SAMPLE00004285,47737.64,109845.0,2018,163.3,2500,376,Coupe,Nissan,Silverado,Houston,V6,Diesel,A,AWD,False,False,39.7,44.7,72.4,79.9,117.8
SAMPLE00004286,62955.22,91642.0,2014,211.1,1500,3,Truck,Toyota,3 Series,Los Angeles,I6,Hybrid,M,FWD,False,True,37.0,44.3,56.9,82.6,109.0
SAMPLE00004287,46733.99,123044.0,2018,342.6,3000,281,Sedan,Chevrolet,3 Series,Phoenix,I4,Gasoline,M,RWD,True,True,41.0,42.0,71.9,79.4,116.5
SAMPLE00004288,34001.45,60616.0,2018,180.8,2000,333,SUV / Crossover,Chevrolet,Altima,Los Angeles,I6,Hybrid,M,RWD,True,True,36.3,43.4,60.8,79.1,112.0
SAMPLE00004289,59165.65,33225.0,2021,364.6,1500,327,Sedan,Toyota,F-150,Houston,V6,Diesel,M,AWD,False,True,36.9,40.0,59.2,79.2,107.3
SAMPLE00004290,44715.34,76804.0,2014,116.5,2500,196,Sedan,Chevrolet,F-150,New York,I4,Hybrid,M,RWD,False,False,37.5,42.0,59.7,68.7,100.5
SAMPLE00004291,19360.42,82326.0,2013,382.3,2000,388,Hatchback,Honda,Silverado,New York,I4,Gasoline,M,AWD,True,True,40.7,38.5,77.4,75.5,113.3
SAMPLE00004292,46121.78,80749.0,2020,268.2,3500,127,Hatchback,Chevrolet,Altima,Chicago,I4,Hybrid,M,RWD,False,True,35.6,39.8,70.2,77.4,113.9
SAMPLE00004293,64941.02,84761.0,2012,297.6,3000,260,Sedan,Honda,Civic,Chicago,I4,Hybrid,M,RWD,False,False,33.5,40.3,77.5,79.3,119.9
SAMPLE00004294,36797.19,142306.0,2018,210.3,2500,90,Hatchback,Chevrolet,Camry,Phoenix,V6,Diesel,A,RWD,False,True,38.6,40.5,74.5,73.0,114.2
SAMPLE00004295,31297.92,135337.0,2015,334.6,3500,324,Hatchback,Nissan,3 Series,Phoenix,I6,Hybrid,A,AWD,False,True,40.4,39.1,76.3,79.5,116.4
SAMPLE00004296,22890.82,131358.0,2013,150.0,2500,258,Sedan,Honda,Altima,Phoenix,I6,Diesel,A,AWD,False,False,38.0,38.6,67.8,74.7,103.3
SAMPLE00004297,23329.5,120213.0,2013,114.7,2000,421,Coupe,Honda,Altima,Phoenix,I4,Gasoline,M,FWD,False,True,35.9,42.0,63.0,80.2,115.3
SAMPLE00004298,38802.43,141514.0,2019,218.7,1500,93,Hatchback,Nissan,Camry,New York,I4,Hybrid,M,FWD,True,False,38.7,41.4,72.0,71.1,107.0
SAMPLE00004299,47762.39,14774.0,2018,356.1,2000,256,Sedan,Toyota,F-150,Houston,I6,Hybrid,A,RWD,True,True,41.9,42.1,55.4,73.2,119.6
SAMPLE00004300,19433.85,39768.0,2018,326.5,3000,135,Coupe,Toyota,Camry,Phoenix,I4,Diesel,A,RWD,False,False,38.2,38.9,69.8,84.1,109.0
SAMPLE00004301,66676.27,74258.0,2016,255.1,3000,12,Hatchback,Nissan,F-150,Los Angeles,I6,Diesel,A,RWD,False,True,35.8,44.6,77.0,80.9,109.3
SAMPLE00004302,56532.35,126980.0,2021,271.6,2500,467,Sedan,BMW,Camry,Phoenix,I6,Gasoline,A,AWD,True,False,35.2,40.9,74.5,83.3,110.0
SAMPLE00004303,47264.32,75775.0,2019,139.0,2000,197,Hatchback,Toyota,F-150,New York,I4,Diesel,A,RWD,True,False,42.0,41.1,59.4,71.4,106.2
SAMPLE00004304,60564.13,112205.0,2013,352.2,1500,497,Coupe,Honda,Camry,Chicago,I6,Diesel,A,FWD,False,False,40.7,41.8,57.9,84.0,107.6
SAMPLE00004305,19410.27,20844.0,2013,336.1,3000,177,Sedan,Honda,3 Series,Los Angeles,I6,Gasoline,A,RWD,False,True,35.5,42.8,74.0,80.7,107.8
SAMPLE00004306,41226.14,37862.0,2016,296.9,1500,111,Coupe,Chevrolet,3 Series,Phoenix,I6,Diesel,A,FWD,False,True,35.4,40.7,56.2,78.0,110.3
SAMPLE00004307,49655.12,109766.0,2012,239.9,3500,263,Truck,Chevrolet,Silverado,New York,I4,Diesel,A,RWD,True,False,40.2,39.0,77.9,68.2,102.8
SAMPLE00004308,60575.91,24710.0,2017,389.3,2500,413,SUV / Crossover,BMW,Camry,Chicago,V6,Diesel,A,RWD,False,True,41.9,43.5,65.8,68.9,112.0
SAMPLE00004309,58090.83,52703.0,2015,363.7,1500,368,Truck,Honda,Civic,Phoenix,V6,Diesel,M,RWD,False,False,37.2,39.8,76.3,81.1,110.8
SAMPLE00004310,30238.81,39730.0,2017,293.3,2500,423,Hatchback,BMW,Silverado,New York,V6,Gasoline,M,FWD,True,False,35.0,41.1,73.7,79.4,119.6
SAMPLE00004311,66748.41,52479.0,2018,211.5,3500,78,Coupe,Honda,Camry,New York,V6,Gasoline,M,FWD,True,True,35.1,42.4,71.0,71.6,117.5
SAMPLE00004312,21839.02,106249.0,2014,285.4,1500,377,Sedan,Toyota,Civic,Houston,V6,Diesel,A,AWD,False,False,40.2,44.8,59.7,75.5,109.3
SAMPLE00004313,63132.35,55177.0,2022,272.6,1500,255,Coupe,Chevrolet,3 Series,New York,I4,Hybrid,A,FWD,False,True,38.4,38.2,57.0,79.2,114.0
SAMPLE00004314,68401.71,83289.0,2019,218.3,3500,73,Hatchback,Nissan,3 Series,Phoenix,I4,Gasoline,M,RWD,True,False,38.7,41.6,70.1,68.3,113.1
SAMPLE00004315,24743.44,14990.0,2018,192.0,2000,382,Sedan,Nissan,Altima,New York,V6,Hybrid,M,FWD,False,True,34.7,44.6,59.4,79.5,104.7
SAMPLE00004316,54713.63,120753.0,2012,222.1,1500,160,Truck,BMW,3 Series,Los Angeles,V6,Diesel,A,RWD,False,False,34.2,39.8,74.1,74.8,106.7
SAMPLE00004317,17215.7,55483.0,2017,272.2,1500,200,Coupe,Ford,Altima,New York,I6,Diesel,M,RWD,True,False,33.1,38.8,56.5,69.6,100.7
SAMPLE00004318,37298.26,97280.0,2018,228.4,3000,368,SUV / Crossover,Nissan,Civic,New York,I6,Gasoline,M,FWD,False,True,41.2,42.2,67.0,70.8,101.9
SAMPLE00004319,43395.58,108808.0,2022,179.1,2000,307,Hatchback,Honda,F-150,Los Angeles,I6,Hybrid,M,AWD,True,True,36.2,39.1,64.7,75.3,106.2
SAMPLE00004320,46935.49,31449.0,2015,328.3,1500,376,Hatchback,Toyota,Camry,Phoenix,V6,Gasoline,M,FWD,False,True,39.8,44.2,76.3,78.6,115.6
SAMPLE00004321,66476.55,132701.0,2013,259.4,3500,32,Coupe,Ford,Silverado,Chicago,V6,Gasoline,M,FWD,True,False,41.0,43.1,75.7,73.9,114.3
SAMPLE00004322,51973.79,92434.0,2021,120.3,2500,72,Truck,Toyota,Altima,Houston,I4,Gasoline,M,RWD,True,False,38.4,38.8,71.6,69.9,119.3
SAMPLE00004323,41470.29,64309.0,2020,210.5,3500,461,Truck,Toyota,Silverado,Chicago,I6,Diesel,M,FWD,True,True,36.8,42.0,72.4,82.0,107.3
SAMPLE00004324,59532.13,27350.0,2018,365.5,2000,351,SUV / Crossover,Honda,3 Series,Phoenix,I6,Hybrid,M,AWD,True,True,33.3,38.2,71.3,76.5,106.9
SAMPLE00004325,67279.31,141345.0,2012,326.6,3000,292,SUV / Crossover,Toyota,F-150,Phoenix,I4,Diesel,M,RWD,False,True,36.0,43.9,70.5,72.8,102.1
SAMPLE00004326,16213.64,113260.0,2019,197.0,3000,197,Coupe,BMW,Altima,Los Angeles,I4,Diesel,A,FWD,True,True,35.9,39.4,77.9,79.6,115.8
SAMPLE00004327,69038.67,31204.0,2014,381.5,3000,324,Sedan,Ford,Camry,Chicago,I4,Diesel,M,AWD,False,True,38.1,43.1,71.9,73.7,103.3
SAMPLE00004328,19737.27,50657.0,2015,123.0,3500,387,Truck,Toyota,Altima,New York,I6,Gasoline,A,RWD,True,True,39.9,38.7,76.7,74.1,119.1
SAMPLE00004329,59791.27,121451.0,2016,388.4,2500,315,Sedan,Nissan,Camry,Los Angeles,I4,Diesel,A,AWD,True,True,39.4,41.3,65.1,72.7,106.3
SAMPLE00004330,30418.41,104352.0,2012,173.7,2500,239,Sedan,Nissan,Silverado,Los Angeles,V6,Diesel,A,AWD,True,True,40.8,44.5,78.0,74.1,112.9
SAMPLE00004331,22269.88,114868.0,2017,102.7,1500,463,Coupe,Toyota,Silverado,Houston,V6,Diesel,M,RWD,False,True,33.4,38.5,69.1,72.5,109.0
SAMPLE00004332,39192.06,66180.0,2021,230.1,2500,73,SUV / Crossover,Chevrolet,Silverado,Los Angeles,V6,Diesel,M,FWD,True,True,38.4,40.1,75.8,84.7,104.5
SAMPLE00004333,50417.61,107471.0,2017,207.7,2500,30,Sedan,Chevrolet,Camry,Chicago,I4,Diesel,M,AWD,False,False,34.7,43.5,57.1,72.4,109.1
SAMPLE00004334,35952.35,57974.0,2013,261.7,1500,478,Coupe,BMW,Altima,Phoenix,I6,Diesel,M,RWD,True,True,41.8,41.2,69.0,79.0,106.5
SAMPLE00004335,18001.1,31689.0,2022,339.0,3500,13,SUV / Crossover,Nissan,Silverado,Houston,I6,Hybrid,M,FWD,False,False,36.7,42.6,77.8,71.3,112.5
SAMPLE00004336,47970.36,94902.0,2021,352.7,3500,204,Sedan,Chevrolet,Camry,New York,I4,Gasoline,M,AWD,False,False,38.6,43.7,56.5,77.5,111.0
SAMPLE00004337,64632.18,146402.0,2017,220.4,2000,315,Sedan,Toyota,3 Series,Chicago,I4,Diesel,M,RWD,False,False,36.2,43.5,76.8,76.7,101.7
SAMPLE00004338,36076.85,46590.0,2019,229.0,3500,67,SUV / Crossover,Nissan,Altima,New York,I6,Gasoline,M,AWD,False,False,35.0,40.8,58.4,77.4,101.4
SAMPLE00004339,26898.3,69145.0,2017,144.5,3000,127,SUV / Crossover,Toyota,Altima,Los Angeles,V6,Hybrid,M,FWD,False,False,39.2,41.0,77.9,74.1,119.3
SAMPLE00004340,39341.75,101100.0,2015,114.3,3000,493,Hatchback,Ford,Altima,Chicago,V6,Hybrid,A,FWD,False,False,41.5,42.0,61.6,82.8,106.0
SAMPLE00004341,17659.95,81226.0,2015,292.4,2000,25,Hatchback,Nissan,F-150,Houston,I6,Gasoline,M,FWD,True,False,33.5,38.9,73.3,73.1,101.8
SAMPLE00004342,60126.82,126514.0,2020,119.3,2500,407,Coupe,Chevrolet,Silverado,Houston,I4,Hybrid,M,RWD,False,True,40.4,44.1,55.6,82.8,103.6
SAMPLE00004343,60448.74,114261.0,2017,320.1,2000,183,Coupe,Honda,Camry,New York,V6,Diesel,M,FWD,True,True,36.1,38.7,61.6,74.9,103.1
SAMPLE00004344,47340.03,8745.0,2019,261.7,1500,136,Truck,Chevrolet,3 Series,Phoenix,V6,Hybrid,A,FWD,True,False,34.1,39.3,68.9,79.1,104.2
SAMPLE00004345,34420.66,149763.0,2019,159.6,2000,290,Hatchback,Toyota,Civic,Houston,V6,Diesel,M,RWD,False,False,39.4,44.6,60.2,68.2,100.9
SAMPLE00004346,58988.09,112860.0,2018,261.9,2000,105,SUV / Crossover,Ford,3 Series,New York,I4,Gasoline,M,FWD,False,False,33.7,40.0,72.5,75.5,104.0
SAMPLE00004347,45507.79,129585.0,2014,154.9,3000,462,Hatchback,Chevrolet,F-150,Phoenix,I4,Gasoline,A,FWD,True,False,39.5,39.7,70.5,79.0,118.8
SAMPLE00004348,60426.28,97680.0,2021,231.6,1500,23,Coupe,Ford,3 Series,Chicago,V6,Gasoline,M,FWD,True,False,36.9,41.0,77.8,73.1,111.4
SAMPLE00004349,49730.23,128443.0,2012,339.9,1500,414,Coupe,Chevrolet,Silverado,Houston,I4,Gasoline,A,RWD,False,True,34.5,43.1,68.4,73.5,106.5
SAMPLE00004350,58142.3,16857.0,2016,238.6,2000,338,Coupe,BMW,Silverado,Houston,I6,Gasoline,A,FWD,True,False,34.4,40.6,72.7,74.7,115.8
SAMPLE00004351,47920.96,52161.0,2021,144.6,1500,449,SUV / Crossover,Toyota,Civic,New York,I4,Gasoline,M,AWD,True,False,39.7,44.1,56.7,72.6,117.9
SAMPLE00004352,37777.76,131463.0,2021,317.1,1500,193,Sedan,Toyota,Altima,Houston,I6,Diesel,M,RWD,False,True,40.5,39.0,56.0,78.3,101.4
SAMPLE00004353,67687.02,30248.0,2013,156.0,3500,168,Coupe,Honda,Camry,New York,V6,Gasoline,A,AWD,True,False,39.2,38.8,68.4,68.8,106.9
SAMPLE00004354,44761.26,11736.0,2021,321.6,1500,35,Hatchback,Toyota,3 Series,Houston,V6,Hybrid,M,RWD,False,False,39.5,38.5,77.7,82.1,116.4
SAMPLE00004355,48279.92,118218.0,2013,243.8,2500,100,Sedan,Honda,Civic,New York,I6,Diesel,A,RWD,False,False,40.6,40.1,61.2,84.3,112.1
SAMPLE00004356,27126.82,125323.0,2018,236.1,1500,33,Hatchback,Toyota,Silverado,Houston,V6,Diesel,M,RWD,True,True,36.9,39.4,55.0,70.8,113.6
SAMPLE00004357,49410.79,24398.0,2022,355.4,3000,376,Coupe,Chevrolet,Altima,Chicago,V6,Diesel,A,AWD,True,False,34.5,41.2,62.8,71.8,111.2
SAMPLE00004358,46438.42,128152.0,2014,312.6,3500,38,SUV / Crossover,Chevrolet,Camry,Chicago,V6,Diesel,M,FWD,True,True,36.4,45.0,72.0,84.1,101.6
SAMPLE00004359,25166.11,103015.0,2019,109.9,3000,210,Sedan,BMW,Camry,New York,I4,Gasoline,A,FWD,False,True,41.8,44.1,73.5,70.8,117.0
SAMPLE00004360,18277.29,78012.0,2020,188.9,3000,229,Sedan,Chevrolet,F-150,Chicago,I4,Gasoline,A,FWD,True,True,37.0,44.3,73.0,69.8,104.8
SAMPLE00004361,48239.76,124538.0,2019,361.3,2500,278,Coupe,Ford,Altima,New York,I6,Gasoline,A,FWD,True,False,41.3,43.8,56.9,81.5,102.1
SAMPLE00004362,57003.07,62887.0,2017,105.5,3500,79,Coupe,Chevrolet,Silverado,New York,I6,Hybrid,M,RWD,False,False,39.3,39.9,72.7,79.5,106.8
SAMPLE00004363,43787.08,29099.0,2016,263.6,2000,237,Coupe,Honda,Camry,Los Angeles,I4,Gasoline,A,RWD,True,False,39.6,39.6,56.9,79.6,114.9
SAMPLE00004364,27472.49,42728.0,2014,318.3,1500,171,Truck,Nissan,F-150,Chicago,V6,Gasoline,M,AWD,True,False,34.7,43.1,77.7,71.9,117.6
SAMPLE00004365,51658.71,75775.0,2014,286.6,2500,325,SUV / Crossover,BMW,F-150,Los Angeles,I4,Hybrid,M,FWD,False,True,36.3,42.2,63.5,74.4,113.0
SAMPLE00004366,19405.81,79700.0,2018,328.2,2500,441,SUV / Crossover,Nissan,Silverado,Los Angeles,V6,Gasoline,A,RWD,False,True,39.6,39.4,71.0,70.7,107.2
SAMPLE00004367,39300.85,120837.0,2016,317.7,2000,58,Coupe,Nissan,Camry,Houston,I6,Gasoline,A,FWD,True,False,38.9,44.8,66.1,70.7,114.6
SAMPLE00004368,23985.17,118703.0,2017,307.6,2500,409,Truck,Ford,Altima,New York,I6,Diesel,M,FWD,False,False,40.8,41.0,60.5,76.4,115.3
SAMPLE00004369,25145.25,87205.0,2017,346.5,2000,21,Coupe,Ford,Camry,Phoenix,I6,Gasoline,A,AWD,True,False,34.9,43.7,69.0,79.4,118.5
SAMPLE00004370,26126.17,117118.0,2020,293.7,2000,364,Coupe,Toyota,3 Series,Los Angeles,I4,Hybrid,A,RWD,False,True,39.7,38.5,55.4,73.5,102.4
SAMPLE00004371,36268.89,28766.0,2012,220.7,2000,366,SUV / Crossover,Honda,Camry,Houston,I4,Diesel,M,FWD,False,False,33.4,38.2,66.6,76.1,102.8
SAMPLE00004372,17813.26,7510.0,2019,241.6,2500,343,Truck,Nissan,F-150,Chicago,V6,Hybrid,A,AWD,False,True,35.7,41.2,55.9,73.9,108.7
SAMPLE00004373,36878.64,131045.0,2021,315.0,2000,237,SUV / Crossover,Chevrolet,Civic,Phoenix,I6,Hybrid,M,AWD,True,False,38.7,38.8,68.1,83.6,106.8
SAMPLE00004374,43143.91,11333.0,2016,362.9,2500,295,Coupe,Chevrolet,Silverado,New York,V6,Gasoline,A,FWD,False,False,41.8,44.9,65.5,80.0,115.4
SAMPLE00004375,41581.19,37003.0,2017,181.7,3500,340,Hatchback,Toyota,Civic,Houston,V6,Diesel,A,FWD,False,True,41.9,43.7,75.6,78.6,111.8
SAMPLE00004376,36053.13,104298.0,2017,202.6,2000,93,Sedan,Chevrolet,Camry,Phoenix,I4,Gasoline,M,AWD,False,True,37.0,41.2,77.2,80.4,101.9
SAMPLE00004377,61153.06,61417.0,2012,379.2,2500,243,Coupe,Ford,Altima,New York,I4,Diesel,A,AWD,False,True,39.9,44.9,70.0,72.6,110.7
SAMPLE00004378,22992.97,131447.0,2014,273.6,2500,10,Truck,Chevrolet,Altima,New York,V6,Diesel,M,FWD,True,True,38.4,39.7,59.3,83.8,105.7
SAMPLE00004379,42813.32,44697.0,2017,153.7,2500,116,Hatchback,Nissan,F-150,Phoenix,V6,Diesel,A,FWD,False,True,39.4,42.8,67.0,71.4,108.1
SAMPLE00004380,18412.28,1781.0,2022,299.1,1500,264,Truck,Chevrolet,Civic,Houston,V6,Hybrid,A,AWD,True,False,39.6,38.1,55.0,70.3,101.6
SAMPLE00004381,18913.56,45098.0,2022,397.2,1500,11,Coupe,Ford,Silverado,Phoenix,I4,Gasoline,M,RWD,True,False,37.9,40.6,72.7,83.4,100.7
SAMPLE00004382,46562.62,86711.0,2020,347.0,2000,153,Coupe,Honda,3 Series,Los Angeles,V6,Diesel,M,AWD,False,True,40.3,38.6,55.9,72.4,119.3
SAMPLE00004383,46131.01,56391.0,2017,323.7,3500,37,Sedan,Nissan,Civic,New York,I4,Diesel,M,AWD,True,False,38.3,40.6,73.6,82.4,114.8
SAMPLE00004384,63291.84,80231.0,2017,162.4,2000,498,Truck,Honda,Altima,Chicago,I6,Hybrid,M,RWD,False,True,33.9,40.7,61.1,73.1,113.1
SAMPLE00004385,45683.05,131490.0,2012,362.8,3000,130,Hatchback,Ford,3 Series,Phoenix,I6,Diesel,M,FWD,True,True,41.9,40.6,60.8,73.0,113.5
SAMPLE00004386,67788.51,136873.0,2020,257.7,3000,381,Sedan,Ford,Altima,Phoenix,V6,Diesel,A,AWD,False,False,35.7,40.9,57.1,84.3,112.8
SAMPLE00004387,17678.22,39896.0,2015,366.8,3500,224,Truck,Nissan,Camry,New York,I4,Gasoline,M,FWD,True,False,41.7,42.3,70.8,84.4,107.6
SAMPLE00004388,20390.42,69321.0,2013,198.9,3500,142,Coupe,BMW,Camry,New York,I6,Hybrid,M,RWD,True,True,35.6,39.3,63.4,84.4,110.0
SAMPLE00004389,17423.62,82372.0,2012,118.6,3500,430,Sedan,BMW,Silverado,Phoenix,I4,Hybrid,M,AWD,False,True,40.7,39.6,57.1,70.3,118.5
SAMPLE00004390,25190.23,142367.0,2014,242.8,1500,388,Coupe,Chevrolet,3 Series,Chicago,I4,Diesel,M,FWD,False,False,39.2,42.5,62.4,77.7,107.4
SAMPLE00004391,44769.86,149793.0,2014,181.0,1500,53,SUV / Crossover,Nissan,3 Series,New York,I6,Diesel,M,FWD,True,False,36.2,41.3,76.2,68.6,103.8
SAMPLE00004392,50506.47,35311.0,2016,314.6,3000,23,SUV / Crossover,Nissan,Silverado,New York,V6,Hybrid,M,FWD,True,False,41.4,39.1,55.8,79.7,101.1
SAMPLE00004393,17507.18,109047.0,2012,387.1,3500,394,Sedan,Chevrolet,Altima,Los Angeles,V6,Diesel,M,FWD,False,True,38.2,43.5,70.4,79.4,105.2
SAMPLE00004394,67028.4,56705.0,2018,307.3,2500,120,Sedan,BMW,Civic,Houston,I6,Diesel,A,FWD,True,True,40.5,44.5,66.5,84.9,102.6
SAMPLE00004395,61319.1,1216.0,2012,366.1,3000,118,Truck,Chevrolet,Silverado,Los Angeles,I4,Hybrid,M,FWD,True,True,40.2,41.3,68.7,82.9,113.0
SAMPLE00004396,31313.69,1388.0,2015,235.9,3500,160,Hatchback,Honda,Camry,Chicago,V6,Diesel,A,AWD,True,True,33.4,42.3,64.0,71.7,104.7
SAMPLE00004397,19245.31,69085.0,2017,331.5,2500,470,Hatchback,Honda,3 Series,Houston,I4,Gasoline,A,AWD,False,True,35.4,43.7,66.1,75.5,106.6
SAMPLE00004398,24343.79,73250.0,2012,352.9,3500,73,SUV / Crossover,Toyota,F-150,Phoenix,I6,Diesel,A,RWD,True,True,37.2,44.7,72.5,72.4,101.9
SAMPLE00004399,21981.94,3385.0,2018,313.3,2000,184,SUV / Crossover,BMW,Altima,Chicago,V6,Hybrid,A,FWD,False,False,41.4,44.8,66.1,68.8,108.7
SAMPLE00004400,21780.61,103039.0,2021,252.3,2500,435,SUV / Crossover,Honda,F-150,Chicago,V6,Gasoline,M,RWD,False,False,33.6,44.5,63.7,74.5,119.1
SAMPLE00004401,43520.89,44101.0,2018,287.8,2000,191,Coupe,Toyota,Camry,Los Angeles,V6,Diesel,M,AWD,True,False,34.7,43.7,61.3,69.8,108.8
SAMPLE00004402,28521.61,83984.0,2014,310.2,1500,426,Hatchback,Ford,3 Series,Houston,I6,Gasoline,A,RWD,False,False,38.6,41.0,65.4,81.0,115.0
SAMPLE00004403,34697.68,45138.0,2015,175.9,3000,219,Sedan,Nissan,3 Series,Chicago,I6,Hybrid,M,AWD,False,True,38.9,42.7,68.2,74.6,111.4
SAMPLE00004404,69422.79,25070.0,2017,342.9,3500,486,SUV / Crossover,Honda,Silverado,Houston,I6,Gasoline,A,AWD,False,False,34.5,43.3,63.6,68.5,106.4
SAMPLE00004405,52637.28,61076.0,2022,385.1,3000,120,Truck,Toyota,Civic,Phoenix,I4,Diesel,A,RWD,False,True,41.5,38.6,75.7,72.6,118.8
SAMPLE00004406,67193.94,34841.0,2018,239.6,3500,208,Sedan,Chevrolet,Silverado,Houston,I4,Diesel,A,AWD,False,True,34.6,38.8,77.9,73.7,110.4
SAMPLE00004407,22840.61,80220.0,2015,310.3,2000,383,Sedan,Nissan,F-150,Los Angeles,I4,Hybrid,A,AWD,False,False,34.6,42.9,59.7,75.7,115.4
SAMPLE00004408,36017.67,29824.0,2021,321.1,2500,299,Sedan,Toyota,3 Series,Los Angeles,V6,Gasoline,A,RWD,False,False,38.7,42.7,69.8,79.6,102.4
SAMPLE00004409,45510.25,76261.0,2022,298.7,2500,345,Hatchback,Honda,Civic,Chicago,V6,Gasoline,M,RWD,False,True,36.8,43.6,59.7,81.4,104.5
SAMPLE00004410,19221.69,23607.0,2020,264.1,3500,472,SUV / Crossover,Chevrolet,Silverado,Houston,V6,Hybrid,M,FWD,True,False,33.2,39.3,67.4,84.8,109.1
SAMPLE00004411,15230.31,100646.0,2020,364.5,2000,163,Truck,Chevrolet,Civic,Los Angeles,I6,Hybrid,M,RWD,False,True,41.3,44.6,64.0,82.5,115.4
SAMPLE00004412,51873.89,113091.0,2020,234.7,3500,267,Coupe,Toyota,Altima,New York,I6,Hybrid,M,AWD,True,False,33.7,39.7,60.6,75.8,116.3
SAMPLE00004413,50300.07,16559.0,2021,118.3,3500,439,Truck,Toyota,Altima,Los Angeles,V6,Hybrid,M,FWD,False,False,34.4,38.9,62.9,69.8,119.6
SAMPLE00004414,37593.38,70170.0,2017,353.4,3500,2,Truck,Honda,F-150,Phoenix,I6,Diesel,A,AWD,False,True,41.1,40.3,57.8,79.3,119.0
SAMPLE00004415,41930.42,10631.0,2013,302.2,2500,49,Truck,Chevrolet,Civic,New York,I4,Diesel,M,RWD,True,False,35.5,43.7,56.8,75.2,108.5
SAMPLE00004416,37849.37,89727.0,2013,354.8,3500,412,Coupe,BMW,Altima,Houston,I4,Hybrid,A,AWD,True,True,40.4,38.2,65.4,74.9,110.6
SAMPLE00004417,16320.28,39661.0,2022,141.6,2500,363,Truck,Toyota,3 Series,Chicago,I6,Hybrid,M,RWD,True,True,34.5,39.6,73.8,73.7,100.5
SAMPLE00004418,33445.44,79144.0,2015,109.2,1500,471,Truck,BMW,Altima,New York,I4,Gasoline,A,RWD,True,False,33.4,44.7,70.7,70.9,109.8
SAMPLE00004419,24739.52,77619.0,2020,380.3,2000,210,SUV / Crossover,BMW,Civic,Los Angeles,I4,Diesel,A,RWD,True,True,35.1,38.1,68.7,69.5,100.7
SAMPLE00004420,20413.33,138653.0,2014,144.3,1500,460,SUV / Crossover,Chevrolet,Civic,Chicago,I4,Gasoline,A,FWD,True,False,39.7,39.9,64.7,81.9,100.3
SAMPLE00004421,67619.62,82362.0,2017,342.9,3500,15,SUV / Crossover,Honda,Silverado,Chicago,V6,Gasoline,A,RWD,False,False,39.0,40.3,65.8,71.1,111.1
SAMPLE00004422,47964.78,87450.0,2013,347.0,2500,167,Sedan,BMW,Civic,Chicago,I6,Diesel,A,AWD,True,False,35.8,44.5,55.5,79.9,118.0
SAMPLE00004423,55076.1,60248.0,2012,312.6,2000,282,Truck,Honda,Civic,Chicago,I6,Hybrid,A,FWD,False,False,38.7,44.0,76.6,80.4,119.3
SAMPLE00004424,32345.01,142362.0,2016,139.4,3000,378,Hatchback,Toyota,F-150,Houston,V6,Diesel,M,FWD,True,True,39.0,41.2,62.1,73.2,114.7
SAMPLE00004425,36623.09,116578.0,2019,300.2,2000,325,Hatchback,Chevrolet,Civic,Houston,I4,Gasoline,M,FWD,True,True,38.1,40.2,76.0,77.5,114.9
SAMPLE00004426,28030.82,42811.0,2021,366.7,2000,297,Hatchback,Ford,Silverado,Houston,V6,Diesel,A,AWD,False,False,41.4,44.6,71.5,80.1,108.8
SAMPLE00004427,20333.11,126631.0,2021,227.7,3500,184,Coupe,Chevrolet,Silverado,Los Angeles,I4,Hybrid,A,RWD,False,False,40.1,39.3,67.9,70.3,111.3
SAMPLE00004428,24846.74,64859.0,2013,224.1,1500,137,SUV / Crossover,Ford,3 Series,Houston,V6,Diesel,M,FWD,True,True,40.3,41.3,65.2,70.9,111.7
SAMPLE00004429,58863.27,124300.0,2021,232.9,1500,124,SUV / Crossover,Nissan,Altima,Chicago,I4,Hybrid,A,RWD,False,True,36.8,40.9,62.4,80.2,101.4
SAMPLE00004430,52265.02,123433.0,2020,124.7,3000,421,SUV / Crossover,Toyota,F-150,New York,V6,Hybrid,M,RWD,True,False,39.2,44.5,69.7,72.8,100.9
SAMPLE00004431,45081.09,28331.0,2019,367.6,3500,391,Coupe,Honda,Camry,New York,V6,Gasoline,A,AWD,True,False,34.7,43.3,77.3,69.8,102.9
SAMPLE00004432,41129.94,105171.0,2014,360.8,2000,401,Truck,Toyota,3 Series,New York,I4,Gasoline,M,FWD,False,False,35.7,41.2,73.5,76.8,115.9
SAMPLE00004433,65733.89,43596.0,2012,399.4,1500,479,Sedan,Chevrolet,Civic,New York,I4,Hybrid,A,AWD,True,False,37.5,42.2,64.0,81.7,111.2
SAMPLE00004434,19000.42,44624.0,2015,275.6,1500,400,SUV / Crossover,Ford,Altima,New York,I6,Hybrid,M,FWD,False,True,40.3,44.4,66.1,73.2,111.8
SAMPLE00004435,30433.04,44452.0,2019,325.4,2500,57,Truck,Nissan,F-150,Phoenix,I6,Gasoline,M,FWD,False,False,36.0,43.8,65.8,72.4,107.0
SAMPLE00004436,34246.58,108835.0,2014,160.8,2000,361,Hatchback,Ford,3 Series,New York,V6,Hybrid,M,RWD,False,False,37.0,42.3,61.0,71.5,117.4
SAMPLE00004437,58033.42,34474.0,2021,300.3,3500,65,Sedan,Chevrolet,Silverado,New York,V6,Diesel,A,RWD,True,False,41.6,44.4,74.5,76.1,119.3
SAMPLE00004438,69588.3,136.0,2013,294.9,1500,427,Hatchback,Chevrolet,F-150,New York,I6,Hybrid,M,FWD,True,True,35.6,40.7,70.9,77.7,104.3
SAMPLE00004439,28236.88,107286.0,2018,370.4,3500,339,Truck,Toyota,F-150,Los Angeles,I6,Hybrid,M,FWD,False,False,38.6,43.1,68.7,70.3,106.3
SAMPLE00004440,63086.9,25678.0,2015,349.2,2000,201,Truck,BMW,Civic,Phoenix,I4,Gasoline,A,RWD,True,True,33.9,38.1,65.0,81.6,106.6
SAMPLE00004441,60684.25,15672.0,2017,381.5,2000,8,Hatchback,Ford,F-150,New York,I6,Gasoline,A,FWD,True,False,36.7,42.1,60.5,77.0,119.3
SAMPLE00004442,27356.16,35627.0,2016,360.7,1500,431,Sedan,Chevrolet,Altima,Houston,V6,Gasoline,A,FWD,False,False,36.0,39.0,69.7,77.6,110.4
SAMPLE00004443,36963.29,56985.0,2013,360.6,3000,422,Hatchback,Toyota,Altima,Los Angeles,I6,Diesel,M,FWD,False,True,33.1,41.7,60.4,70.0,111.4
SAMPLE00004444,37532.01,71386.0,2021,119.1,3500,104,Hatchback,BMW,F-150,Phoenix,I6,Hybrid,A,AWD,True,False,38.3,39.7,55.2,78.6,107.4
SAMPLE00004445,68802.14,6686.0,2013,353.8,3500,88,Hatchback,Honda,Camry,Houston,I6,Hybrid,M,FWD,False,False,36.0,40.7,56.5,79.5,118.0
SAMPLE00004446,24949.05,145586.0,2020,282.2,2500,88,Sedan,Chevrolet,Civic,Houston,I6,Gasoline,M,FWD,True,True,35.3,43.5,71.0,74.9,103.8
SAMPLE00004447,58953.69,107409.0,2022,214.1,2000,343,Coupe,BMW,F-150,Los Angeles,V6,Hybrid,M,RWD,True,True,41.0,38.4,63.7,78.2,109.1
SAMPLE00004448,33380.6,48479.0,2021,117.0,2000,5,Sedan,Honda,F-150,Houston,I6,Hybrid,M,RWD,False,True,35.1,41.8,59.7,72.0,104.5
SAMPLE00004449,55197.87,47805.0,2013,303.3,1500,157,Hatchback,Nissan,Camry,Chicago,I6,Diesel,M,AWD,False,True,36.6,39.0,60.5,78.9,111.7
SAMPLE00004450,38100.61,67281.0,2019,198.5,1500,378,SUV / Crossover,Honda,Camry,Los Angeles,V6,Hybrid,A,RWD,True,False,41.5,42.0,66.4,77.1,111.0
SAMPLE00004451,46809.79,93937.0,2019,240.3,1500,329,SUV / Crossover,Toyota,Silverado,Los Angeles,I6,Diesel,A,FWD,True,False,33.7,42.4,75.8,77.9,102.6
SAMPLE00004452,60793.65,21956.0,2012,304.5,2500,102,Truck,Ford,Civic,Chicago,V6,Hybrid,A,AWD,True,True,41.4,39.3,61.2,72.3,116.6
SAMPLE00004453,59229.11,28339.0,2012,373.5,3000,222,Coupe,Chevrolet,Camry,Los Angeles,I6,Gasoline,A,FWD,False,False,36.5,38.0,70.1,81.4,102.4
SAMPLE00004454,62653.28,128915.0,2015,347.6,1500,401,Truck,BMW,F-150,Houston,I6,Gasoline,A,FWD,False,False,40.1,38.6,74.0,82.0,103.5
SAMPLE00004455,18278.95,38438.0,2013,235.2,1500,170,Truck,Nissan,Camry,Houston,I6,Hybrid,A,FWD,False,False,36.2,42.8,66.2,69.8,105.4
SAMPLE00004456,53062.78,57029.0,2012,216.3,1500,32,SUV / Crossover,Nissan,3 Series,Houston,I4,Gasoline,A,AWD,False,False,36.7,40.7,55.6,82.7,116.3
SAMPLE00004457,22699.31,130691.0,2020,171.9,2500,180,Sedan,Honda,Silverado,Chicago,I6,Diesel,M,RWD,True,False,36.9,40.6,73.3,81.2,104.1
SAMPLE00004458,37870.02,99472.0,2014,211.7,3500,183,Truck,Nissan,Silverado,Houston,V6,Gasoline,M,RWD,True,False,41.5,42.8,75.2,77.4,104.4
SAMPLE00004459,45172.36,51257.0,2012,133.3,3000,402,Truck,Ford,Altima,Chicago,I4,Diesel,M,RWD,True,False,38.0,41.5,55.7,68.9,113.0
SAMPLE00004460,37150.67,102555.0,2013,391.3,3500,86,Coupe,Honda,Civic,Chicago,I6,Hybrid,M,FWD,True,True,35.0,42.5,57.7,76.9,116.6
SAMPLE00004461,43578.64,2952.0,2019,272.2,2000,68,SUV / Crossover,Chevrolet,Silverado,Chicago,V6,Hybrid,M,AWD,False,False,38.5,44.4,57.0,76.0,114.0
SAMPLE00004462,69808.95,110346.0,2016,138.3,2000,379,Sedan,Chevrolet,Civic,Los Angeles,I6,Gasoline,A,RWD,False,True,41.0,41.5,60.1,71.8,110.7
SAMPLE00004463,22436.95,73052.0,2022,205.8,1500,25,Coupe,Nissan,3 Series,Phoenix,V6,Hybrid,A,AWD,False,False,34.9,42.5,66.4,82.2,113.0
SAMPLE00004464,52150.08,121977.0,2018,264.1,3500,412,Sedan,Toyota,Altima,Chicago,I6,Hybrid,A,AWD,True,False,36.0,42.5,55.8,73.4,110.9
SAMPLE00004465,36780.05,143196.0,2017,259.9,2500,407,Sedan,Chevrolet,F-150,Houston,V6,Diesel,M,FWD,True,True,38.1,41.7,58.9,77.9,107.1
SAMPLE00004466,22315.54,138868.0,2012,110.7,3000,5,Truck,Chevrolet,3 Series,Chicago,V6,Diesel,A,AWD,False,True,41.9,42.7,64.4,75.7,113.8
SAMPLE00004467,23730.52,136390.0,2017,385.3,3500,255,Coupe,Chevrolet,Civic,New York,I4,Hybrid,M,RWD,True,True,37.2,43.8,69.6,82.9,113.7
SAMPLE00004468,67210.02,76825.0,2022,182.6,3500,181,Truck,Ford,Civic,Los Angeles,I4,Gasoline,M,RWD,True,True,38.3,43.7,75.9,76.5,112.6
SAMPLE00004469,63378.08,54021.0,2018,104.9,3000,294,Hatchback,BMW,Civic,Houston,V6,Gasoline,A,AWD,True,True,34.2,38.4,74.1,72.7,112.7
SAMPLE00004470,64887.31,69755.0,2015,122.9,3500,259,Sedan,BMW,F-150,Los Angeles,V6,Gasoline,M,AWD,True,True,39.8,44.7,56.2,80.3,104.7
SAMPLE00004471,69534.3,103484.0,2019,274.1,3500,383,Coupe,Nissan,Altima,Los Angeles,I4,Hybrid,M,AWD,True,False,35.0,43.9,77.2,81.0,118.5
SAMPLE00004472,26457.35,132600.0,2019,141.3,3000,313,SUV / Crossover,Chevrolet,Altima,New York,V6,Gasoline,A,AWD,False,False,36.0,44.8,61.1,83.9,119.8
SAMPLE00004473,34549.16,31048.0,2018,112.5,2500,303,Truck,BMW,Civic,Chicago,I6,Gasoline,A,RWD,False,True,39.4,39.4,63.4,80.7,111.1
SAMPLE00004474,51807.05,137729.0,2022,213.9,3000,315,Hatchback,Nissan,3 Series,Houston,I6,Hybrid,A,RWD,True,False,39.4,41.8,56.7,68.8,104.5
SAMPLE00004475,41609.14,122277.0,2013,286.8,1500,233,Hatchback,Chevrolet,Altima,Phoenix,V6,Diesel,A,FWD,True,True,35.9,41.1,76.5,82.1,106.3
SAMPLE00004476,38011.42,146828.0,2017,133.6,1500,281,Hatchback,BMW,F-150,Los Angeles,V6,Diesel,M,AWD,True,True,40.7,40.6,67.6,76.2,114.8
SAMPLE00004477,34679.62,132038.0,2017,194.0,1500,206,Truck,BMW,3 Series,Phoenix,I4,Hybrid,A,RWD,False,True,40.2,40.8,66.9,70.5,105.4
SAMPLE00004478,47657.93,41991.0,2018,225.3,1500,76,SUV / Crossover,Nissan,F-150,Phoenix,I4,Diesel,A,AWD,True,True,38.5,44.3,55.3,84.6,112.2
SAMPLE00004479,46657.64,15893.0,2017,147.8,2000,167,Coupe,Honda,Civic,Chicago,V6,Gasoline,A,RWD,True,False,34.6,42.9,55.1,79.1,102.1
SAMPLE00004480,23880.18,16836.0,2013,251.8,2500,341,Sedan,Nissan,Altima,Phoenix,I6,Hybrid,A,FWD,True,True,41.1,40.3,70.7,83.2,119.4
SAMPLE00004481,40945.69,43683.0,2019,125.6,2000,378,SUV / Crossover,Ford,F-150,Houston,I4,Hybrid,M,RWD,True,False,37.7,40.7,66.1,71.0,116.8
SAMPLE00004482,45440.95,92128.0,2015,114.0,3500,460,Truck,Honda,Camry,Chicago,I6,Diesel,M,RWD,False,False,36.4,41.3,66.7,81.2,116.4
SAMPLE00004483,46365.78,120648.0,2020,256.0,3500,55,Coupe,Honda,3 Series,Phoenix,I6,Hybrid,M,FWD,True,False,41.3,40.6,70.0,78.1,115.5
SAMPLE00004484,26555.9,134888.0,2019,174.4,3000,294,Sedan,BMW,Camry,Chicago,I6,Hybrid,A,AWD,False,False,41.7,39.5,58.4,74.6,100.0
SAMPLE00004485,55824.93,93563.0,2014,128.6,1500,80,Coupe,Toyota,Camry,Houston,I6,Gasoline,A,RWD,True,True,39.5,41.0,78.0,71.6,101.4
SAMPLE00004486,16385.95,845.0,2014,227.2,3000,483,Sedan,Toyota,Civic,Los Angeles,I4,Hybrid,M,FWD,True,True,40.1,38.6,56.9,73.8,111.8
SAMPLE00004487,34515.75,27948.0,2019,374.5,3500,166,Sedan,Ford,Civic,New York,V6,Hybrid,M,FWD,True,True,35.2,44.0,61.2,77.1,115.4
SAMPLE00004488,57911.7,14959.0,2013,317.3,1500,175,Hatchback,Chevrolet,Camry,Chicago,V6,Hybrid,A,FWD,True,False,35.3,43.8,71.0,80.5,115.1
SAMPLE00004489,46014.11,54499.0,2020,344.7,2500,280,Truck,BMW,F-150,New York,I4,Hybrid,M,RWD,True,True,38.1,44.2,66.9,75.4,110.6
SAMPLE00004490,29363.93,75203.0,2015,361.6,3500,417,SUV / Crossover,Ford,Civic,Los Angeles,I6,Diesel,A,AWD,True,True,41.8,41.1,57.2,74.7,110.4
SAMPLE00004491,53222.42,6510.0,2017,391.8,3000,382,Hatchback,Honda,3 Series,Houston,V6,Hybrid,A,RWD,False,True,39.7,42.6,72.8,68.1,101.8
SAMPLE00004492,46206.5,52272.0,2014,329.0,3000,148,Hatchback,BMW,Camry,Los Angeles,V6,Gasoline,M,RWD,True,True,39.7,43.7,77.3,84.1,118.6
SAMPLE00004493,58793.4,26877.0,2014,282.5,3500,255,Coupe,Honda,3 Series,New York,V6,Diesel,M,RWD,False,True,35.3,40.2,65.9,81.1,106.3
SAMPLE00004494,55426.39,97061.0,2014,209.6,2000,280,Sedan,Ford,Altima,Houston,I6,Hybrid,A,FWD,False,False,36.8,42.4,60.8,84.9,104.2
SAMPLE00004495,48555.94,69641.0,2022,154.5,2500,344,Sedan,Toyota,3 Series,Phoenix,V6,Diesel,A,AWD,True,False,36.1,41.1,57.5,83.6,111.9
SAMPLE00004496,41849.77,74298.0,2021,306.0,3500,277,Coupe,Ford,3 Series,Phoenix,I4,Hybrid,M,RWD,False,True,35.7,40.6,59.7,82.7,100.5
SAMPLE00004497,22325.02,64154.0,2013,398.5,3500,278,Truck,Nissan,Camry,Chicago,V6,Hybrid,M,AWD,True,False,39.6,44.0,62.2,69.0,119.2
SAMPLE00004498,29373.32,143403.0,2019,240.2,3000,408,Sedan,BMW,Silverado,Phoenix,V6,Diesel,M,RWD,True,False,33.9,42.4,59.3,78.5,107.3
SAMPLE00004499,38050.47,32210.0,2020,317.1,1500,205,Hatchback,BMW,Altima,New York,I4,Diesel,A,AWD,True,False,34.5,42.4,70.7,71.8,105.9
SAMPLE00004500,47961.46,77500.0,2019,248.5,1500,461,Hatchback,Chevrolet,Civic,Phoenix,I6,Diesel,M,FWD,True,False,36.7,39.1,55.5,83.0,103.0
SAMPLE00004501,43253.93,110403.0,2021,229.6,1500,409,Sedan,Toyota,3 Series,Chicago,V6,Diesel,M,AWD,False,True,35.7,40.4,64.4,81.9,110.2
SAMPLE00004502,30850.15,83527.0,2014,223.1,3000,487,Sedan,BMW,Camry,Houston,I6,Gasoline,M,FWD,False,False,41.1,43.9,63.6,70.9,107.8
SAMPLE00004503,15355.54,139353.0,2018,251.4,1500,29,Truck,Toyota,Silverado,Phoenix,I6,Diesel,A,FWD,True,False,34.8,39.5,75.2,81.4,106.1
SAMPLE00004504,42293.16,56695.0,2022,210.1,3500,217,Sedan,BMW,Camry,Chicago,I6,Gasoline,A,AWD,False,False,35.2,44.8,61.3,84.8,102.6
SAMPLE00004505,30709.43,69551.0,2021,324.6,2000,421,Truck,Toyota,Civic,Phoenix,V6,Hybrid,A,RWD,True,False,34.6,43.8,68.4,74.1,106.5
SAMPLE00004506,55403.46,13278.0,2013,362.3,2000,469,Hatchback,Nissan,Camry,Phoenix,V6,Hybrid,A,RWD,True,True,40.7,39.9,55.1,74.2,116.4
SAMPLE00004507,16317.04,91350.0,2015,364.9,2000,230,Truck,Ford,F-150,New York,I4,Diesel,A,RWD,False,False,34.8,38.8,76.1,68.4,115.9
SAMPLE00004508,47165.53,43232.0,2017,168.3,1500,358,Sedan,Toyota,Altima,Chicago,I6,Hybrid,M,RWD,True,True,36.2,39.2,69.6,80.4,111.5
SAMPLE00004509,66781.08,24046.0,2022,368.8,2000,161,SUV / Crossover,Honda,F-150,Chicago,I4,Gasoline,A,AWD,False,True,39.0,39.7,73.3,82.1,115.1
SAMPLE00004510,24592.51,81680.0,2016,202.5,1500,216,Sedan,Nissan,3 Series,Los Angeles,V6,Gasoline,M,RWD,False,False,33.7,39.7,68.1,68.8,112.2
SAMPLE00004511,40940.72,79847.0,2020,192.8,3500,227,SUV / Crossover,Ford,Camry,Los Angeles,V6,Diesel,A,RWD,True,True,40.3,38.1,73.8,84.1,102.3
SAMPLE00004512,20028.21,11381.0,2021,318.0,3500,332,Hatchback,BMW,Camry,Chicago,I4,Diesel,A,FWD,False,True,39.4,43.0,56.9,69.2,118.5
SAMPLE00004513,49412.51,104732.0,2015,191.4,3000,220,Coupe,BMW,3 Series,New York,I4,Diesel,A,AWD,False,True,35.3,44.8,71.3,77.7,110.0
SAMPLE00004514,45279.24,93566.0,2016,115.9,3000,233,Hatchback,Chevrolet,3 Series,Phoenix,I6,Gasoline,M,FWD,True,True,36.5,40.0,58.4,83.8,114.8
SAMPLE00004515,37405.1,28353.0,2015,212.1,2500,72,Hatchback,Nissan,Altima,Houston,V6,Diesel,A,FWD,False,True,38.6,38.1,68.3,83.8,117.5
SAMPLE00004516,43675.74,70415.0,2019,316.4,3500,398,Hatchback,Honda,Silverado,Phoenix,I6,Gasoline,M,RWD,False,False,41.5,44.4,77.7,70.3,117.6
SAMPLE00004517,64311.61,108048.0,2019,198.1,1500,94,Truck,Nissan,Camry,Houston,I6,Gasoline,M,RWD,False,True,38.7,39.4,59.2,84.5,118.7
SAMPLE00004518,25796.19,79415.0,2014,288.9,2500,427,Hatchback,Chevrolet,Civic,New York,V6,Hybrid,A,AWD,False,False,35.3,38.1,60.9,72.6,112.9
SAMPLE00004519,16241.05,59323.0,2012,298.0,3500,474,Coupe,Nissan,Civic,Los Angeles,V6,Hybrid,M,FWD,True,False,37.3,39.6,59.9,73.8,112.7
SAMPLE00004520,62391.57,48351.0,2017,320.1,1500,94,Sedan,Ford,Civic,Chicago,I6,Diesel,M,RWD,True,False,37.0,38.7,64.5,79.5,104.8
SAMPLE00004521,46741.44,91559.0,2013,369.1,3500,393,SUV / Crossover,Chevrolet,3 Series,New York,I4,Diesel,A,FWD,False,False,37.8,43.1,66.2,69.9,106.3
SAMPLE00004522,63986.22,140866.0,2013,229.8,3500,242,Hatchback,Ford,3 Series,Houston,V6,Diesel,M,RWD,False,False,37.7,38.0,58.7,77.1,112.1
SAMPLE00004523,47831.99,100762.0,2014,149.9,1500,372,SUV / Crossover,Chevrolet,3 Series,Chicago,I6,Diesel,A,RWD,True,False,36.3,41.1,55.6,81.9,105.0
SAMPLE00004524,59558.86,11212.0,2019,195.7,3500,292,Hatchback,Toyota,Civic,Houston,I4,Gasoline,A,RWD,True,False,40.8,41.4,62.9,76.4,107.2
SAMPLE00004525,38632.03,69103.0,2014,229.7,3500,262,Truck,Ford,Silverado,Phoenix,I6,Diesel,M,RWD,False,False,36.0,43.5,63.8,69.0,103.3
SAMPLE00004526,56242.3,133624.0,2018,314.2,3500,123,SUV / Crossover,Ford,Altima,Phoenix,V6,Hybrid,M,AWD,False,False,37.8,41.7,63.8,81.7,115.0
SAMPLE00004527,65217.28,14169.0,2021,103.9,3000,287,Hatchback,Toyota,F-150,Phoenix,I4,Diesel,M,FWD,True,True,35.3,38.9,70.3,72.1,112.6
SAMPLE00004528,46466.76,148331.0,2021,194.7,2000,499,Hatchback,Toyota,Camry,Chicago,I4,Gasoline,M,FWD,False,True,36.9,41.0,65.3,81.7,114.5
SAMPLE00004529,24943.18,142360.0,2020,334.0,3500,266,Coupe,Honda,F-150,Los Angeles,I4,Hybrid,A,AWD,False,False,39.1,44.5,57.5,83.9,108.9
SAMPLE00004530,29783.87,11741.0,2019,301.3,1500,431,Coupe,Toyota,Camry,Los Angeles,V6,Hybrid,A,AWD,False,False,39.8,39.7,76.4,80.8,114.7
SAMPLE00004531,25925.45,140012.0,2012,319.5,3500,108,Coupe,Chevrolet,3 Series,Houston,V6,Diesel,M,AWD,False,True,40.3,40.1,71.1,68.6,109.3
SAMPLE00004532,28577.14,54470.0,2018,343.5,3000,347,Truck,Toyota,Civic,Los Angeles,I6,Hybrid,A,RWD,True,False,39.6,44.1,59.9,79.2,110.7
SAMPLE00004533,31852.85,126706.0,2018,335.0,3000,451,SUV / Crossover,Toyota,F-150,Los Angeles,I6,Hybrid,M,RWD,True,False,37.2,43.5,76.5,72.6,102.5
SAMPLE00004534,45532.36,62758.0,2019,304.7,3500,47,Truck,Ford,3 Series,Houston,V6,Diesel,A,FWD,True,True,33.3,40.1,77.8,71.4,100.7
SAMPLE00004535,47339.54,66128.0,2021,231.9,2500,300,Sedan,Ford,Camry,Houston,I6,Diesel,M,AWD,True,False,37.7,43.0,59.5,80.9,114.9
SAMPLE00004536,38457.49,95136.0,2016,395.1,2000,94,Hatchback,Nissan,Altima,Houston,I4,Gasoline,M,FWD,True,True,33.5,38.6,63.8,72.9,117.8
SAMPLE00004537,48848.14,116172.0,2021,270.7,1500,476,Hatchback,Toyota,Altima,Chicago,V6,Hybrid,M,AWD,True,False,41.7,41.8,56.6,70.4,107.2
SAMPLE00004538,19486.62,5068.0,2020,160.8,1500,32,Hatchback,Honda,F-150,Houston,V6,Diesel,M,FWD,True,False,36.4,44.1,66.1,70.9,116.9
SAMPLE00004539,19828.35,88973.0,2020,187.8,1500,117,Coupe,Ford,F-150,Chicago,I6,Hybrid,A,AWD,True,False,37.5,43.9,73.1,79.5,105.5
SAMPLE00004540,24450.62,28010.0,2019,308.1,1500,131,Hatchback,Chevrolet,F-150,Chicago,V6,Diesel,A,AWD,True,False,34.2,39.4,75.8,75.8,114.6
SAMPLE00004541,43494.26,51892.0,2017,377.4,3000,250,Coupe,Nissan,F-150,Chicago,I4,Gasoline,M,RWD,False,False,42.0,41.7,67.5,71.5,111.6
SAMPLE00004542,26769.71,52195.0,2017,153.6,2000,302,Sedan,Chevrolet,F-150,Houston,V6,Diesel,M,FWD,True,True,37.4,40.8,62.5,69.4,100.7
SAMPLE00004543,30580.64,70359.0,2012,124.7,3500,121,Truck,Toyota,3 Series,Los Angeles,I4,Diesel,A,RWD,False,False,35.7,41.9,68.2,83.9,104.8
SAMPLE00004544,37017.21,50120.0,2017,364.5,3500,217,Truck,Toyota,Camry,Los Angeles,V6,Gasoline,M,RWD,False,False,34.7,38.5,57.7,85.0,112.6
SAMPLE00004545,59652.64,16104.0,2015,374.6,2500,52,Truck,Honda,Camry,Houston,V6,Diesel,A,FWD,False,True,38.8,44.9,74.2,74.7,104.2
SAMPLE00004546,15762.42,21844.0,2015,182.9,3500,125,Coupe,Toyota,Silverado,Los Angeles,V6,Gasoline,M,RWD,True,False,36.9,41.9,67.0,72.2,111.8
SAMPLE00004547,50715.84,5016.0,2013,213.2,2000,158,SUV / Crossover,Nissan,Civic,Houston,I6,Hybrid,M,AWD,False,False,35.9,38.8,77.6,68.7,114.1
SAMPLE00004548,51788.21,70537.0,2022,298.1,3500,158,SUV / Crossover,BMW,Altima,Chicago,I6,Hybrid,A,AWD,True,False,33.1,42.5,64.2,73.2,106.9
SAMPLE00004549,58926.07,143167.0,2015,199.0,3000,282,Sedan,BMW,F-150,Phoenix,I4,Hybrid,A,AWD,True,True,33.3,38.1,70.0,77.9,113.8
SAMPLE00004550,66301.41,17351.0,2016,363.1,3500,88,SUV / Crossover,Toyota,Altima,New York,I6,Diesel,A,AWD,True,True,39.2,38.0,62.8,76.9,112.9
SAMPLE00004551,16107.58,141940.0,2016,132.3,1500,175,Sedan,Nissan,Camry,Houston,V6,Gasoline,A,RWD,False,False,37.3,39.3,58.4,75.0,119.7
SAMPLE00004552,23458.1,110004.0,2016,111.4,1500,291,Hatchback,BMW,Civic,Chicago,I6,Diesel,M,FWD,False,False,40.6,39.9,72.4,74.2,112.3
SAMPLE00004553,63739.42,95625.0,2015,162.5,1500,432,Truck,Chevrolet,Civic,Phoenix,I6,Diesel,M,RWD,True,True,39.8,39.8,70.5,84.6,105.5
SAMPLE00004554,40218.52,96792.0,2012,185.8,1500,158,Coupe,Nissan,3 Series,Chicago,I4,Diesel,A,FWD,False,False,38.2,41.1,72.9,76.5,104.9
SAMPLE00004555,46052.49,124009.0,2021,133.9,3000,490,Sedan,Nissan,F-150,New York,V6,Gasoline,A,FWD,True,True,38.0,41.6,77.5,68.2,113.2
SAMPLE00004556,51466.5,16038.0,2019,119.7,3000,248,Coupe,Toyota,Silverado,Los Angeles,I4,Diesel,M,RWD,False,False,39.7,41.0,77.8,79.9,102.1
SAMPLE00004557,52348.66,75713.0,2014,326.7,3000,356,Coupe,Chevrolet,Civic,Los Angeles,I6,Diesel,M,RWD,False,True,39.7,40.6,76.4,77.9,104.5
SAMPLE00004558,66245.72,104564.0,2013,149.3,3500,121,Truck,Chevrolet,3 Series,Chicago,V6,Gasoline,M,AWD,False,True,36.0,42.7,75.6,70.7,100.2
SAMPLE00004559,69832.22,88023.0,2020,374.2,1500,236,Hatchback,BMW,F-150,New York,I4,Gasoline,A,FWD,True,False,33.9,39.7,61.9,80.0,110.2
SAMPLE00004560,54608.66,124917.0,2018,210.4,2500,427,Hatchback,Honda,Camry,Chicago,I4,Hybrid,A,FWD,False,True,39.9,42.4,65.8,68.3,115.7
SAMPLE00004561,30797.17,10841.0,2020,301.2,2500,124,SUV / Crossover,Chevrolet,Silverado,Los Angeles,V6,Gasoline,M,FWD,True,False,35.0,44.7,56.1,80.3,110.2
SAMPLE00004562,63386.38,103605.0,2013,167.6,1500,314,Hatchback,BMW,F-150,Chicago,I4,Hybrid,A,AWD,False,True,40.1,41.3,70.7,70.5,105.7
SAMPLE00004563,17707.15,80104.0,2020,172.1,2000,278,Truck,Honda,3 Series,Phoenix,I4,Hybrid,M,FWD,False,False,38.6,41.6,67.6,84.7,116.8
SAMPLE00004564,27709.45,56874.0,2021,272.4,3500,354,Coupe,Nissan,Altima,New York,I4,Diesel,M,FWD,True,True,36.2,43.1,71.3,76.7,109.7
SAMPLE00004565,64356.21,51041.0,2020,268.2,2500,323,Sedan,BMW,3 Series,Los Angeles,I6,Diesel,A,AWD,False,False,40.7,41.6,70.7,68.2,113.8
SAMPLE00004566,29090.53,93125.0,2022,330.6,3000,91,Sedan,BMW,3 Series,Chicago,I4,Diesel,M,RWD,True,True,39.2,39.0,61.3,82.2,119.7
SAMPLE00004567,27135.81,133649.0,2020,327.3,2000,425,Hatchback,Toyota,3 Series,New York,I6,Diesel,A,AWD,True,True,37.9,42.3,65.6,82.0,116.3
SAMPLE00004568,22596.89,74426.0,2021,301.2,3000,104,SUV / Crossover,Nissan,3 Series,Chicago,I4,Diesel,M,AWD,False,False,35.7,41.6,57.4,81.0,117.0
SAMPLE00004569,62251.15,123708.0,2021,234.7,2000,41,Sedan,Nissan,Silverado,Los Angeles,I4,Diesel,M,RWD,True,False,41.9,44.7,56.9,77.1,102.4
SAMPLE00004570,42503.2,60323.0,2015,367.2,2000,396,SUV / Crossover,Ford,Civic,New York,I4,Diesel,A,FWD,False,True,40.5,38.7,65.6,71.7,110.8
SAMPLE00004571,52119.13,15359.0,2021,286.8,3500,128,Sedan,Honda,Civic,Los Angeles,I4,Hybrid,M,RWD,True,True,34.2,41.8,67.8,78.9,119.9
SAMPLE00004572,28148.65,9226.0,2014,397.1,3000,459,SUV / Crossover,BMW,Camry,Phoenix,V6,Hybrid,M,FWD,True,False,40.3,42.3,62.3,82.4,106.5
SAMPLE00004573,56692.22,7700.0,2017,345.8,3000,490,SUV / Crossover,Chevrolet,Civic,Phoenix,I6,Diesel,M,AWD,False,True,34.1,42.3,56.4,76.4,100.8
SAMPLE00004574,56800.3,57023.0,2014,113.3,2500,52,Coupe,Chevrolet,3 Series,Houston,V6,Diesel,M,FWD,True,False,35.2,38.4,70.2,69.1,100.7
SAMPLE00004575,32192.89,50586.0,2022,196.2,1500,167,Truck,Ford,Civic,New York,V6,Hybrid,M,AWD,True,False,41.6,40.3,70.6,84.6,119.6
SAMPLE00004576,37587.54,107691.0,2020,271.6,1500,89,Sedan,Honda,Altima,Phoenix,V6,Hybrid,M,FWD,True,False,40.8,39.8,62.4,79.5,108.7
SAMPLE00004577,26532.97,111423.0,2014,316.4,2500,246,Hatchback,Toyota,Altima,Houston,V6,Gasoline,M,AWD,True,False,38.5,42.8,55.0,84.7,105.7
SAMPLE00004578,68710.86,7628.0,2013,265.1,2000,173,Truck,Honda,Civic,New York,I4,Gasoline,A,FWD,False,False,39.3,43.1,69.6,71.2,110.3
SAMPLE00004579,50508.14,33168.0,2019,335.8,2500,493,Coupe,Chevrolet,3 Series,Los Angeles,I4,Diesel,M,FWD,False,False,33.8,39.5,56.6,71.5,112.2
SAMPLE00004580,66399.91,41139.0,2017,184.8,2500,371,Coupe,Chevrolet,Silverado,Chicago,V6,Diesel,A,FWD,False,True,36.0,43.8,60.1,69.7,117.6
SAMPLE00004581,31686.2,82142.0,2019,155.2,3000,86,Coupe,Toyota,3 Series,Chicago,V6,Diesel,M,RWD,True,False,35.9,41.4,60.7,71.6,108.9
SAMPLE00004582,58004.0,21677.0,2018,116.2,2500,368,Hatchback,Toyota,Civic,Los Angeles,I6,Hybrid,A,AWD,True,True,33.3,39.8,61.1,69.8,117.1
SAMPLE00004583,57122.23,20091.0,2014,272.0,2000,149,Sedan,Chevrolet,Civic,Phoenix,V6,Diesel,M,AWD,False,False,39.3,40.1,69.2,72.6,105.2
SAMPLE00004584,53041.06,141568.0,2019,306.6,1500,248,Sedan,BMW,Camry,Chicago,I4,Diesel,A,AWD,False,False,35.8,39.8,56.8,77.9,111.0
SAMPLE00004585,68110.14,120630.0,2021,197.8,3500,114,SUV / Crossover,BMW,3 Series,Los Angeles,I6,Diesel,M,RWD,False,True,38.7,42.2,69.8,81.9,115.6
SAMPLE00004586,36645.54,27098.0,2012,284.1,2500,179,SUV / Crossover,Toyota,Camry,Houston,V6,Gasoline,A,RWD,True,False,33.2,41.7,66.2,69.6,108.9
SAMPLE00004587,22189.45,60985.0,2012,115.6,2500,119,SUV / Crossover,Nissan,Camry,Houston,I6,Gasoline,M,RWD,False,False,33.0,44.6,63.0,70.7,105.6
SAMPLE00004588,51943.99,53343.0,2021,129.8,3000,27,Hatchback,BMW,F-150,Los Angeles,V6,Diesel,M,RWD,True,False,34.5,39.9,68.9,72.9,116.2
SAMPLE00004589,55112.04,118651.0,2019,310.5,3000,308,Truck,Toyota,Altima,New York,I6,Hybrid,M,FWD,True,False,39.3,40.2,75.1,73.8,116.1
SAMPLE00004590,46628.33,76532.0,2020,210.4,2500,116,Sedan,Honda,Camry,Phoenix,I6,Gasoline,M,AWD,False,True,38.4,38.0,67.5,83.1,105.6
SAMPLE00004591,26374.98,19177.0,2021,301.4,2500,190,SUV / Crossover,Honda,Altima,Phoenix,I4,Diesel,M,FWD,True,True,34.8,40.1,58.6,71.9,112.1
SAMPLE00004592,42745.08,110849.0,2017,349.5,2000,144,Hatchback,Honda,Civic,Los Angeles,I6,Gasoline,M,RWD,False,True,37.7,39.8,67.8,70.2,104.9
SAMPLE00004593,32170.44,59533.0,2016,355.8,1500,319,Hatchback,Toyota,Civic,Chicago,V6,Hybrid,M,RWD,False,True,38.6,40.8,65.4,82.9,117.9
SAMPLE00004594,38510.66,39439.0,2013,151.7,1500,261,SUV / Crossover,Toyota,F-150,Phoenix,I6,Hybrid,A,FWD,True,True,41.5,41.5,76.6,83.0,101.5
SAMPLE00004595,50487.02,56325.0,2022,245.9,3500,141,Coupe,BMW,F-150,Phoenix,V6,Hybrid,A,AWD,True,False,39.9,42.7,68.6,81.3,107.6
SAMPLE00004596,55986.81,74663.0,2020,320.2,1500,113,Coupe,BMW,3 Series,Houston,V6,Hybrid,M,RWD,False,False,34.2,39.3,55.8,74.5,113.0
SAMPLE00004597,27772.36,51467.0,2017,332.2,3500,383,Coupe,BMW,F-150,Houston,I4,Diesel,A,FWD,False,False,35.4,41.9,57.8,83.5,117.2
SAMPLE00004598,37292.89,36286.0,2019,335.4,3000,272,SUV / Crossover,Ford,Silverado,Houston,I6,Hybrid,A,FWD,False,True,36.6,43.1,67.2,75.5,115.9
SAMPLE00004599,29803.89,59775.0,2020,168.5,3500,37,Hatchback,Toyota,Civic,Phoenix,I4,Diesel,M,FWD,False,True,33.9,39.7,73.3,81.5,113.7
SAMPLE00004600,25924.74,2876.0,2020,157.8,3500,196,Hatchback,Nissan,Civic,Phoenix,V6,Hybrid,A,FWD,False,True,38.0,40.5,57.2,75.4,118.5
SAMPLE00004601,58086.3,115875.0,2019,277.0,1500,12,Sedan,Honda,Altima,Phoenix,I6,Diesel,M,AWD,False,True,41.2,39.4,68.0,76.2,100.5
SAMPLE00004602,65008.9,25642.0,2021,322.3,2500,111,Coupe,Honda,F-150,Chicago,I6,Hybrid,M,AWD,True,False,35.8,38.8,65.4,82.6,119.6
SAMPLE00004603,35362.77,6586.0,2019,195.7,3000,436,SUV / Crossover,Ford,Altima,Chicago,V6,Diesel,M,RWD,True,True,41.9,43.3,63.3,68.0,106.9
SAMPLE00004604,56320.34,98055.0,2014,131.4,2000,136,Sedan,Ford,F-150,Chicago,I4,Gasoline,A,RWD,True,True,35.2,39.7,56.9,72.7,115.0
SAMPLE00004605,64334.74,116090.0,2014,315.0,3500,171,Hatchback,Honda,Civic,New York,I4,Diesel,M,AWD,False,False,37.3,40.6,75.2,78.9,105.6
SAMPLE00004606,61536.83,122074.0,2013,189.9,3500,126,Sedan,Toyota,F-150,Phoenix,I6,Diesel,A,AWD,True,True,36.1,39.7,72.6,83.7,108.3
SAMPLE00004607,25054.74,74026.0,2012,149.9,3500,361,Coupe,Honda,3 Series,Phoenix,I4,Hybrid,M,FWD,False,True,35.8,38.3,76.2,68.2,117.5
SAMPLE00004608,67596.05,30805.0,2015,144.3,2500,409,Truck,Honda,F-150,Los Angeles,I6,Hybrid,M,FWD,False,True,36.4,43.1,58.9,75.9,109.0
SAMPLE00004609,35717.2,110584.0,2013,194.5,2000,332,Coupe,Nissan,F-150,Los Angeles,I4,Gasoline,A,FWD,True,True,33.3,42.5,68.2,76.8,117.7
SAMPLE00004610,33658.24,104957.0,2013,277.8,1500,18,Coupe,Ford,3 Series,New York,V6,Hybrid,M,RWD,True,False,37.8,41.3,55.4,85.0,111.0
SAMPLE00004611,18433.72,36941.0,2022,207.5,3000,431,SUV / Crossover,Ford,3 Series,Los Angeles,V6,Diesel,M,RWD,False,True,39.7,42.7,59.1,79.9,105.3
SAMPLE00004612,41739.55,135511.0,2022,106.2,2500,464,Truck,BMW,3 Series,Chicago,V6,Hybrid,M,RWD,True,False,40.8,43.9,73.1,70.1,109.7
SAMPLE00004613,20995.75,15656.0,2016,129.1,2000,207,Truck,Ford,Altima,New York,I6,Hybrid,A,RWD,False,False,35.9,42.3,61.6,77.4,101.8
SAMPLE00004614,28669.69,147403.0,2015,187.2,3000,157,Truck,Nissan,Civic,New York,I6,Diesel,M,FWD,True,True,38.0,44.3,59.5,70.6,109.6
SAMPLE00004615,32431.84,129037.0,2012,297.9,1500,159,Hatchback,Nissan,F-150,New York,V6,Gasoline,A,RWD,True,True,41.0,39.4,67.5,80.3,115.8
SAMPLE00004616,59485.45,103185.0,2020,129.6,3000,333,Sedan,Honda,3 Series,Houston,V6,Hybrid,M,RWD,True,False,40.2,44.2,70.1,74.2,101.4
SAMPLE00004617,63151.88,140812.0,2015,268.2,3500,239,Hatchback,Nissan,3 Series,Los Angeles,I4,Hybrid,A,FWD,True,True,37.2,41.8,69.0,79.2,104.7
SAMPLE00004618,31635.65,108347.0,2016,136.0,3500,375,Truck,BMW,Civic,Phoenix,V6,Diesel,A,FWD,True,True,34.5,43.9,57.3,83.2,108.4
SAMPLE00004619,62228.4,28569.0,2018,163.5,2500,78,SUV / Crossover,Honda,Silverado,Houston,V6,Gasoline,M,AWD,True,True,38.0,43.2,76.4,81.5,115.2
SAMPLE00004620,62147.7,66323.0,2013,151.7,3000,331,Coupe,Toyota,F-150,Chicago,V6,Gasoline,A,FWD,True,True,41.9,38.4,59.1,81.5,115.0
SAMPLE00004621,57055.8,10725.0,2019,120.2,3500,356,Coupe,Toyota,Silverado,Houston,I6,Hybrid,M,RWD,False,True,39.8,43.9,76.3,72.8,117.7
SAMPLE00004622,23068.23,58449.0,2022,301.4,2500,330,Hatchback,Ford,Silverado,Chicago,I6,Diesel,M,FWD,True,True,40.6,40.4,66.1,78.0,102.9
SAMPLE00004623,52967.76,111240.0,2013,239.0,2500,196,Hatchback,BMW,3 Series,Phoenix,V6,Hybrid,M,RWD,False,False,34.7,41.0,57.4,71.2,103.1
SAMPLE00004624,66976.32,57967.0,2022,349.3,2500,119,SUV / Crossover,Nissan,Altima,Phoenix,I4,Diesel,A,AWD,False,True,41.1,38.1,58.4,71.8,113.4
SAMPLE00004625,52539.73,49544.0,2021,129.7,1500,247,Coupe,Chevrolet,Civic,Los Angeles,I4,Diesel,A,AWD,True,False,33.1,43.3,64.9,80.0,103.6
SAMPLE00004626,33238.93,89303.0,2016,143.4,3500,138,Hatchback,Toyota,F-150,Houston,V6,Hybrid,A,AWD,False,False,40.8,41.3,78.0,74.9,108.3
SAMPLE00004627,42531.86,130831.0,2013,191.9,3500,225,Sedan,Nissan,F-150,Phoenix,I6,Diesel,M,RWD,True,False,35.2,44.6,75.4,83.1,110.8
SAMPLE00004628,50514.88,7137.0,2013,329.8,2000,82,Hatchback,Toyota,F-150,Chicago,V6,Hybrid,M,RWD,True,True,38.6,40.0,77.5,76.3,105.1
SAMPLE00004629,43081.37,57821.0,2015,191.7,1500,409,Hatchback,Toyota,Altima,Phoenix,I4,Gasoline,M,AWD,True,False,35.6,41.5,65.5,69.2,113.8
SAMPLE00004630,21597.41,23736.0,2015,222.5,3500,25,Truck,Toyota,Silverado,Los Angeles,I6,Gasoline,M,AWD,False,False,34.2,40.9,70.6,75.1,117.2
SAMPLE00004631,32163.52,104303.0,2019,190.5,3500,127,Sedan,Ford,Camry,Chicago,I6,Hybrid,A,RWD,True,False,35.2,43.5,66.9,70.3,100.2
SAMPLE00004632,59131.78,15859.0,2017,124.1,2000,400,Sedan,BMW,Civic,New York,I6,Gasoline,A,RWD,False,True,37.3,41.7,55.7,84.9,105.8
SAMPLE00004633,62377.99,99721.0,2021,381.8,3000,222,SUV / Crossover,Toyota,Camry,Los Angeles,V6,Gasoline,A,RWD,False,False,41.3,41.2,58.3,68.4,114.2
SAMPLE00004634,22551.5,42927.0,2019,264.6,3000,338,Truck,Nissan,Silverado,Los Angeles,V6,Gasoline,A,RWD,True,False,36.5,44.6,61.6,77.5,105.5
SAMPLE00004635,67381.27,29838.0,2018,336.3,1500,43,Sedan,Nissan,3 Series,New York,V6,Gasoline,A,AWD,True,True,33.5,40.6,62.2,74.2,110.5
SAMPLE00004636,33085.24,140453.0,2021,297.5,2500,83,Truck,Ford,Camry,Phoenix,I4,Diesel,A,AWD,True,True,33.2,41.4,71.0,78.3,115.1
SAMPLE00004637,51427.26,2779.0,2015,254.3,2000,406,Truck,BMW,Camry,Los Angeles,I6,Hybrid,A,FWD,False,False,34.9,41.9,71.6,77.2,106.9
SAMPLE00004638,56350.38,65667.0,2013,126.9,2000,24,Coupe,BMW,Civic,New York,I6,Hybrid,A,FWD,False,False,33.5,38.4,65.4,83.6,115.8
SAMPLE00004639,59657.04,3244.0,2020,292.8,3500,219,Sedan,Chevrolet,Silverado,New York,I4,Gasoline,M,RWD,True,True,36.3,41.7,63.7,71.1,116.3
SAMPLE00004640,67016.23,72539.0,2013,146.6,3500,292,Coupe,Honda,Civic,Los Angeles,I4,Hybrid,M,AWD,False,True,36.5,40.4,59.1,70.0,119.8
SAMPLE00004641,32210.58,75157.0,2012,224.3,2000,203,Hatchback,Toyota,3 Series,Houston,I6,Hybrid,A,RWD,True,True,41.7,42.6,55.9,82.8,108.6
SAMPLE00004642,62217.86,48249.0,2019,288.7,2500,367,Hatchback,Ford,Altima,Los Angeles,I6,Hybrid,A,FWD,True,False,35.8,42.5,68.5,83.8,109.5
SAMPLE00004643,22242.78,19824.0,2021,334.7,3000,192,Coupe,BMW,Altima,Houston,I4,Diesel,A,RWD,False,True,38.4,43.0,63.0,74.0,115.7
SAMPLE00004644,53777.25,56458.0,2020,305.5,1500,1,Hatchback,Chevrolet,Altima,Phoenix,V6,Gasoline,M,FWD,False,False,40.4,40.8,66.0,84.3,117.4
SAMPLE00004645,55808.78,100839.0,2012,301.5,3000,201,Coupe,Honda,F-150,New York,V6,Hybrid,A,FWD,False,False,37.6,38.7,75.7,73.8,110.1
SAMPLE00004646,52274.78,117359.0,2018,144.7,1500,353,SUV / Crossover,BMW,Altima,Chicago,V6,Diesel,A,AWD,True,True,39.3,41.1,70.4,77.9,100.4
SAMPLE00004647,28877.31,79613.0,2013,203.8,2500,31,Truck,BMW,Altima,Los Angeles,I4,Gasoline,A,RWD,False,False,41.8,41.9,72.9,79.3,109.2
SAMPLE00004648,63017.37,88475.0,2017,112.9,2000,88,SUV / Crossover,Toyota,Silverado,Chicago,I6,Diesel,A,AWD,False,False,35.9,38.2,59.1,84.9,104.5
SAMPLE00004649,24287.22,30092.0,2022,315.8,2500,201,Sedan,Honda,Altima,Phoenix,I4,Diesel,A,FWD,True,False,33.7,41.8,55.0,70.9,101.9
SAMPLE00004650,17949.91,43100.0,2016,385.8,2000,438,SUV / Crossover,Honda,Altima,Los Angeles,V6,Diesel,A,FWD,False,True,36.9,40.8,58.1,73.0,106.8
SAMPLE00004651,54460.57,24284.0,2012,179.2,3500,177,SUV / Crossover,Ford,3 Series,Chicago,V6,Hybrid,M,RWD,False,True,37.9,41.3,72.7,77.3,107.8
SAMPLE00004652,41151.16,37394.0,2013,126.3,1500,192,Hatchback,Chevrolet,3 Series,Phoenix,V6,Gasoline,M,RWD,False,False,38.2,40.1,65.2,71.6,119.6
SAMPLE00004653,61700.39,33733.0,2013,242.7,3500,159,Coupe,Nissan,Camry,Houston,I4,Gasoline,M,RWD,False,True,39.6,41.4,59.9,77.9,109.1
SAMPLE00004654,36086.84,77917.0,2021,357.0,2000,292,Sedan,Ford,Civic,Phoenix,I4,Hybrid,M,RWD,False,True,41.1,44.2,77.1,81.2,119.4
SAMPLE00004655,24255.32,84403.0,2021,265.6,1500,203,Hatchback,Chevrolet,Camry,Los Angeles,V6,Gasoline,M,FWD,True,True,37.5,43.5,66.2,82.9,114.6
SAMPLE00004656,61004.32,141742.0,2017,114.0,1500,240,Sedan,Ford,Camry,Los Angeles,V6,Gasoline,M,FWD,True,True,34.3,42.3,63.5,73.7,105.1
SAMPLE00004657,45190.03,29336.0,2022,392.3,3500,114,Truck,Chevrolet,F-150,Los Angeles,I6,Diesel,A,FWD,True,True,36.6,42.4,77.5,70.9,114.0
SAMPLE00004658,25405.77,96251.0,2012,348.6,1500,209,Coupe,Nissan,Civic,Phoenix,I4,Hybrid,M,AWD,True,True,34.4,44.3,58.1,79.7,108.1
SAMPLE00004659,54621.12,122589.0,2022,139.5,2000,221,Hatchback,Toyota,F-150,Los Angeles,I6,Diesel,A,AWD,True,True,34.6,41.4,68.8,79.7,111.6
SAMPLE00004660,43111.25,84036.0,2015,376.5,2000,396,SUV / Crossover,Chevrolet,Altima,Phoenix,V6,Gasoline,M,AWD,False,False,33.0,41.8,72.2,75.4,110.4
SAMPLE00004661,48237.21,38251.0,2021,235.2,3500,181,Truck,Nissan,3 Series,New York,V6,Gasoline,A,RWD,False,True,41.4,44.0,76.6,78.1,118.6
SAMPLE00004662,40349.41,39383.0,2022,211.6,2500,258,SUV / Crossover,Ford,Altima,New York,V6,Hybrid,M,FWD,True,True,39.7,43.3,74.2,81.6,102.6
SAMPLE00004663,60578.99,5888.0,2016,238.3,2000,468,Sedan,Honda,F-150,New York,I6,Diesel,A,AWD,False,True,33.9,41.0,61.7,80.5,108.9
SAMPLE00004664,60625.95,45817.0,2013,350.4,2000,425,Truck,BMW,3 Series,Chicago,I4,Diesel,M,RWD,False,True,41.3,40.1,61.0,79.4,101.6
SAMPLE00004665,54016.39,111691.0,2013,297.8,1500,461,Hatchback,Nissan,Camry,New York,I4,Diesel,M,RWD,False,False,40.8,41.6,57.2,79.3,105.1
SAMPLE00004666,20797.08,7128.0,2018,117.8,1500,39,SUV / Crossover,Nissan,Altima,New York,I6,Hybrid,A,RWD,True,True,41.2,38.8,58.9,80.3,101.5
SAMPLE00004667,61136.96,32894.0,2018,387.3,2000,329,SUV / Crossover,Nissan,F-150,Phoenix,I4,Diesel,M,FWD,True,False,33.9,42.8,71.8,78.3,118.8
SAMPLE00004668,51905.71,105935.0,2017,144.3,3500,321,Sedan,Chevrolet,Altima,Phoenix,I6,Diesel,M,RWD,False,True,33.7,41.3,61.7,69.4,106.3
SAMPLE00004669,53336.33,117398.0,2012,323.7,2500,59,Sedan,Chevrolet,Civic,Los Angeles,I6,Gasoline,M,AWD,True,True,33.6,42.2,65.2,77.9,115.6
SAMPLE00004670,34964.06,68298.0,2014,290.8,1500,492,Coupe,Honda,F-150,Los Angeles,I4,Gasoline,A,RWD,True,True,41.7,43.9,70.9,83.1,115.0
SAMPLE00004671,63360.38,104711.0,2020,156.3,1500,484,Coupe,Toyota,3 Series,Los Angeles,I4,Diesel,A,FWD,False,True,38.9,40.5,70.3,68.6,102.8
SAMPLE00004672,54895.44,58193.0,2021,151.2,2500,10,Sedan,Ford,Silverado,Phoenix,I6,Diesel,A,FWD,True,False,34.6,41.5,73.2,74.8,102.8
SAMPLE00004673,21192.48,23987.0,2012,361.1,1500,119,Coupe,Toyota,Altima,Phoenix,I4,Gasoline,A,RWD,False,True,41.4,41.9,56.3,74.7,107.6
SAMPLE00004674,37427.79,59722.0,2013,225.9,3500,384,SUV / Crossover,Chevrolet,Altima,New York,I4,Hybrid,M,FWD,True,True,37.0,40.0,68.2,72.3,111.4
SAMPLE00004675,63750.92,86995.0,2019,296.4,1500,409,Sedan,Chevrolet,Civic,Houston,I6,Gasoline,A,FWD,False,False,40.1,39.9,75.5,77.8,108.5
SAMPLE00004676,17595.82,142208.0,2018,251.2,1500,41,Truck,Nissan,3 Series,Phoenix,V6,Diesel,M,AWD,False,False,38.7,41.7,63.6,70.9,115.4
SAMPLE00004677,67877.91,10313.0,2020,318.2,2000,189,Sedan,Nissan,Altima,Houston,I6,Hybrid,M,AWD,True,False,38.8,39.8,59.4,83.6,110.7
SAMPLE00004678,52353.94,76109.0,2021,243.8,3500,122,Hatchback,Toyota,Silverado,Phoenix,I4,Diesel,M,RWD,False,False,37.0,44.0,56.6,70.6,117.6
SAMPLE00004679,49725.68,49338.0,2015,186.2,3500,188,Hatchback,Ford,Altima,Phoenix,V6,Diesel,M,FWD,False,False,36.6,45.0,76.6,84.4,111.8
SAMPLE00004680,29880.76,76247.0,2015,209.0,2000,251,Sedan,Chevrolet,Civic,Chicago,I4,Diesel,A,FWD,True,False,34.5,39.5,55.1,68.2,111.8
SAMPLE00004681,28683.55,3596.0,2018,357.7,3000,460,Truck,Chevrolet,Silverado,Houston,I6,Hybrid,M,FWD,False,True,33.6,42.0,73.2,76.3,113.2
SAMPLE00004682,66813.2,46954.0,2012,240.4,2500,91,Sedan,Toyota,Camry,Chicago,I6,Diesel,M,AWD,True,True,41.4,39.0,61.1,68.6,112.1
SAMPLE00004683,31404.98,122980.0,2021,164.0,3500,483,Truck,BMW,Camry,New York,I6,Hybrid,M,FWD,True,True,41.4,39.3,60.6,82.9,112.2
SAMPLE00004684,57652.79,83091.0,2020,380.4,3000,212,SUV / Crossover,Nissan,Altima,Chicago,V6,Gasoline,A,AWD,True,False,38.8,43.4,58.6,81.6,109.0
SAMPLE00004685,36621.7,67587.0,2013,339.0,2500,317,SUV / Crossover,Honda,F-150,Chicago,I4,Hybrid,M,FWD,True,True,36.5,39.4,59.5,71.8,101.8
SAMPLE00004686,22658.97,42829.0,2012,116.7,3500,201,Truck,Chevrolet,F-150,New York,V6,Diesel,M,AWD,True,False,33.2,43.2,66.8,70.3,107.4
SAMPLE00004687,15589.34,44706.0,2018,399.7,1500,267,Coupe,Ford,F-150,Houston,I6,Diesel,M,RWD,False,True,37.0,40.8,75.1,71.6,115.4
SAMPLE00004688,44934.15,57465.0,2017,308.5,3500,493,SUV / Crossover,BMW,F-150,Los Angeles,I4,Gasoline,M,RWD,False,True,38.9,41.4,63.5,69.3,100.8
SAMPLE00004689,68667.84,125336.0,2014,148.1,2500,154,Hatchback,Toyota,Altima,Phoenix,I6,Gasoline,M,FWD,True,True,35.7,39.8,72.1,72.0,113.8
SAMPLE00004690,35302.49,145082.0,2012,171.2,3000,194,Sedan,Toyota,Silverado,Houston,I4,Gasoline,A,FWD,False,True,36.1,41.8,60.7,69.2,119.6
SAMPLE00004691,34645.58,65798.0,2016,307.7,1500,27,Coupe,Ford,Civic,New York,V6,Hybrid,A,AWD,True,True,37.3,40.3,75.8,82.5,108.7
SAMPLE00004692,33925.04,59003.0,2021,333.9,2500,193,Hatchback,Nissan,Civic,Chicago,V6,Hybrid,M,AWD,False,False,37.5,39.2,76.0,82.5,104.2
SAMPLE00004693,43629.91,126983.0,2015,171.7,2500,411,Sedan,Nissan,F-150,Los Angeles,V6,Hybrid,M,AWD,True,False,39.7,39.0,57.5,77.3,100.5
SAMPLE00004694,39236.57,64036.0,2016,177.1,3500,498,Hatchback,BMW,Camry,Chicago,V6,Hybrid,M,FWD,False,True,37.5,45.0,74.3,83.6,117.1
SAMPLE00004695,63395.3,82803.0,2012,192.1,2000,222,Coupe,Ford,3 Series,Phoenix,I4,Gasoline,A,AWD,False,False,40.6,40.4,71.1,74.0,102.9
SAMPLE00004696,42803.64,34641.0,2012,279.4,2000,106,Truck,Chevrolet,F-150,New York,I4,Diesel,M,FWD,False,True,37.3,43.6,64.1,71.0,100.9
SAMPLE00004697,42926.68,111525.0,2016,151.5,1500,148,Sedan,BMW,F-150,Los Angeles,V6,Diesel,M,AWD,False,True,33.3,40.4,74.2,73.2,109.7
SAMPLE00004698,22610.44,79798.0,2017,131.3,2500,134,Hatchback,Honda,Altima,Houston,V6,Hybrid,M,FWD,False,True,34.3,42.4,75.8,70.1,107.6
SAMPLE00004699,69050.67,121355.0,2016,303.7,3000,497,Hatchback,Honda,Camry,Houston,I4,Gasoline,M,AWD,True,False,39.5,43.9,66.4,82.0,119.2
SAMPLE00004700,28748.51,117110.0,2013,333.7,1500,94,Coupe,Ford,3 Series,New York,I6,Gasoline,M,AWD,False,True,37.1,42.9,66.7,80.9,109.3
SAMPLE00004701,19035.02,32251.0,2020,250.3,1500,269,Coupe,Honda,Silverado,New York,V6,Gasoline,M,AWD,False,False,37.2,38.5,71.2,71.2,116.7
SAMPLE00004702,51473.04,107345.0,2016,209.1,3500,422,Coupe,Ford,Silverado,Chicago,I4,Diesel,A,FWD,True,False,41.8,39.3,60.6,77.3,118.6
SAMPLE00004703,47745.15,120008.0,2022,229.6,3000,373,Truck,Chevrolet,3 Series,Los Angeles,V6,Diesel,M,RWD,False,True,38.1,44.1,56.8,72.8,103.7
SAMPLE00004704,37833.01,51916.0,2022,216.5,2500,125,SUV / Crossover,Nissan,3 Series,Phoenix,I4,Hybrid,M,RWD,False,False,34.1,41.3,67.2,70.2,106.9
SAMPLE00004705,38220.57,25891.0,2016,388.0,2500,358,Hatchback,Chevrolet,Silverado,New York,V6,Diesel,M,FWD,True,True,36.9,42.2,62.4,72.2,118.5
SAMPLE00004706,58178.52,395.0,2021,330.4,2500,328,Truck,Ford,F-150,Los Angeles,V6,Gasoline,A,FWD,False,True,38.1,38.2,57.8,78.2,111.1
SAMPLE00004707,25764.2,67636.0,2020,162.4,1500,470,Hatchback,Chevrolet,F-150,New York,I6,Diesel,M,RWD,False,False,33.3,41.4,58.2,79.1,106.5
SAMPLE00004708,60113.93,52865.0,2014,215.3,3500,317,Truck,Honda,Altima,New York,I6,Diesel,A,RWD,True,False,36.3,41.0,59.9,71.2,110.4
SAMPLE00004709,50681.09,83236.0,2016,263.2,1500,11,Sedan,Chevrolet,Camry,Houston,I6,Diesel,A,AWD,False,True,41.7,42.8,62.8,81.2,114.6
SAMPLE00004710,38043.34,28206.0,2016,283.9,2000,476,SUV / Crossover,Honda,3 Series,Los Angeles,I6,Hybrid,A,AWD,False,False,39.8,39.9,65.0,77.8,112.4
SAMPLE00004711,40191.57,128950.0,2013,240.5,2000,293,Hatchback,Nissan,F-150,Houston,V6,Diesel,M,FWD,True,True,36.3,43.2,77.0,75.3,118.7
SAMPLE00004712,29115.6,38663.0,2022,343.0,2500,441,Coupe,Nissan,F-150,Houston,V6,Hybrid,M,RWD,False,True,35.4,42.7,66.2,79.0,119.3
SAMPLE00004713,56366.29,33964.0,2015,330.3,3500,439,SUV / Crossover,Honda,Camry,Los Angeles,I6,Diesel,A,RWD,True,False,35.5,41.6,76.0,73.7,114.2
SAMPLE00004714,43208.11,72107.0,2022,251.5,2500,294,Hatchback,Toyota,3 Series,Houston,I6,Hybrid,M,FWD,True,True,40.5,40.6,67.6,72.5,113.3
SAMPLE00004715,32647.0,74828.0,2022,356.3,2500,341,Sedan,Chevrolet,Camry,Chicago,V6,Gasoline,M,RWD,False,False,36.6,40.1,58.6,83.7,100.3
SAMPLE00004716,47782.76,32263.0,2013,325.3,1500,3,Hatchback,Chevrolet,Camry,Phoenix,I4,Gasoline,M,AWD,True,True,40.6,41.7,74.4,83.3,115.7
SAMPLE00004717,69765.39,40779.0,2016,333.6,2500,303,Hatchback,Ford,Silverado,Phoenix,I6,Gasoline,A,RWD,True,True,41.2,42.0,55.4,76.1,110.0
SAMPLE00004718,38939.43,25456.0,2021,386.9,2500,390,Hatchback,Ford,Camry,Chicago,I4,Hybrid,A,RWD,False,True,37.2,41.1,68.0,78.3,117.5
SAMPLE00004719,65638.03,107769.0,2013,179.9,3500,315,SUV / Crossover,BMW,3 Series,New York,V6,Gasoline,M,AWD,True,True,41.5,40.2,62.9,79.2,118.7
SAMPLE00004720,33975.93,115513.0,2021,180.3,3500,167,Hatchback,Honda,F-150,Houston,I4,Hybrid,M,RWD,True,False,35.7,44.2,65.1,79.1,107.4
SAMPLE00004721,18010.3,69349.0,2020,366.7,3500,7,Coupe,Nissan,F-150,Phoenix,I6,Hybrid,M,AWD,False,True,35.3,40.2,73.3,77.0,118.1
SAMPLE00004722,26233.32,107113.0,2021,331.7,2500,123,Truck,Nissan,Silverado,Los Angeles,I6,Hybrid,A,AWD,False,True,34.0,42.7,55.1,73.3,113.2
SAMPLE00004723,38028.23,110390.0,2017,378.0,3500,371,Coupe,Toyota,3 Series,New York,I6,Gasoline,M,AWD,False,False,35.2,44.3,59.2,83.1,108.6
SAMPLE00004724,27079.92,20741.0,2019,118.9,3500,313,Sedan,Honda,F-150,Phoenix,I6,Hybrid,A,RWD,True,True,40.0,42.5,73.7,77.6,101.0
SAMPLE00004725,15012.49,144927.0,2020,288.3,3000,184,SUV / Crossover,Chevrolet,Camry,Houston,I6,Diesel,A,AWD,False,False,36.6,40.6,67.5,83.4,114.8
SAMPLE00004726,65325.08,123155.0,2019,143.4,3000,34,Truck,BMW,Civic,Phoenix,V6,Gasoline,A,FWD,False,True,34.3,40.1,60.9,82.1,117.9
SAMPLE00004727,61413.37,30673.0,2016,251.2,2000,72,SUV / Crossover,Honda,Civic,Houston,I4,Diesel,M,RWD,False,False,34.0,44.0,66.4,79.0,111.6
SAMPLE00004728,55826.07,27925.0,2016,146.7,1500,370,SUV / Crossover,BMW,Civic,New York,V6,Gasoline,M,AWD,True,True,37.4,41.4,64.3,80.1,108.1
SAMPLE00004729,24229.8,18849.0,2017,138.4,1500,12,Hatchback,Honda,Civic,Chicago,V6,Hybrid,A,FWD,False,False,37.9,42.2,72.7,83.5,109.0
SAMPLE00004730,21620.0,20757.0,2012,103.7,3500,38,Coupe,Chevrolet,Camry,Houston,V6,Hybrid,M,FWD,True,True,40.2,42.2,72.4,78.7,114.2
SAMPLE00004731,18718.26,112224.0,2022,289.1,2000,83,Truck,Chevrolet,F-150,Houston,I4,Hybrid,M,AWD,True,False,39.4,41.7,65.7,76.0,104.0
SAMPLE00004732,54821.61,70448.0,2019,207.7,2000,20,Hatchback,Honda,Silverado,New York,I4,Gasoline,M,FWD,True,False,34.5,44.5,61.3,75.5,104.1
SAMPLE00004733,66084.44,117440.0,2013,131.6,3000,252,Truck,Nissan,Camry,New York,V6,Gasoline,A,AWD,True,True,35.5,44.5,55.3,84.7,106.9
SAMPLE00004734,38679.47,111938.0,2017,196.9,2000,302,Coupe,Nissan,F-150,Los Angeles,I4,Hybrid,M,FWD,False,False,39.2,38.3,65.9,80.8,100.6
SAMPLE00004735,21552.74,90692.0,2020,150.7,2500,466,Hatchback,Toyota,3 Series,New York,V6,Gasoline,M,RWD,True,True,34.6,41.5,68.6,79.4,113.4
SAMPLE00004736,43181.61,102955.0,2014,382.5,3500,257,Truck,Chevrolet,F-150,Phoenix,V6,Diesel,A,AWD,False,True,40.2,42.0,68.9,69.6,109.0
SAMPLE00004737,34185.75,2753.0,2013,196.0,2500,299,Hatchback,Ford,F-150,Houston,I6,Hybrid,A,FWD,False,False,38.9,44.5,75.0,78.0,117.9
SAMPLE00004738,35615.37,46767.0,2021,200.2,1500,487,SUV / Crossover,Toyota,F-150,Chicago,I4,Diesel,A,FWD,False,True,37.8,38.5,65.8,71.2,112.9
SAMPLE00004739,49173.18,95673.0,2016,352.0,3000,29,Sedan,Honda,Camry,New York,I6,Diesel,M,AWD,True,True,38.8,43.5,71.6,74.6,114.1
SAMPLE00004740,54529.5,1402.0,2022,294.3,2500,470,Truck,Toyota,F-150,Houston,V6,Gasoline,M,RWD,False,False,33.9,42.5,57.9,77.5,113.4
SAMPLE00004741,21083.2,4947.0,2020,313.1,3500,127,Coupe,Ford,F-150,Chicago,V6,Diesel,M,AWD,False,True,37.9,43.1,72.6,68.1,108.4
SAMPLE00004742,16957.46,127783.0,2017,290.8,2500,310,Truck,Chevrolet,3 Series,Los Angeles,V6,Hybrid,A,FWD,False,False,37.1,40.0,65.2,82.7,118.7
SAMPLE00004743,69688.17,102604.0,2019,383.9,2500,39,Sedan,Chevrolet,3 Series,Phoenix,I6,Diesel,M,AWD,False,False,37.6,43.2,71.0,75.5,118.3
SAMPLE00004744,27800.06,39805.0,2019,162.1,2000,460,Truck,Nissan,Civic,Los Angeles,I6,Gasoline,A,RWD,True,False,36.0,40.0,74.2,78.6,109.7
SAMPLE00004745,17960.68,103194.0,2018,396.7,3000,96,Truck,Chevrolet,Altima,New York,V6,Gasoline,M,FWD,False,False,37.2,42.7,60.8,71.4,115.6
SAMPLE00004746,25443.14,118869.0,2016,349.3,1500,223,Truck,Nissan,Camry,Phoenix,I6,Hybrid,M,RWD,True,True,40.9,43.5,70.3,79.9,119.7
SAMPLE00004747,17142.68,46019.0,2013,276.7,3500,91,Coupe,Ford,F-150,Los Angeles,V6,Hybrid,M,RWD,True,True,36.1,43.5,57.8,73.3,106.6
SAMPLE00004748,36549.6,5406.0,2021,298.7,3500,279,Sedan,Toyota,Civic,Houston,V6,Hybrid,M,FWD,False,False,33.4,41.8,57.6,76.8,112.5
SAMPLE00004749,59132.1,139917.0,2021,294.6,1500,169,Sedan,Honda,Civic,New York,I6,Hybrid,M,RWD,True,False,35.3,40.9,61.5,73.5,111.4
SAMPLE00004750,33768.44,51777.0,2016,117.5,3500,283,Coupe,Honda,Camry,Los Angeles,I4,Hybrid,A,FWD,False,False,37.1,39.7,58.0,79.0,110.8
SAMPLE00004751,39430.09,15972.0,2018,165.4,2000,221,Truck,Toyota,Altima,Phoenix,V6,Diesel,M,RWD,False,False,37.8,38.2,65.4,82.5,118.7
SAMPLE00004752,52157.27,73779.0,2018,388.4,2500,116,Truck,Chevrolet,Civic,Phoenix,V6,Diesel,M,RWD,True,False,36.8,38.3,75.0,78.9,102.5
SAMPLE00004753,42989.17,115270.0,2022,260.3,2000,247,Sedan,Nissan,Civic,Chicago,I6,Gasoline,A,FWD,False,True,40.4,40.9,56.7,71.0,110.3
SAMPLE00004754,62379.51,33247.0,2013,213.5,2000,360,Truck,Honda,Camry,Phoenix,I6,Diesel,M,RWD,False,True,41.2,38.7,63.4,72.2,100.5
SAMPLE00004755,62631.96,40424.0,2018,328.6,2000,348,SUV / Crossover,Chevrolet,Silverado,Phoenix,I6,Hybrid,A,RWD,False,False,37.4,38.8,59.8,76.9,106.2
SAMPLE00004756,15545.09,36407.0,2017,257.4,1500,353,Truck,BMW,Civic,New York,V6,Hybrid,M,RWD,True,False,33.7,39.4,65.6,72.6,113.5
SAMPLE00004757,57792.55,148751.0,2018,103.9,3000,434,Truck,BMW,3 Series,Phoenix,I4,Gasoline,A,AWD,False,True,36.8,41.4,69.6,71.3,115.6
SAMPLE00004758,40340.35,29611.0,2022,320.9,1500,405,Hatchback,Honda,Civic,Chicago,I4,Hybrid,A,RWD,False,False,34.6,42.1,74.6,68.8,117.1
SAMPLE00004759,69386.23,86328.0,2019,319.7,1500,88,Sedan,Toyota,Camry,Phoenix,I4,Gasoline,A,AWD,True,False,35.6,42.9,55.5,69.8,101.5
SAMPLE00004760,41577.76,138790.0,2015,149.5,2000,77,Sedan,Toyota,Camry,Chicago,V6,Diesel,M,FWD,True,False,40.5,41.4,68.1,77.6,103.7
SAMPLE00004761,69279.28,22034.0,2012,387.0,3000,457,SUV / Crossover,Toyota,Altima,Houston,I6,Diesel,A,FWD,False,False,37.8,42.7,70.9,71.3,108.0
SAMPLE00004762,56501.31,145628.0,2019,167.2,1500,73,SUV / Crossover,Chevrolet,Silverado,Chicago,I4,Diesel,M,FWD,False,True,40.5,44.0,58.1,76.5,107.6
SAMPLE00004763,28673.27,142122.0,2019,237.3,3000,391,SUV / Crossover,BMW,Silverado,New York,I4,Gasoline,M,AWD,False,True,41.9,40.6,76.6,78.9,105.1
SAMPLE00004764,44611.72,132686.0,2014,134.4,2000,13,Sedan,Chevrolet,Altima,Los Angeles,I4,Hybrid,A,FWD,False,True,37.9,42.8,56.9,72.3,118.7
SAMPLE00004765,69567.46,32183.0,2014,281.0,1500,44,Hatchback,Ford,Altima,Los Angeles,V6,Gasoline,A,FWD,False,False,41.2,42.6,62.4,84.1,110.7
SAMPLE00004766,62164.18,95108.0,2016,212.6,3000,37,Hatchback,Ford,3 Series,Houston,I6,Diesel,M,RWD,False,False,39.2,42.5,60.5,72.4,113.1
SAMPLE00004767,20355.18,114134.0,2014,206.0,3500,415,Coupe,Honda,3 Series,New York,I6,Gasoline,A,AWD,True,False,33.9,42.1,56.6,70.8,115.0
SAMPLE00004768,53850.46,147904.0,2016,348.1,1500,244,Sedan,Ford,Civic,Houston,I6,Hybrid,A,AWD,True,False,36.8,43.1,71.1,75.8,110.9
SAMPLE00004769,34006.88,27064.0,2019,102.9,1500,61,Coupe,Toyota,Silverado,Houston,I6,Gasoline,M,AWD,False,True,38.9,43.7,66.8,75.5,116.7
SAMPLE00004770,15384.02,114904.0,2012,339.4,1500,492,Truck,Honda,3 Series,Phoenix,I4,Diesel,A,FWD,True,False,39.3,40.7,64.8,82.6,119.7
SAMPLE00004771,37191.45,50820.0,2013,271.4,3000,95,SUV / Crossover,BMW,Civic,Phoenix,I6,Hybrid,A,AWD,True,True,40.7,42.6,59.6,68.8,107.8
SAMPLE00004772,27911.49,26344.0,2013,395.8,2500,322,Coupe,Nissan,F-150,New York,I4,Diesel,A,FWD,True,False,38.7,39.7,65.2,72.6,112.9
SAMPLE00004773,60037.81,63207.0,2015,276.8,1500,251,Coupe,BMW,Civic,Los Angeles,V6,Hybrid,A,FWD,False,True,33.8,43.3,75.7,82.9,106.3
SAMPLE00004774,33553.18,119075.0,2020,116.6,3500,467,Sedan,Ford,3 Series,Chicago,V6,Hybrid,M,FWD,True,False,34.3,44.2,63.2,80.9,101.4
SAMPLE00004775,60513.8,69727.0,2013,115.2,3500,60,SUV / Crossover,Ford,Civic,Phoenix,V6,Diesel,A,FWD,True,True,36.0,43.3,66.7,68.1,100.5
SAMPLE00004776,15032.89,80628.0,2022,364.9,2000,268,SUV / Crossover,BMW,F-150,New York,I6,Diesel,M,RWD,True,True,35.6,41.4,76.4,77.0,104.7
SAMPLE00004777,31930.05,149274.0,2020,352.4,2500,118,Hatchback,Ford,3 Series,New York,I6,Diesel,M,AWD,False,False,35.0,38.9,70.9,72.2,103.2
SAMPLE00004778,28264.09,59866.0,2018,203.8,2500,86,Coupe,Ford,Civic,Los Angeles,I4,Gasoline,M,AWD,True,False,38.6,44.1,56.0,84.8,114.4
SAMPLE00004779,27846.2,92310.0,2021,285.4,3000,82,Hatchback,Chevrolet,3 Series,New York,I6,Diesel,A,FWD,False,False,36.9,43.7,62.6,84.7,109.3
SAMPLE00004780,18750.26,54787.0,2019,246.9,2000,79,Coupe,Nissan,Altima,New York,V6,Hybrid,M,FWD,False,True,39.2,42.9,77.5,83.8,110.8
SAMPLE00004781,25291.83,58918.0,2012,390.1,3000,227,Sedan,Nissan,Altima,Los Angeles,I6,Gasoline,M,FWD,True,False,36.5,44.0,74.9,68.2,101.6
SAMPLE00004782,45555.23,104346.0,2016,385.0,2000,482,Sedan,BMW,Civic,Phoenix,I4,Gasoline,A,RWD,True,True,35.5,41.7,75.3,83.4,100.4
SAMPLE00004783,31024.86,140683.0,2020,395.2,2500,302,Truck,BMW,Camry,Los Angeles,V6,Gasoline,M,FWD,False,True,38.0,44.9,76.5,73.6,108.7
SAMPLE00004784,37956.71,81354.0,2015,359.9,3000,110,Coupe,Ford,3 Series,Houston,V6,Gasoline,A,AWD,True,True,33.9,43.9,69.6,78.9,105.1
SAMPLE00004785,35727.68,115260.0,2013,372.9,2000,369,Coupe,Toyota,3 Series,Phoenix,I4,Gasoline,A,AWD,False,False,41.9,39.1,72.9,75.6,112.4
SAMPLE00004786,63174.77,13381.0,2017,165.2,2500,309,SUV / Crossover,Chevrolet,Altima,Houston,V6,Gasoline,M,RWD,False,False,38.9,40.8,70.0,74.0,110.2
SAMPLE00004787,64791.44,31674.0,2013,349.3,2500,70,SUV / Crossover,Toyota,Altima,New York,I4,Diesel,A,FWD,False,False,34.1,39.2,67.2,72.9,116.6
SAMPLE00004788,42112.63,75320.0,2014,312.7,1500,435,Hatchback,Ford,3 Series,Houston,I4,Hybrid,M,AWD,False,False,38.6,39.6,67.0,75.3,116.8
SAMPLE00004789,33158.58,3002.0,2019,388.8,3000,484,Truck,BMW,3 Series,Los Angeles,I6,Diesel,A,RWD,True,True,33.7,41.5,55.3,73.0,110.7
SAMPLE00004790,20874.04,37928.0,2014,271.4,1500,327,Sedan,Toyota,Altima,Los Angeles,V6,Hybrid,M,AWD,False,False,37.6,40.5,60.3,83.7,118.1
SAMPLE00004791,67437.16,77610.0,2013,125.6,2500,24,Coupe,Nissan,Civic,Chicago,I6,Gasoline,M,RWD,False,True,35.6,44.4,55.7,75.4,118.7
SAMPLE00004792,18312.48,2244.0,2017,279.2,3000,278,Hatchback,Honda,Silverado,New York,I6,Diesel,A,FWD,False,False,39.3,38.0,65.3,84.1,104.9
SAMPLE00004793,31370.77,39682.0,2014,306.0,3000,201,Truck,Toyota,Civic,Los Angeles,I4,Diesel,M,AWD,False,False,37.4,38.1,71.6,74.3,119.5
SAMPLE00004794,31393.64,77105.0,2012,166.1,3500,413,SUV / Crossover,BMW,F-150,Phoenix,I4,Diesel,M,AWD,False,True,40.1,44.4,76.6,72.4,119.7
SAMPLE00004795,32622.07,85972.0,2014,218.2,2000,224,Truck,Nissan,Camry,Los Angeles,I6,Hybrid,A,FWD,False,False,35.1,39.7,55.3,81.8,101.3
SAMPLE00004796,24035.78,138863.0,2017,279.6,3500,266,Hatchback,Ford,Civic,Phoenix,I4,Gasoline,A,FWD,True,True,38.9,38.0,66.3,76.8,100.0
SAMPLE00004797,58073.88,96802.0,2014,212.2,3500,418,Sedan,Toyota,Civic,New York,V6,Gasoline,A,RWD,True,True,39.2,41.1,71.1,70.8,101.2
SAMPLE00004798,21737.38,62210.0,2020,212.5,2500,282,SUV / Crossover,Ford,3 Series,Chicago,V6,Gasoline,M,FWD,False,False,37.3,39.4,70.3,83.8,107.0
SAMPLE00004799,49919.87,139553.0,2018,139.9,2000,116,SUV / Crossover,Chevrolet,F-150,Chicago,I6,Hybrid,A,AWD,True,False,40.7,38.4,72.3,84.4,116.2
SAMPLE00004800,21811.53,117732.0,2016,382.2,3500,66,Sedan,Honda,3 Series,Houston,V6,Diesel,M,AWD,False,True,34.3,41.7,74.4,79.7,110.1
SAMPLE00004801,18879.46,30001.0,2013,325.1,3500,46,SUV / Crossover,BMW,Altima,Los Angeles,I6,Hybrid,A,FWD,True,False,39.8,39.0,76.0,84.5,105.9
SAMPLE00004802,65018.62,19626.0,2020,100.4,3000,240,Hatchback,BMW,3 Series,New York,V6,Gasoline,M,FWD,False,False,34.2,43.9,59.1,79.5,101.1
SAMPLE00004803,25457.08,101372.0,2016,329.7,2500,177,SUV / Crossover,Ford,Silverado,Houston,I4,Hybrid,A,FWD,False,True,34.4,40.1,77.0,78.6,107.9
SAMPLE00004804,60168.76,83982.0,2018,321.9,3500,7,Coupe,Honda,Camry,New York,V6,Hybrid,M,FWD,False,True,34.8,39.6,73.5,82.0,100.7
SAMPLE00004805,44954.7,118451.0,2020,102.9,2000,182,Truck,Nissan,Silverado,New York,I4,Hybrid,A,AWD,True,True,38.9,43.2,75.7,69.2,103.5
SAMPLE00004806,19282.11,110821.0,2015,210.9,1500,76,Hatchback,BMW,3 Series,Houston,I6,Gasoline,A,RWD,True,False,38.8,43.9,62.9,75.5,117.6
SAMPLE00004807,67549.65,93782.0,2020,282.0,1500,425,Sedan,Toyota,Camry,New York,V6,Diesel,A,AWD,True,False,37.0,38.7,78.0,75.3,115.2
SAMPLE00004808,28582.86,147957.0,2012,235.8,2500,66,Hatchback,BMW,Civic,Houston,I4,Gasoline,A,AWD,True,False,35.8,39.1,55.3,78.6,119.9
SAMPLE00004809,62280.49,80038.0,2017,333.4,1500,147,Coupe,Toyota,F-150,Los Angeles,I4,Hybrid,A,RWD,False,True,38.5,41.3,75.0,73.9,117.9
SAMPLE00004810,24284.55,16966.0,2013,227.6,3000,493,SUV / Crossover,BMW,Silverado,Houston,I6,Diesel,A,FWD,False,False,34.3,42.1,70.6,75.7,117.1
SAMPLE00004811,61966.86,124241.0,2019,146.2,3000,172,SUV / Crossover,Toyota,F-150,Los Angeles,I6,Diesel,M,RWD,True,False,38.7,38.6,58.2,82.4,103.5
SAMPLE00004812,15727.58,37778.0,2016,392.9,2000,34,Hatchback,Chevrolet,3 Series,Chicago,V6,Gasoline,A,AWD,False,True,33.1,40.6,74.1,84.1,113.0
SAMPLE00004813,43147.93,116595.0,2014,172.6,2500,76,SUV / Crossover,Ford,Camry,Houston,V6,Gasoline,A,FWD,True,False,34.3,44.3,73.2,76.2,112.0
SAMPLE00004814,57319.34,143566.0,2013,315.3,2500,403,SUV / Crossover,Nissan,Altima,Chicago,V6,Diesel,A,FWD,False,False,39.4,44.1,67.4,80.0,118.4
SAMPLE00004815,66413.75,104519.0,2019,142.9,1500,279,Coupe,Nissan,Civic,Houston,I4,Hybrid,A,FWD,False,True,40.9,40.2,69.6,77.3,115.6
SAMPLE00004816,65006.12,89405.0,2018,198.7,3500,184,Sedan,Chevrolet,Camry,New York,I6,Gasoline,M,FWD,True,False,33.7,39.6,57.9,82.7,115.5
SAMPLE00004817,60079.37,69058.0,2020,232.6,3500,54,Truck,Nissan,Altima,Chicago,V6,Diesel,A,FWD,True,True,38.7,42.1,65.5,72.4,106.5
SAMPLE00004818,63850.52,54661.0,2019,157.7,3500,392,Hatchback,Toyota,F-150,Phoenix,V6,Diesel,M,FWD,False,False,33.6,38.7,55.9,82.7,102.5
SAMPLE00004819,25957.08,52951.0,2022,235.0,2000,93,Sedan,Nissan,F-150,Phoenix,I4,Hybrid,M,RWD,True,False,40.9,39.6,68.3,76.8,107.4
SAMPLE00004820,30630.14,95456.0,2015,147.1,2500,472,Truck,Ford,Civic,Phoenix,V6,Diesel,A,FWD,False,True,36.5,39.2,65.4,75.8,104.2
SAMPLE00004821,30893.27,112691.0,2013,267.7,1500,143,Sedan,Honda,Altima,Chicago,I4,Gasoline,M,RWD,False,False,39.7,39.5,57.0,84.2,114.6
SAMPLE00004822,35737.97,101778.0,2013,299.1,2000,246,Hatchback,Toyota,Altima,Los Angeles,I4,Diesel,M,RWD,False,False,34.6,39.5,64.5,73.2,109.2
SAMPLE00004823,36632.64,29762.0,2013,118.7,3000,438,Coupe,Nissan,Civic,Houston,I6,Hybrid,A,RWD,False,True,40.8,42.4,65.1,69.4,104.6
SAMPLE00004824,44950.54,74098.0,2022,361.3,3000,199,Coupe,BMW,Camry,New York,I4,Hybrid,A,FWD,False,False,36.9,41.4,72.0,79.4,113.2
SAMPLE00004825,23793.39,118746.0,2017,155.5,3000,235,Coupe,BMW,Silverado,New York,I6,Hybrid,M,FWD,False,True,34.9,44.0,56.2,72.5,101.4
SAMPLE00004826,53018.57,71356.0,2018,167.6,2500,313,Sedan,Honda,Camry,Chicago,I4,Gasoline,M,FWD,False,True,38.2,43.1,69.1,78.9,118.4
SAMPLE00004827,24216.16,80493.0,2017,298.4,3000,319,Hatchback,Chevrolet,F-150,Phoenix,I6,Gasoline,M,FWD,False,False,35.6,41.5,66.8,69.0,111.6
SAMPLE00004828,32066.97,115670.0,2013,240.6,3500,219,SUV / Crossover,Toyota,Camry,New York,I4,Gasoline,M,AWD,True,False,35.6,40.2,61.3,77.6,109.2
SAMPLE00004829,42683.98,99190.0,2015,249.8,3000,331,SUV / Crossover,BMW,3 Series,New York,V6,Diesel,M,AWD,False,False,34.0,43.8,72.1,72.0,105.0
SAMPLE00004830,58804.23,61402.0,2014,138.4,2000,370,Coupe,Ford,Camry,Los Angeles,I6,Hybrid,A,FWD,False,True,34.9,38.6,67.9,69.3,111.0
SAMPLE00004831,55670.81,134312.0,2022,341.7,3000,215,Sedan,Honda,Camry,New York,I6,Hybrid,A,AWD,False,True,40.2,42.8,67.0,68.9,105.7
SAMPLE00004832,50504.39,24385.0,2015,285.1,3500,48,SUV / Crossover,Chevrolet,Altima,New York,I4,Hybrid,A,FWD,True,True,37.7,38.8,76.9,84.3,107.9
SAMPLE00004833,23567.53,149327.0,2016,140.6,3000,284,Sedan,Chevrolet,3 Series,Houston,V6,Gasoline,M,FWD,False,True,36.2,41.7,73.7,72.5,117.8
SAMPLE00004834,45087.49,17828.0,2018,212.2,1500,462,Hatchback,Ford,F-150,New York,V6,Hybrid,M,FWD,True,False,41.4,44.3,59.7,77.9,103.9
SAMPLE00004835,19809.56,2242.0,2020,343.1,3500,117,Coupe,Nissan,Civic,Houston,I6,Diesel,M,FWD,True,False,40.2,39.7,63.9,76.2,107.0
SAMPLE00004836,35754.97,133503.0,2022,270.5,2500,81,Truck,Ford,Camry,Phoenix,V6,Diesel,M,FWD,True,True,35.8,38.5,70.2,74.2,113.1
SAMPLE00004837,37743.41,36743.0,2013,132.6,3000,262,Coupe,Nissan,Silverado,Los Angeles,V6,Gasoline,A,FWD,False,True,34.0,40.4,67.7,77.2,114.5
SAMPLE00004838,17189.63,109455.0,2019,211.8,2000,76,Truck,Honda,Altima,New York,I4,Gasoline,A,FWD,False,True,34.7,41.3,64.9,77.5,102.3
SAMPLE00004839,30069.35,121652.0,2014,172.8,3000,210,SUV / Crossover,Ford,Altima,Los Angeles,V6,Gasoline,M,RWD,False,False,39.1,43.1,77.6,82.2,118.7
SAMPLE00004840,67560.72,128848.0,2020,255.2,2000,495,Truck,BMW,Civic,Los Angeles,V6,Hybrid,A,RWD,False,False,38.1,38.2,58.8,74.6,100.5
SAMPLE00004841,67449.79,148739.0,2021,353.0,1500,490,Sedan,Chevrolet,Silverado,Los Angeles,V6,Hybrid,A,AWD,True,False,41.8,38.9,62.8,74.0,101.3
SAMPLE00004842,34377.99,44106.0,2015,230.9,2500,121,Truck,Nissan,Camry,Chicago,V6,Hybrid,M,AWD,False,True,33.1,40.9,64.1,79.5,115.2
SAMPLE00004843,17370.51,106537.0,2014,230.0,3500,324,SUV / Crossover,Ford,Silverado,Houston,I4,Diesel,M,RWD,True,True,40.9,38.7,56.6,74.3,115.4
SAMPLE00004844,24850.22,17310.0,2021,371.6,3500,89,SUV / Crossover,Toyota,Altima,Los Angeles,I4,Diesel,M,RWD,True,True,33.1,44.7,65.8,76.7,113.3
SAMPLE00004845,36571.98,61021.0,2017,272.9,2500,257,Coupe,Ford,Civic,Phoenix,V6,Hybrid,A,RWD,False,False,36.8,41.6,67.1,70.9,110.4
SAMPLE00004846,67127.88,127196.0,2021,269.9,1500,160,SUV / Crossover,Nissan,Silverado,New York,I4,Diesel,A,AWD,False,False,41.2,40.6,61.1,72.8,105.8
SAMPLE00004847,22765.95,55149.0,2020,178.6,1500,175,Sedan,Chevrolet,Silverado,Los Angeles,I6,Diesel,M,FWD,True,True,38.9,44.9,77.1,71.4,116.8
SAMPLE00004848,56993.37,88664.0,2018,282.3,3000,292,Truck,BMW,Civic,Los Angeles,I4,Gasoline,A,AWD,True,True,38.2,42.5,67.3,82.3,114.0
SAMPLE00004849,20977.54,75566.0,2015,272.8,1500,88,Hatchback,Ford,Civic,New York,I4,Hybrid,M,FWD,False,False,35.8,41.6,68.4,81.6,119.4
SAMPLE00004850,68969.17,96893.0,2014,219.1,3000,126,SUV / Crossover,BMW,Civic,Phoenix,I4,Diesel,A,FWD,False,True,41.7,39.7,75.6,74.7,109.1
SAMPLE00004851,35988.91,145934.0,2021,397.2,2000,472,Truck,Toyota,Altima,Los Angeles,I6,Diesel,A,AWD,False,False,34.5,39.8,61.3,75.5,109.4
SAMPLE00004852,57637.9,8360.0,2015,364.6,2500,358,Coupe,Nissan,Civic,Los Angeles,I6,Hybrid,A,FWD,True,True,35.4,40.5,69.6,75.0,115.8
SAMPLE00004853,33842.51,86094.0,2014,324.9,2000,285,Hatchback,Chevrolet,3 Series,Phoenix,I6,Hybrid,M,AWD,True,True,37.1,43.3,65.3,71.3,119.9
SAMPLE00004854,49521.79,129454.0,2014,261.2,2000,296,Coupe,Honda,Camry,Los Angeles,I4,Gasoline,M,RWD,True,True,34.1,43.7,63.5,81.3,117.9
SAMPLE00004855,25560.88,72207.0,2020,238.6,2000,259,Sedan,Chevrolet,Altima,Phoenix,I6,Gasoline,M,RWD,True,False,36.8,39.3,63.7,82.1,105.9
SAMPLE00004856,23031.16,11779.0,2015,155.5,2000,338,Coupe,Nissan,Civic,Los Angeles,I6,Hybrid,A,AWD,False,False,33.4,43.7,55.6,78.4,119.1
SAMPLE00004857,66593.53,84081.0,2020,191.7,3500,474,Truck,Honda,F-150,New York,I4,Diesel,M,AWD,False,True,41.3,40.3,73.9,80.6,104.0
SAMPLE00004858,65470.6,49811.0,2021,332.2,1500,243,Hatchback,Honda,Silverado,Phoenix,V6,Gasoline,A,AWD,False,True,35.9,39.4,68.5,79.1,108.4
SAMPLE00004859,63810.79,23241.0,2016,236.1,2500,110,Coupe,Chevrolet,Civic,New York,I4,Hybrid,A,AWD,False,False,38.7,39.4,76.5,69.7,117.7
SAMPLE00004860,49398.84,127355.0,2018,364.7,2500,422,Coupe,Nissan,Civic,New York,I4,Gasoline,M,FWD,False,False,40.8,41.2,74.4,77.4,106.3
SAMPLE00004861,59454.75,78240.0,2016,144.4,2000,23,Sedan,Honda,Camry,Los Angeles,I4,Diesel,A,RWD,False,True,40.4,43.4,77.7,73.9,107.0
SAMPLE00004862,18797.03,139991.0,2012,252.5,2500,49,Truck,Nissan,Civic,Phoenix,V6,Diesel,A,AWD,True,False,40.9,42.0,55.8,71.7,119.9
SAMPLE00004863,33413.4,120902.0,2013,294.1,3000,36,Coupe,BMW,Altima,Chicago,I4,Hybrid,A,AWD,False,True,39.5,41.3,69.9,79.3,109.0
SAMPLE00004864,32253.67,103946.0,2022,255.1,2500,180,Truck,Toyota,3 Series,New York,I4,Gasoline,A,RWD,True,True,34.7,38.1,77.0,83.1,118.9
SAMPLE00004865,49960.49,754.0,2016,366.8,2000,252,SUV / Crossover,Ford,F-150,New York,V6,Diesel,A,AWD,False,False,36.3,41.9,72.7,85.0,105.5
SAMPLE00004866,34577.68,64174.0,2017,396.9,2500,24,Sedan,Nissan,F-150,New York,I4,Diesel,M,RWD,False,False,37.6,42.7,62.3,77.8,110.0
SAMPLE00004867,23167.87,29623.0,2018,134.8,1500,348,Sedan,Nissan,Civic,Los Angeles,I4,Gasoline,M,RWD,False,False,36.0,38.7,57.6,79.4,107.7
SAMPLE00004868,47805.69,136620.0,2013,139.0,2000,124,Sedan,Honda,Camry,Los Angeles,I4,Hybrid,M,AWD,True,True,41.6,44.7,70.4,79.1,111.3
SAMPLE00004869,59791.12,26188.0,2021,139.1,3500,30,Truck,Nissan,Altima,New York,V6,Gasoline,A,FWD,True,False,40.3,38.6,70.1,79.8,118.0
SAMPLE00004870,36016.79,42909.0,2020,304.4,1500,236,Coupe,Nissan,Altima,Los Angeles,I4,Gasoline,M,AWD,True,True,40.2,42.8,61.7,72.2,119.8
SAMPLE00004871,22274.78,77526.0,2017,211.8,2500,226,Coupe,Honda,Civic,Los Angeles,V6,Gasoline,A,FWD,False,False,36.2,41.7,73.5,70.7,110.0
SAMPLE00004872,25817.85,39505.0,2013,320.0,3500,347,Truck,Chevrolet,Silverado,Los Angeles,V6,Gasoline,A,AWD,True,False,39.8,44.2,69.5,74.9,103.5
SAMPLE00004873,28061.58,31480.0,2013,221.6,1500,37,Truck,Nissan,Altima,Houston,I6,Gasoline,A,FWD,False,True,38.5,40.9,64.5,75.9,101.0
SAMPLE00004874,31494.37,89865.0,2014,288.3,3000,382,SUV / Crossover,BMW,Altima,Phoenix,I4,Diesel,A,RWD,False,True,36.4,41.6,65.7,81.0,103.2
SAMPLE00004875,50353.73,13339.0,2012,331.0,1500,57,Hatchback,Ford,Altima,Los Angeles,I4,Hybrid,M,RWD,False,True,35.8,41.9,60.7,78.6,114.9
SAMPLE00004876,48052.0,8725.0,2020,264.5,3500,235,Hatchback,Nissan,F-150,Houston,I6,Hybrid,A,AWD,True,True,40.1,44.1,67.4,77.4,111.9
SAMPLE00004877,53284.39,55837.0,2021,261.9,3000,180,Sedan,Honda,Altima,Houston,I6,Diesel,M,AWD,True,True,38.4,43.6,66.5,76.5,115.0
SAMPLE00004878,34937.61,108100.0,2022,126.5,2500,113,Coupe,BMW,Silverado,Los Angeles,I4,Hybrid,M,FWD,True,True,33.3,40.0,76.7,71.8,119.1
SAMPLE00004879,60319.87,83221.0,2015,223.2,2000,305,Sedan,Ford,3 Series,Houston,I4,Hybrid,M,FWD,False,False,33.2,44.7,66.7,74.3,114.1
SAMPLE00004880,26224.82,63431.0,2016,263.7,2500,131,Coupe,Chevrolet,F-150,Chicago,I6,Gasoline,M,FWD,True,False,40.6,43.3,72.9,69.9,115.6
SAMPLE00004881,40797.24,84863.0,2018,238.6,2000,347,Coupe,Nissan,F-150,Houston,I4,Hybrid,A,FWD,False,True,33.8,38.1,69.1,69.1,108.5
SAMPLE00004882,59051.63,54818.0,2012,370.2,2000,179,SUV / Crossover,Honda,3 Series,Phoenix,I4,Gasoline,A,FWD,False,True,37.7,39.3,60.2,68.2,110.2
SAMPLE00004883,24908.73,140422.0,2014,372.0,3500,414,Truck,Chevrolet,Silverado,Houston,I4,Hybrid,A,AWD,True,False,38.5,44.0,56.1,69.5,116.5
SAMPLE00004884,21042.47,8236.0,2014,346.6,3000,470,Truck,Nissan,Civic,Los Angeles,I6,Diesel,A,RWD,False,False,41.2,42.5,71.1,78.1,112.8
SAMPLE00004885,63602.62,101009.0,2013,212.6,3000,77,Truck,Chevrolet,Camry,New York,I6,Hybrid,M,FWD,False,True,37.6,39.8,73.5,84.5,110.7
SAMPLE00004886,33861.13,133692.0,2019,315.2,1500,219,Hatchback,Honda,Silverado,Chicago,V6,Diesel,A,RWD,False,True,34.7,39.2,75.1,68.5,104.4
SAMPLE00004887,52612.86,120583.0,2016,218.6,2500,141,Truck,BMW,3 Series,Houston,V6,Gasoline,A,RWD,True,False,35.3,39.0,70.7,81.3,112.1
SAMPLE00004888,16394.17,27606.0,2012,169.8,3500,384,Hatchback,BMW,Altima,Chicago,I4,Gasoline,A,AWD,False,True,33.4,40.2,65.0,79.3,105.8
SAMPLE00004889,52952.58,44389.0,2013,202.9,2500,42,Sedan,Chevrolet,Altima,Phoenix,I4,Gasoline,A,FWD,False,False,35.0,44.3,66.3,82.6,111.8
SAMPLE00004890,32385.57,107557.0,2012,121.3,1500,479,Hatchback,Chevrolet,3 Series,Houston,V6,Gasoline,M,FWD,True,True,40.3,40.5,72.5,84.1,109.3
SAMPLE00004891,18065.75,12641.0,2017,199.5,1500,117,Coupe,Nissan,Altima,Houston,V6,Diesel,A,FWD,True,True,39.8,42.6,59.1,81.8,102.0
SAMPLE00004892,48539.7,121779.0,2020,238.2,3500,58,SUV / Crossover,Toyota,3 Series,Chicago,V6,Hybrid,A,FWD,False,False,33.7,38.8,65.4,81.6,117.1
SAMPLE00004893,28244.21,107836.0,2022,386.6,1500,60,SUV / Crossover,Ford,F-150,Houston,I4,Gasoline,M,AWD,True,True,37.3,41.7,56.2,69.5,111.6
SAMPLE00004894,36274.4,109441.0,2018,194.0,3500,40,Coupe,Nissan,Civic,Houston,I4,Gasoline,A,AWD,True,False,35.7,40.4,57.4,74.1,118.1
SAMPLE00004895,19431.94,15036.0,2016,370.7,1500,273,Sedan,Chevrolet,F-150,New York,V6,Gasoline,A,FWD,False,False,38.8,39.1,60.3,78.5,118.5
SAMPLE00004896,23093.98,107664.0,2014,168.7,3000,187,SUV / Crossover,Chevrolet,F-150,Chicago,I6,Diesel,A,FWD,False,True,41.7,43.6,69.5,68.3,110.4
SAMPLE00004897,31388.75,101973.0,2019,157.3,3500,452,Coupe,Ford,F-150,Los Angeles,V6,Diesel,A,RWD,False,True,38.7,43.7,76.2,76.1,113.6
SAMPLE00004898,19936.77,124638.0,2021,255.7,3000,489,SUV / Crossover,Honda,3 Series,Los Angeles,I6,Diesel,M,RWD,True,False,39.7,40.1,63.4,68.1,117.9
SAMPLE00004899,65095.44,6239.0,2015,301.8,3000,334,Hatchback,BMW,Silverado,Phoenix,I6,Hybrid,M,FWD,True,False,36.6,42.6,66.5,80.6,113.6
SAMPLE00004900,15332.59,3467.0,2020,113.3,3500,186,SUV / Crossover,Honda,Camry,New York,I4,Hybrid,A,FWD,False,False,33.3,40.8,68.1,72.5,104.9
SAMPLE00004901,41612.31,55951.0,2016,166.3,2500,425,Hatchback,Ford,Camry,Chicago,I6,Gasoline,A,RWD,False,False,36.8,38.3,61.5,80.8,105.2
SAMPLE00004902,21778.61,22318.0,2017,236.7,2000,463,Hatchback,Ford,Civic,Chicago,I6,Diesel,M,RWD,True,True,37.6,41.0,70.9,76.2,108.4
SAMPLE00004903,31922.35,83758.0,2016,199.3,1500,227,SUV / Crossover,Toyota,Civic,New York,V6,Hybrid,A,FWD,False,True,37.4,42.0,59.9,69.8,100.8
SAMPLE00004904,65933.28,137602.0,2021,313.8,1500,163,SUV / Crossover,Nissan,3 Series,New York,V6,Hybrid,A,RWD,False,False,35.1,40.1,59.4,83.6,107.4
SAMPLE00004905,23893.2,58722.0,2022,253.3,2500,423,Hatchback,Nissan,Camry,Phoenix,I6,Diesel,A,AWD,True,False,37.3,44.6,59.7,79.9,102.9
SAMPLE00004906,68120.78,126743.0,2018,148.1,2000,285,SUV / Crossover,Nissan,Silverado,Los Angeles,V6,Hybrid,M,RWD,True,False,39.5,41.9,66.0,80.3,116.5
SAMPLE00004907,26318.69,36.0,2018,368.3,2500,101,Sedan,Nissan,3 Series,Chicago,V6,Diesel,M,FWD,False,False,35.8,40.6,60.8,71.9,115.6
SAMPLE00004908,55786.14,25277.0,2012,187.9,2000,470,Truck,Toyota,Civic,New York,V6,Diesel,M,AWD,False,False,38.7,43.1,65.0,70.1,103.5
SAMPLE00004909,45067.25,4564.0,2013,319.3,3500,266,Truck,BMW,3 Series,Chicago,V6,Diesel,M,AWD,False,False,34.4,40.4,63.7,84.2,105.7
SAMPLE00004910,63646.33,49222.0,2018,334.0,3500,123,Coupe,Nissan,Civic,Los Angeles,I6,Gasoline,M,RWD,True,False,35.5,38.2,74.1,73.9,111.4
SAMPLE00004911,45469.63,136228.0,2019,388.9,3000,152,Truck,Chevrolet,Camry,Chicago,I6,Hybrid,M,FWD,False,False,41.0,38.1,60.0,72.0,105.0
SAMPLE00004912,44400.76,14543.0,2015,249.6,3000,428,Sedan,Ford,3 Series,Chicago,I6,Gasoline,A,RWD,False,True,38.6,40.1,62.0,82.9,101.1
SAMPLE00004913,25750.19,90961.0,2017,284.8,3500,178,Truck,Toyota,F-150,New York,I6,Diesel,A,RWD,True,True,33.8,39.1,76.9,75.9,115.3
SAMPLE00004914,24142.61,67724.0,2022,200.5,3000,426,Truck,Honda,Altima,New York,I6,Hybrid,M,RWD,True,False,35.4,40.5,60.6,79.1,101.8
SAMPLE00004915,65406.9,140770.0,2021,303.5,3500,65,Sedan,Nissan,Civic,New York,I4,Hybrid,M,AWD,True,False,41.9,43.4,73.3,72.5,113.6
SAMPLE00004916,33031.1,18378.0,2014,239.0,2500,98,Hatchback,Toyota,F-150,Los Angeles,V6,Gasoline,A,RWD,True,True,35.4,40.2,58.3,84.5,103.0
SAMPLE00004917,35464.52,31804.0,2018,231.3,1500,430,Truck,Honda,Civic,Houston,I4,Gasoline,M,RWD,True,False,38.2,41.9,68.5,76.1,100.2
SAMPLE00004918,56790.3,4431.0,2022,356.6,3500,23,Coupe,Toyota,F-150,Los Angeles,I6,Hybrid,M,RWD,False,False,38.0,44.4,57.1,75.2,111.2
SAMPLE00004919,33635.29,65090.0,2014,115.1,3500,332,Truck,Honda,Camry,New York,V6,Gasoline,M,RWD,True,False,36.6,42.9,64.4,69.1,105.7
SAMPLE00004920,67363.43,41675.0,2022,364.6,3500,248,Truck,Toyota,Camry,Phoenix,I6,Gasoline,A,FWD,False,False,33.3,41.9,77.0,80.0,102.6
SAMPLE00004921,55586.03,130486.0,2018,355.6,3000,489,Sedan,Toyota,Silverado,Chicago,I4,Diesel,M,FWD,True,True,35.6,44.1,69.8,77.2,113.7
SAMPLE00004922,47858.61,90741.0,2022,251.9,3000,164,Sedan,Nissan,Silverado,Chicago,I6,Hybrid,A,FWD,False,False,41.6,40.3,59.8,84.4,112.9
SAMPLE00004923,63449.23,92114.0,2022,247.1,3000,383,Coupe,BMW,Silverado,Chicago,V6,Diesel,A,AWD,True,True,33.2,39.4,73.6,70.2,108.2
SAMPLE00004924,17728.32,79787.0,2019,208.5,3000,439,SUV / Crossover,Chevrolet,3 Series,Chicago,I6,Diesel,A,FWD,True,True,39.4,43.2,70.1,74.6,101.8
SAMPLE00004925,29138.45,13778.0,2014,398.3,2500,93,Sedan,Ford,Civic,Phoenix,I6,Hybrid,A,RWD,True,True,41.0,38.4,76.3,72.3,109.3
SAMPLE00004926,40577.0,66753.0,2013,133.4,3500,458,SUV / Crossover,Chevrolet,3 Series,New York,V6,Hybrid,A,RWD,False,True,39.9,41.0,60.3,79.3,102.1
SAMPLE00004927,27483.82,149926.0,2017,277.1,2500,342,Coupe,BMW,Silverado,Houston,I4,Diesel,A,FWD,False,True,35.9,40.0,57.8,69.2,119.9
SAMPLE00004928,55914.79,125284.0,2015,304.5,3000,123,Truck,Nissan,Civic,Chicago,I4,Hybrid,M,AWD,True,True,37.7,44.8,69.6,84.9,104.7
SAMPLE00004929,65556.44,134019.0,2019,380.3,2500,301,Truck,Honda,3 Series,Houston,V6,Diesel,M,AWD,False,True,40.8,40.6,76.0,80.1,100.1
SAMPLE00004930,38307.36,123484.0,2013,334.1,3500,155,SUV / Crossover,Chevrolet,Camry,Los Angeles,V6,Diesel,A,AWD,False,False,41.8,42.6,72.9,74.5,104.4
SAMPLE00004931,33817.29,15456.0,2015,293.2,3500,348,Coupe,Ford,Civic,Los Angeles,I4,Gasoline,M,RWD,False,True,33.9,39.9,64.5,74.3,112.4
SAMPLE00004932,67885.29,34117.0,2013,135.0,3000,248,Coupe,Nissan,Silverado,Chicago,V6,Diesel,M,FWD,True,True,34.1,44.9,64.9,76.2,119.5
SAMPLE00004933,39466.88,468.0,2013,212.1,3500,435,Sedan,Ford,Camry,New York,I4,Hybrid,M,AWD,True,True,41.6,39.3,62.6,79.9,110.5
SAMPLE00004934,41897.66,45527.0,2013,141.7,2500,270,SUV / Crossover,Honda,Civic,Phoenix,I6,Diesel,M,RWD,True,False,40.9,44.3,76.1,78.1,108.9
SAMPLE00004935,34340.74,16291.0,2012,364.4,2000,428,Sedan,Ford,3 Series,Chicago,I4,Diesel,M,AWD,False,False,34.9,41.1,73.7,76.2,119.8
SAMPLE00004936,65025.17,70919.0,2015,324.9,3500,57,SUV / Crossover,BMW,Altima,Los Angeles,V6,Hybrid,M,AWD,False,False,41.7,41.0,61.2,71.3,103.3
SAMPLE00004937,46292.55,101569.0,2013,327.3,2500,194,Sedan,Chevrolet,Altima,Los Angeles,I6,Hybrid,M,FWD,False,False,34.9,42.9,62.4,71.0,104.0
SAMPLE00004938,56919.6,131176.0,2020,295.7,2500,200,Sedan,Ford,Silverado,Houston,V6,Gasoline,A,RWD,True,True,33.8,38.7,72.0,83.6,107.6
SAMPLE00004939,59649.37,112383.0,2020,252.1,2500,71,Coupe,Chevrolet,3 Series,Phoenix,I4,Hybrid,M,AWD,True,True,39.1,41.8,64.8,77.4,115.0
SAMPLE00004940,33801.7,140788.0,2022,145.0,3500,494,Coupe,Toyota,Camry,Chicago,I6,Diesel,M,RWD,False,False,37.9,39.5,69.0,77.9,106.1
SAMPLE00004941,38853.19,8085.0,2022,198.9,2000,246,Truck,Chevrolet,Camry,New York,I4,Hybrid,A,AWD,True,False,35.2,39.1,58.6,75.4,109.4
SAMPLE00004942,61665.95,1827.0,2018,141.1,3000,480,Truck,Honda,Camry,Houston,I6,Hybrid,A,FWD,False,False,41.4,44.1,74.0,80.0,118.8
SAMPLE00004943,34979.04,99201.0,2017,317.5,3000,97,Coupe,BMW,Civic,Phoenix,V6,Gasoline,A,AWD,True,False,36.6,45.0,67.8,81.6,117.5
SAMPLE00004944,58666.43,43403.0,2014,148.1,3500,328,Coupe,Nissan,Silverado,Houston,I4,Diesel,M,FWD,False,False,36.6,44.8,74.0,75.0,118.9
SAMPLE00004945,66754.58,38025.0,2018,310.6,3500,80,Sedan,Ford,Altima,New York,I6,Gasoline,A,AWD,True,True,38.7,43.7,71.4,68.9,103.3
SAMPLE00004946,49276.57,49633.0,2012,307.7,1500,424,Truck,Nissan,Camry,Los Angeles,I6,Gasoline,A,FWD,False,False,35.1,44.4,64.9,72.3,109.6
SAMPLE00004947,55789.5,40469.0,2020,237.8,2000,64,Coupe,BMW,3 Series,Chicago,I6,Diesel,A,AWD,True,True,38.3,44.5,70.7,82.0,114.3
SAMPLE00004948,59280.35,76715.0,2015,140.6,2500,423,SUV / Crossover,Chevrolet,Silverado,Chicago,I4,Hybrid,A,AWD,False,True,36.3,39.2,56.4,77.5,114.7
SAMPLE00004949,61477.18,66022.0,2017,194.4,2500,4,SUV / Crossover,Ford,Altima,New York,V6,Diesel,M,AWD,True,True,39.3,38.6,65.0,83.0,111.0
SAMPLE00004950,36727.93,76864.0,2017,196.0,3000,477,Truck,BMW,3 Series,Chicago,V6,Gasoline,M,RWD,False,False,35.2,38.9,65.0,74.5,116.4
SAMPLE00004951,17819.49,100907.0,2022,310.1,3500,458,SUV / Crossover,Honda,3 Series,Chicago,I6,Gasoline,M,RWD,False,False,34.7,39.1,64.7,73.4,100.9
SAMPLE00004952,37103.19,58070.0,2014,134.1,2000,283,Sedan,Toyota,Camry,Houston,V6,Diesel,A,AWD,False,True,35.2,43.8,57.7,68.0,103.9
SAMPLE00004953,52056.59,37696.0,2015,348.7,3000,293,Truck,Toyota,Silverado,New York,I4,Gasoline,M,RWD,True,False,41.4,44.6,66.2,71.1,106.6
SAMPLE00004954,39769.27,24930.0,2022,328.3,2000,80,Coupe,Honda,F-150,Houston,V6,Hybrid,M,RWD,True,False,40.6,40.5,72.5,73.7,114.6
SAMPLE00004955,56192.97,52421.0,2021,155.9,3500,497,SUV / Crossover,Nissan,Civic,Chicago,V6,Hybrid,M,AWD,True,False,40.5,38.2,62.4,69.4,118.0
SAMPLE00004956,34634.03,111271.0,2014,315.7,2500,86,Sedan,Toyota,F-150,Phoenix,I4,Diesel,M,AWD,False,False,40.0,40.2,73.8,78.3,110.6
SAMPLE00004957,49910.93,113506.0,2017,300.6,1500,401,Coupe,Honda,Civic,Phoenix,I4,Diesel,M,AWD,False,False,38.7,42.9,68.5,84.8,114.2
SAMPLE00004958,25253.09,100036.0,2012,324.4,2000,292,Hatchback,Chevrolet,Silverado,Houston,V6,Hybrid,M,RWD,True,False,33.9,44.6,71.7,69.0,111.9
SAMPLE00004959,56215.32,35104.0,2019,156.7,2500,410,Sedan,Nissan,Altima,Los Angeles,V6,Diesel,M,RWD,False,True,35.9,41.1,75.6,74.7,118.5
SAMPLE00004960,45013.28,88213.0,2019,147.3,2000,280,SUV / Crossover,Nissan,Camry,Los Angeles,V6,Hybrid,A,RWD,True,False,38.1,40.4,66.1,74.8,118.0
SAMPLE00004961,26223.54,85603.0,2020,170.9,2000,196,Sedan,Honda,Silverado,New York,I6,Hybrid,A,AWD,False,False,34.0,42.6,74.4,69.2,116.2
SAMPLE00004962,31055.11,72640.0,2017,209.8,2000,251,Hatchback,Toyota,F-150,Phoenix,I4,Hybrid,M,RWD,False,True,33.3,39.5,58.2,71.2,105.6
SAMPLE00004963,56173.48,82497.0,2012,338.1,3500,82,Hatchback,Chevrolet,3 Series,Phoenix,I6,Hybrid,M,RWD,True,True,33.8,43.4,72.9,75.7,107.5
SAMPLE00004964,41543.07,73769.0,2014,321.4,3000,26,Sedan,Nissan,Civic,Houston,I6,Diesel,A,FWD,False,True,34.0,40.9,74.2,84.2,108.3
SAMPLE00004965,26881.73,84818.0,2012,377.6,2000,332,Coupe,Honda,Civic,Chicago,I6,Hybrid,M,FWD,False,False,34.0,44.8,75.8,77.7,100.1
SAMPLE00004966,68199.92,107326.0,2016,117.6,3500,181,Coupe,Honda,F-150,New York,I6,Hybrid,M,AWD,False,False,34.7,44.5,56.9,69.7,104.6
SAMPLE00004967,54331.88,16444.0,2014,103.5,1500,134,Hatchback,Nissan,Camry,Houston,V6,Gasoline,M,AWD,False,False,37.5,42.7,57.7,80.6,114.3
SAMPLE00004968,67642.42,112444.0,2013,309.7,3000,89,Truck,Nissan,Silverado,Los Angeles,I4,Gasoline,A,RWD,False,False,35.6,42.5,55.5,82.6,110.9
SAMPLE00004969,38490.78,20383.0,2014,183.8,3500,205,Truck,Chevrolet,F-150,Chicago,V6,Gasoline,A,FWD,False,True,40.7,38.9,66.6,81.7,119.2
SAMPLE00004970,41130.52,9994.0,2020,200.2,1500,26,Coupe,Nissan,Silverado,New York,I4,Gasoline,A,FWD,False,False,40.9,40.0,59.4,81.9,100.6
SAMPLE00004971,64387.54,146412.0,2022,264.0,3000,377,Truck,Ford,Camry,Chicago,I6,Diesel,M,AWD,True,True,41.3,44.0,68.1,81.8,107.6
SAMPLE00004972,43877.71,143549.0,2019,130.7,3500,58,Coupe,Toyota,3 Series,Los Angeles,I4,Gasoline,A,RWD,True,False,37.2,40.5,75.5,71.8,114.1
SAMPLE00004973,53900.34,9065.0,2014,292.8,1500,71,SUV / Crossover,Nissan,Silverado,Houston,I4,Gasoline,M,AWD,False,True,40.0,41.0,62.5,78.1,102.7
SAMPLE00004974,28869.51,66488.0,2022,197.5,3500,414,Coupe,Ford,Camry,Houston,I4,Gasoline,A,RWD,False,False,38.3,43.9,55.1,70.8,110.0
SAMPLE00004975,39569.96,27937.0,2013,289.8,1500,226,SUV / Crossover,Chevrolet,F-150,Phoenix,I4,Diesel,A,FWD,False,False,34.3,41.0,75.5,73.6,100.3
SAMPLE00004976,21789.74,72802.0,2016,350.2,2000,90,Hatchback,Chevrolet,Altima,Houston,V6,Hybrid,A,RWD,False,False,38.7,44.0,69.3,75.1,103.6
SAMPLE00004977,26328.9,124527.0,2012,151.3,2000,67,Truck,BMW,3 Series,Phoenix,I6,Gasoline,A,FWD,True,False,40.5,38.5,59.6,75.3,118.8
SAMPLE00004978,15051.89,142592.0,2015,379.3,3000,361,Hatchback,BMW,3 Series,Houston,V6,Hybrid,A,FWD,False,False,36.1,42.8,70.9,75.4,112.0
SAMPLE00004979,17159.58,95138.0,2019,259.2,1500,259,Sedan,Chevrolet,3 Series,New York,I6,Gasoline,M,FWD,True,False,39.7,38.4,69.6,81.3,115.2
SAMPLE00004980,68750.61,53086.0,2012,376.9,2000,145,Sedan,BMW,Civic,Los Angeles,V6,Diesel,M,AWD,True,True,40.0,43.5,63.7,78.5,102.0
SAMPLE00004981,28329.45,90499.0,2016,162.3,3000,62,Hatchback,Honda,Altima,Chicago,V6,Diesel,M,AWD,False,True,38.8,41.9,59.9,78.9,104.7
SAMPLE00004982,51482.09,46800.0,2015,281.4,2500,342,Coupe,Ford,Camry,Los Angeles,V6,Diesel,M,AWD,True,True,40.9,41.9,77.8,81.1,103.8
SAMPLE00004983,61150.48,136474.0,2017,221.2,2000,479,Coupe,Chevrolet,Silverado,Los Angeles,I4,Hybrid,M,RWD,False,True,34.3,40.6,69.8,71.5,105.5
SAMPLE00004984,45286.33,130560.0,2018,332.3,2000,459,Truck,Honda,F-150,Phoenix,I4,Diesel,A,AWD,True,False,40.6,44.3,55.0,75.9,105.2
SAMPLE00004985,23422.95,83735.0,2020,281.8,3500,179,Hatchback,Toyota,3 Series,Phoenix,I4,Hybrid,A,FWD,True,True,38.5,41.6,57.9,82.5,111.3
SAMPLE00004986,55046.4,48720.0,2012,248.4,2500,467,Sedan,Toyota,3 Series,New York,I4,Diesel,M,AWD,False,False,40.7,39.8,60.7,80.0,114.1
SAMPLE00004987,48013.83,44008.0,2022,373.9,1500,110,Hatchback,BMW,3 Series,Chicago,V6,Gasoline,M,FWD,True,False,37.8,43.8,73.7,83.0,111.0
SAMPLE00004988,55218.78,5013.0,2021,213.1,3000,190,Hatchback,BMW,Camry,Houston,V6,Gasoline,M,AWD,True,True,36.0,44.6,65.9,75.7,106.0
SAMPLE00004989,57336.06,122373.0,2015,166.0,2500,428,Truck,Honda,F-150,Houston,I6,Gasoline,M,RWD,False,False,41.1,39.7,56.4,81.0,113.9
SAMPLE00004990,68647.57,67557.0,2017,282.4,1500,395,Coupe,Toyota,Camry,Los Angeles,I4,Gasoline,A,RWD,True,True,40.9,42.2,61.1,72.5,111.0
SAMPLE00004991,46545.98,48770.0,2021,287.2,2000,391,Sedan,Nissan,F-150,New York,I4,Hybrid,A,FWD,True,True,35.4,42.1,77.6,82.8,112.8
SAMPLE00004992,33790.26,70667.0,2018,231.7,3000,245,Truck,Chevrolet,Silverado,Chicago,I4,Diesel,M,AWD,False,False,39.7,42.3,72.7,73.0,104.2
SAMPLE00004993,50665.55,122811.0,2018,246.0,3000,277,Sedan,Nissan,Civic,Houston,I4,Hybrid,M,AWD,True,True,33.8,41.9,55.1,73.8,119.2
SAMPLE00004994,18764.24,18692.0,2019,387.9,2500,346,Sedan,Ford,F-150,Los Angeles,I4,Hybrid,A,FWD,False,True,33.8,38.7,74.3,80.2,106.6
SAMPLE00004995,64356.85,128648.0,2021,319.8,3500,424,Coupe,BMW,Altima,New York,I4,Gasoline,A,RWD,False,False,37.6,40.9,59.4,80.7,107.4
SAMPLE00004996,21565.96,134626.0,2019,133.2,1500,371,Coupe,Honda,Camry,Chicago,V6,Diesel,M,AWD,False,True,33.3,44.9,62.6,68.9,110.8
SAMPLE00004997,33031.36,142006.0,2019,163.6,2500,296,Truck,Nissan,Camry,Los Angeles,I4,Hybrid,A,AWD,True,False,36.9,38.6,57.7,70.6,101.0
SAMPLE00004998,59866.0,59623.0,2019,392.7,3500,336,SUV / Crossover,BMW,Camry,Los Angeles,I4,Hybrid,M,AWD,False,False,40.1,42.7,55.2,72.2,103.8
SAMPLE00004999,47852.18,32571.0,2019,317.9,3500,122,Truck,Honda,Civic,New York,V6,Hybrid,A,RWD,True,True,41.0,44.3,66.6,85.0,116.3
